relation,cluster,component,fact_type,kind,namespace,name,status,assurance,provider_components,reason,source,object,path
needs,hx-app-dev,hx-app-dev/argo-cd,api-kind,ApplicationSet,,argoproj.io/ApplicationSet,resolved-rendered,,hx-app-dev/argo-cd,custom resource argoproj.io/ApplicationSet requires its CRD,data/kubara-effective-renders/current-platform/hx-app-dev/argo-cd.yaml,argoproj.io/v1alpha1|ApplicationSet|argocd|metallb,apiVersion
needs,hx-app-dev,hx-app-dev/argo-cd,api-kind,ApplicationSet,,argoproj.io/ApplicationSet,resolved-rendered,,hx-app-dev/argo-cd,custom resource argoproj.io/ApplicationSet requires its CRD,data/kubara-effective-renders/current-platform/hx-app-dev/argo-cd.yaml,argoproj.io/v1alpha1|ApplicationSet|argocd|kyverno,apiVersion
needs,hx-app-dev,hx-app-dev/argo-cd,api-kind,ApplicationSet,,argoproj.io/ApplicationSet,resolved-rendered,,hx-app-dev/argo-cd,custom resource argoproj.io/ApplicationSet requires its CRD,data/kubara-effective-renders/current-platform/hx-app-dev/argo-cd.yaml,argoproj.io/v1alpha1|ApplicationSet|argocd|external-secrets,apiVersion
needs,hx-app-dev,hx-app-dev/argo-cd,api-kind,ApplicationSet,,argoproj.io/ApplicationSet,resolved-rendered,,hx-app-dev/argo-cd,custom resource argoproj.io/ApplicationSet requires its CRD,data/kubara-effective-renders/current-platform/hx-app-dev/argo-cd.yaml,argoproj.io/v1alpha1|ApplicationSet|argocd|reloader,apiVersion
needs,hx-app-dev,hx-app-dev/argo-cd,api-kind,ApplicationSet,,argoproj.io/ApplicationSet,resolved-rendered,,hx-app-dev/argo-cd,custom resource argoproj.io/ApplicationSet requires its CRD,data/kubara-effective-renders/current-platform/hx-app-dev/argo-cd.yaml,argoproj.io/v1alpha1|ApplicationSet|argocd|loki,apiVersion
needs,hx-app-dev,hx-app-dev/argo-cd,api-kind,ApplicationSet,,argoproj.io/ApplicationSet,resolved-rendered,,hx-app-dev/argo-cd,custom resource argoproj.io/ApplicationSet requires its CRD,data/kubara-effective-renders/current-platform/hx-app-dev/argo-cd.yaml,argoproj.io/v1alpha1|ApplicationSet|argocd|argocd,apiVersion
needs,hx-app-dev,hx-app-dev/argo-cd,api-kind,ApplicationSet,,argoproj.io/ApplicationSet,resolved-rendered,,hx-app-dev/argo-cd,custom resource argoproj.io/ApplicationSet requires its CRD,data/kubara-effective-renders/current-platform/hx-app-dev/argo-cd.yaml,argoproj.io/v1alpha1|ApplicationSet|argocd|traefik,apiVersion
needs,hx-app-dev,hx-app-dev/argo-cd,api-kind,ApplicationSet,,argoproj.io/ApplicationSet,resolved-rendered,,hx-app-dev/argo-cd,custom resource argoproj.io/ApplicationSet requires its CRD,data/kubara-effective-renders/current-platform/hx-app-dev/argo-cd.yaml,argoproj.io/v1alpha1|ApplicationSet|argocd|external-dns,apiVersion
needs,hx-app-dev,hx-app-dev/argo-cd,api-kind,ApplicationSet,,argoproj.io/ApplicationSet,resolved-rendered,,hx-app-dev/argo-cd,custom resource argoproj.io/ApplicationSet requires its CRD,data/kubara-effective-renders/current-platform/hx-app-dev/argo-cd.yaml,argoproj.io/v1alpha1|ApplicationSet|argocd|longhorn,apiVersion
needs,hx-app-dev,hx-app-dev/argo-cd,api-kind,ApplicationSet,,argoproj.io/ApplicationSet,resolved-rendered,,hx-app-dev/argo-cd,custom resource argoproj.io/ApplicationSet requires its CRD,data/kubara-effective-renders/current-platform/hx-app-dev/argo-cd.yaml,argoproj.io/v1alpha1|ApplicationSet|argocd|homer-dashboard,apiVersion
needs,hx-app-dev,hx-app-dev/argo-cd,api-kind,ApplicationSet,,argoproj.io/ApplicationSet,resolved-rendered,,hx-app-dev/argo-cd,custom resource argoproj.io/ApplicationSet requires its CRD,data/kubara-effective-renders/current-platform/hx-app-dev/argo-cd.yaml,argoproj.io/v1alpha1|ApplicationSet|argocd|oauth2-proxy,apiVersion
needs,hx-app-dev,hx-app-dev/argo-cd,api-kind,ApplicationSet,,argoproj.io/ApplicationSet,resolved-rendered,,hx-app-dev/argo-cd,custom resource argoproj.io/ApplicationSet requires its CRD,data/kubara-effective-renders/current-platform/hx-app-dev/argo-cd.yaml,argoproj.io/v1alpha1|ApplicationSet|argocd|metrics-server,apiVersion
needs,hx-app-dev,hx-app-dev/argo-cd,api-kind,ApplicationSet,,argoproj.io/ApplicationSet,resolved-rendered,,hx-app-dev/argo-cd,custom resource argoproj.io/ApplicationSet requires its CRD,data/kubara-effective-renders/current-platform/hx-app-dev/argo-cd.yaml,argoproj.io/v1alpha1|ApplicationSet|argocd|velero,apiVersion
needs,hx-app-dev,hx-app-dev/argo-cd,api-kind,ApplicationSet,,argoproj.io/ApplicationSet,resolved-rendered,,hx-app-dev/argo-cd,custom resource argoproj.io/ApplicationSet requires its CRD,data/kubara-effective-renders/current-platform/hx-app-dev/argo-cd.yaml,argoproj.io/v1alpha1|ApplicationSet|argocd|kyverno-policy-reporter,apiVersion
needs,hx-app-dev,hx-app-dev/argo-cd,api-kind,ApplicationSet,,argoproj.io/ApplicationSet,resolved-rendered,,hx-app-dev/argo-cd,custom resource argoproj.io/ApplicationSet requires its CRD,data/kubara-effective-renders/current-platform/hx-app-dev/argo-cd.yaml,argoproj.io/v1alpha1|ApplicationSet|argocd|cert-manager,apiVersion
needs,hx-app-dev,hx-app-dev/argo-cd,api-kind,ApplicationSet,,argoproj.io/ApplicationSet,resolved-rendered,,hx-app-dev/argo-cd,custom resource argoproj.io/ApplicationSet requires its CRD,data/kubara-effective-renders/current-platform/hx-app-dev/argo-cd.yaml,argoproj.io/v1alpha1|ApplicationSet|argocd|kube-prometheus-stack,apiVersion
needs,hx-app-dev,hx-app-dev/argo-cd,api-kind,ApplicationSet,,argoproj.io/ApplicationSet,resolved-rendered,,hx-app-dev/argo-cd,custom resource argoproj.io/ApplicationSet requires its CRD,data/kubara-effective-renders/current-platform/hx-app-dev/argo-cd.yaml,argoproj.io/v1alpha1|ApplicationSet|argocd|kyverno-policies,apiVersion
needs,hx-app-dev,hx-app-dev/argo-cd,api-kind,AppProject,,argoproj.io/AppProject,resolved-rendered,,hx-app-dev/argo-cd,custom resource argoproj.io/AppProject requires its CRD,data/kubara-effective-renders/current-platform/hx-app-dev/argo-cd.yaml,argoproj.io/v1alpha1|AppProject|argocd|hx-app-dev-dev,apiVersion
needs,hx-app-dev,hx-app-dev/argo-cd,api-kind,AppProject,,argoproj.io/AppProject,resolved-rendered,,hx-app-dev/argo-cd,custom resource argoproj.io/AppProject requires its CRD,data/kubara-effective-renders/current-platform/hx-app-dev/argo-cd.yaml,argoproj.io/v1alpha1|AppProject|argocd|default,apiVersion
needs,hx-app-dev,hx-app-dev/argo-cd,api-kind,ClusterExternalSecret,,external-secrets.io/ClusterExternalSecret,resolved-rendered,,hx-app-dev/external-secrets,custom resource external-secrets.io/ClusterExternalSecret requires its CRD,data/kubara-effective-renders/current-platform/hx-app-dev/argo-cd.yaml,external-secrets.io/v1|ClusterExternalSecret||image-pull-secret-ces,apiVersion
needs,hx-app-dev,hx-app-dev/argo-cd,api-kind,ExternalSecret,,external-secrets.io/ExternalSecret,resolved-rendered,,hx-app-dev/external-secrets,custom resource external-secrets.io/ExternalSecret requires its CRD,data/kubara-effective-renders/current-platform/hx-app-dev/argo-cd.yaml,external-secrets.io/v1|ExternalSecret|argocd|hx-app-prod-b-es,apiVersion
needs,hx-app-dev,hx-app-dev/argo-cd,api-kind,ExternalSecret,,external-secrets.io/ExternalSecret,resolved-rendered,,hx-app-dev/external-secrets,custom resource external-secrets.io/ExternalSecret requires its CRD,data/kubara-effective-renders/current-platform/hx-app-dev/argo-cd.yaml,external-secrets.io/v1|ExternalSecret|argocd|hx-app-staging-es,apiVersion
needs,hx-app-dev,hx-app-dev/argo-cd,api-kind,ExternalSecret,,external-secrets.io/ExternalSecret,resolved-rendered,,hx-app-dev/external-secrets,custom resource external-secrets.io/ExternalSecret requires its CRD,data/kubara-effective-renders/current-platform/hx-app-dev/argo-cd.yaml,external-secrets.io/v1|ExternalSecret|argocd|hx-app-prod-a-es,apiVersion
needs,hx-app-dev,hx-app-dev/argo-cd,api-kind,ServiceMonitor,,monitoring.coreos.com/ServiceMonitor,resolved-rendered,,hx-app-dev/kube-prometheus-stack,custom resource monitoring.coreos.com/ServiceMonitor requires its CRD,data/kubara-effective-renders/current-platform/hx-app-dev/argo-cd.yaml,monitoring.coreos.com/v1|ServiceMonitor|argocd|argo-cd-argocd-application-controller,apiVersion
needs,hx-app-dev,hx-app-dev/argo-cd,argo-cluster-selector,ArgoClusterSecret,argocd,"{""matchLabels"":{""longhorn"":""enabled""}}",optional-unprovided,,,ApplicationSet cluster generator has no matching Argo cluster registration in the effective render,data/kubara-effective-renders/current-platform/hx-app-dev/argo-cd.yaml,argoproj.io/v1alpha1|ApplicationSet|argocd|longhorn,spec.generators[0].clusters.selector
needs,hx-app-dev,hx-app-dev/argo-cd,argo-cluster-selector,ArgoClusterSecret,argocd,"{""matchLabels"":{""loki"":""enabled""}}",optional-unprovided,,,ApplicationSet cluster generator has no matching Argo cluster registration in the effective render,data/kubara-effective-renders/current-platform/hx-app-dev/argo-cd.yaml,argoproj.io/v1alpha1|ApplicationSet|argocd|loki,spec.generators[0].clusters.selector
needs,hx-app-dev,hx-app-dev/argo-cd,argo-cluster-selector,ArgoClusterSecret,argocd,"{""matchLabels"":{""kyverno-policies"":""enabled""}}",optional-unprovided,,,ApplicationSet cluster generator has no matching Argo cluster registration in the effective render,data/kubara-effective-renders/current-platform/hx-app-dev/argo-cd.yaml,argoproj.io/v1alpha1|ApplicationSet|argocd|kyverno-policies,spec.generators[0].clusters.selector
needs,hx-app-dev,hx-app-dev/argo-cd,argo-cluster-selector,ArgoClusterSecret,argocd,"{""matchLabels"":{""metallb"":""enabled""}}",optional-unprovided,,,ApplicationSet cluster generator has no matching Argo cluster registration in the effective render,data/kubara-effective-renders/current-platform/hx-app-dev/argo-cd.yaml,argoproj.io/v1alpha1|ApplicationSet|argocd|metallb,spec.generators[0].clusters.selector
needs,hx-app-dev,hx-app-dev/argo-cd,argo-cluster-selector,ArgoClusterSecret,argocd,"{""matchLabels"":{""oauth2-proxy"":""enabled""}}",optional-unprovided,,,ApplicationSet cluster generator has no matching Argo cluster registration in the effective render,data/kubara-effective-renders/current-platform/hx-app-dev/argo-cd.yaml,argoproj.io/v1alpha1|ApplicationSet|argocd|oauth2-proxy,spec.generators[0].clusters.selector
needs,hx-app-dev,hx-app-dev/argo-cd,argo-cluster-selector,ArgoClusterSecret,argocd,"{""matchLabels"":{""velero"":""enabled""}}",optional-unprovided,,,ApplicationSet cluster generator has no matching Argo cluster registration in the effective render,data/kubara-effective-renders/current-platform/hx-app-dev/argo-cd.yaml,argoproj.io/v1alpha1|ApplicationSet|argocd|velero,spec.generators[0].clusters.selector
needs,hx-app-dev,hx-app-dev/argo-cd,argo-cluster-selector,ArgoClusterSecret,argocd,"{""matchLabels"":{""kyverno"":""enabled""}}",optional-unprovided,,,ApplicationSet cluster generator has no matching Argo cluster registration in the effective render,data/kubara-effective-renders/current-platform/hx-app-dev/argo-cd.yaml,argoproj.io/v1alpha1|ApplicationSet|argocd|kyverno,spec.generators[0].clusters.selector
needs,hx-app-dev,hx-app-dev/argo-cd,argo-cluster-selector,ArgoClusterSecret,argocd,"{""matchLabels"":{""reloader"":""enabled""}}",optional-unprovided,,,ApplicationSet cluster generator has no matching Argo cluster registration in the effective render,data/kubara-effective-renders/current-platform/hx-app-dev/argo-cd.yaml,argoproj.io/v1alpha1|ApplicationSet|argocd|reloader,spec.generators[0].clusters.selector
needs,hx-app-dev,hx-app-dev/argo-cd,argo-cluster-selector,ArgoClusterSecret,argocd,"{""matchLabels"":{""external-dns"":""enabled""}}",optional-unprovided,,,ApplicationSet cluster generator has no matching Argo cluster registration in the effective render,data/kubara-effective-renders/current-platform/hx-app-dev/argo-cd.yaml,argoproj.io/v1alpha1|ApplicationSet|argocd|external-dns,spec.generators[0].clusters.selector
needs,hx-app-dev,hx-app-dev/argo-cd,argo-cluster-selector,ArgoClusterSecret,argocd,"{""matchLabels"":{""kyverno-policy-reporter"":""enabled""}}",optional-unprovided,,,ApplicationSet cluster generator has no matching Argo cluster registration in the effective render,data/kubara-effective-renders/current-platform/hx-app-dev/argo-cd.yaml,argoproj.io/v1alpha1|ApplicationSet|argocd|kyverno-policy-reporter,spec.generators[0].clusters.selector
needs,hx-app-dev,hx-app-dev/argo-cd,external-secret,ExternalSecretBackendKey,,hx-app-dev/dev/argocd/hx-app-prod-b-prod#kubeconfig,external,,,remote secret backend input,data/kubara-effective-renders/current-platform/hx-app-dev/argo-cd.yaml,external-secrets.io/v1|ExternalSecret|argocd|hx-app-prod-b-es,spec.data[0].remoteRef
needs,hx-app-dev,hx-app-dev/argo-cd,external-secret,ExternalSecretBackendKey,,hx-app-dev/dev/argocd/hx-app-staging-staging#kubeconfig,external,,,remote secret backend input,data/kubara-effective-renders/current-platform/hx-app-dev/argo-cd.yaml,external-secrets.io/v1|ExternalSecret|argocd|hx-app-staging-es,spec.data[0].remoteRef
needs,hx-app-dev,hx-app-dev/argo-cd,external-secret,ExternalSecretBackendKey,,hx-app-dev/dev/cluster_secrets/docker_config#pull-secret,external,,,remote secret backend input,data/kubara-effective-renders/current-platform/hx-app-dev/argo-cd.yaml,external-secrets.io/v1|ClusterExternalSecret||image-pull-secret-ces,spec.externalSecretSpec.data[0].remoteRef
needs,hx-app-dev,hx-app-dev/argo-cd,external-secret,ExternalSecretBackendKey,,hx-app-dev/dev/argocd/hx-app-prod-a-prod#kubeconfig,external,,,remote secret backend input,data/kubara-effective-renders/current-platform/hx-app-dev/argo-cd.yaml,external-secrets.io/v1|ExternalSecret|argocd|hx-app-prod-a-es,spec.data[0].remoteRef
needs,hx-app-dev,hx-app-dev/argo-cd,git-source,GitSource,,https://github.com/confighub/helm-expt.git@main:examples/kubara/current-platform/generated/platform-components/helm/kube-prometheus-stack,external,,,ApplicationSet source is a Git repository input outside the rendered object set,data/kubara-effective-renders/current-platform/hx-app-dev/argo-cd.yaml,argoproj.io/v1alpha1|ApplicationSet|argocd|kube-prometheus-stack,spec.template.spec.sources[1]
needs,hx-app-dev,hx-app-dev/argo-cd,git-source,GitSource,,https://github.com/confighub/helm-expt.git@main#valuesRepo,external,,,ApplicationSet source is a Git repository input outside the rendered object set,data/kubara-effective-renders/current-platform/hx-app-dev/argo-cd.yaml,argoproj.io/v1alpha1|ApplicationSet|argocd|velero,spec.template.spec.sources[0]
needs,hx-app-dev,hx-app-dev/argo-cd,git-source,GitSource,,https://github.com/confighub/helm-expt.git@main#valuesRepo,external,,,ApplicationSet source is a Git repository input outside the rendered object set,data/kubara-effective-renders/current-platform/hx-app-dev/argo-cd.yaml,argoproj.io/v1alpha1|ApplicationSet|argocd|reloader,spec.template.spec.sources[0]
needs,hx-app-dev,hx-app-dev/argo-cd,git-source,GitSource,,https://github.com/confighub/helm-expt.git@main#valuesRepo,external,,,ApplicationSet source is a Git repository input outside the rendered object set,data/kubara-effective-renders/current-platform/hx-app-dev/argo-cd.yaml,argoproj.io/v1alpha1|ApplicationSet|argocd|argocd,spec.template.spec.sources[0]
needs,hx-app-dev,hx-app-dev/argo-cd,git-source,GitSource,,https://github.com/confighub/helm-expt.git@main#valuesRepo,external,,,ApplicationSet source is a Git repository input outside the rendered object set,data/kubara-effective-renders/current-platform/hx-app-dev/argo-cd.yaml,argoproj.io/v1alpha1|ApplicationSet|argocd|kyverno,spec.template.spec.sources[0]
needs,hx-app-dev,hx-app-dev/argo-cd,git-source,GitSource,,https://github.com/confighub/helm-expt.git@main#valuesRepo,external,,,ApplicationSet source is a Git repository input outside the rendered object set,data/kubara-effective-renders/current-platform/hx-app-dev/argo-cd.yaml,argoproj.io/v1alpha1|ApplicationSet|argocd|external-secrets,spec.template.spec.sources[0]
needs,hx-app-dev,hx-app-dev/argo-cd,git-source,GitSource,,https://github.com/confighub/helm-expt.git@main#valuesRepo,external,,,ApplicationSet source is a Git repository input outside the rendered object set,data/kubara-effective-renders/current-platform/hx-app-dev/argo-cd.yaml,argoproj.io/v1alpha1|ApplicationSet|argocd|metallb,spec.template.spec.sources[0]
needs,hx-app-dev,hx-app-dev/argo-cd,git-source,GitSource,,https://github.com/confighub/helm-expt.git@main#valuesRepo,external,,,ApplicationSet source is a Git repository input outside the rendered object set,data/kubara-effective-renders/current-platform/hx-app-dev/argo-cd.yaml,argoproj.io/v1alpha1|ApplicationSet|argocd|metrics-server,spec.template.spec.sources[0]
needs,hx-app-dev,hx-app-dev/argo-cd,git-source,GitSource,,https://github.com/confighub/helm-expt.git@main#valuesRepo,external,,,ApplicationSet source is a Git repository input outside the rendered object set,data/kubara-effective-renders/current-platform/hx-app-dev/argo-cd.yaml,argoproj.io/v1alpha1|ApplicationSet|argocd|oauth2-proxy,spec.template.spec.sources[0]
needs,hx-app-dev,hx-app-dev/argo-cd,git-source,GitSource,,https://github.com/confighub/helm-expt.git@main#valuesRepo,external,,,ApplicationSet source is a Git repository input outside the rendered object set,data/kubara-effective-renders/current-platform/hx-app-dev/argo-cd.yaml,argoproj.io/v1alpha1|ApplicationSet|argocd|loki,spec.template.spec.sources[0]
needs,hx-app-dev,hx-app-dev/argo-cd,git-source,GitSource,,https://github.com/confighub/helm-expt.git@main#valuesRepo,external,,,ApplicationSet source is a Git repository input outside the rendered object set,data/kubara-effective-renders/current-platform/hx-app-dev/argo-cd.yaml,argoproj.io/v1alpha1|ApplicationSet|argocd|longhorn,spec.template.spec.sources[0]
needs,hx-app-dev,hx-app-dev/argo-cd,git-source,GitSource,,https://github.com/confighub/helm-expt.git@main#valuesRepo,external,,,ApplicationSet source is a Git repository input outside the rendered object set,data/kubara-effective-renders/current-platform/hx-app-dev/argo-cd.yaml,argoproj.io/v1alpha1|ApplicationSet|argocd|external-dns,spec.template.spec.sources[0]
needs,hx-app-dev,hx-app-dev/argo-cd,git-source,GitSource,,https://github.com/confighub/helm-expt.git@main#valuesRepo,external,,,ApplicationSet source is a Git repository input outside the rendered object set,data/kubara-effective-renders/current-platform/hx-app-dev/argo-cd.yaml,argoproj.io/v1alpha1|ApplicationSet|argocd|homer-dashboard,spec.template.spec.sources[0]
needs,hx-app-dev,hx-app-dev/argo-cd,git-source,GitSource,,https://github.com/confighub/helm-expt.git@main#valuesRepo,external,,,ApplicationSet source is a Git repository input outside the rendered object set,data/kubara-effective-renders/current-platform/hx-app-dev/argo-cd.yaml,argoproj.io/v1alpha1|ApplicationSet|argocd|cert-manager,spec.template.spec.sources[0]
needs,hx-app-dev,hx-app-dev/argo-cd,git-source,GitSource,,https://github.com/confighub/helm-expt.git@main#valuesRepo,external,,,ApplicationSet source is a Git repository input outside the rendered object set,data/kubara-effective-renders/current-platform/hx-app-dev/argo-cd.yaml,argoproj.io/v1alpha1|ApplicationSet|argocd|traefik,spec.template.spec.sources[0]
needs,hx-app-dev,hx-app-dev/argo-cd,git-source,GitSource,,https://github.com/confighub/helm-expt.git@main#valuesRepo,external,,,ApplicationSet source is a Git repository input outside the rendered object set,data/kubara-effective-renders/current-platform/hx-app-dev/argo-cd.yaml,argoproj.io/v1alpha1|ApplicationSet|argocd|kyverno-policy-reporter,spec.template.spec.sources[0]
needs,hx-app-dev,hx-app-dev/argo-cd,git-source,GitSource,,https://github.com/confighub/helm-expt.git@main#valuesRepo,external,,,ApplicationSet source is a Git repository input outside the rendered object set,data/kubara-effective-renders/current-platform/hx-app-dev/argo-cd.yaml,argoproj.io/v1alpha1|ApplicationSet|argocd|kube-prometheus-stack,spec.template.spec.sources[0]
needs,hx-app-dev,hx-app-dev/argo-cd,git-source,GitSource,,https://github.com/confighub/helm-expt.git@main#valuesRepo,external,,,ApplicationSet source is a Git repository input outside the rendered object set,data/kubara-effective-renders/current-platform/hx-app-dev/argo-cd.yaml,argoproj.io/v1alpha1|ApplicationSet|argocd|kyverno-policies,spec.template.spec.sources[0]
needs,hx-app-dev,hx-app-dev/argo-cd,git-source,GitSource,,https://github.com/confighub/helm-expt.git@main:examples/kubara/current-platform/generated/platform-components/helm/reloader,external,,,ApplicationSet source is a Git repository input outside the rendered object set,data/kubara-effective-renders/current-platform/hx-app-dev/argo-cd.yaml,argoproj.io/v1alpha1|ApplicationSet|argocd|reloader,spec.template.spec.sources[1]
needs,hx-app-dev,hx-app-dev/argo-cd,git-source,GitSource,,https://github.com/confighub/helm-expt.git@main:examples/kubara/current-platform/generated/platform-components/helm/homer-dashboard,external,,,ApplicationSet source is a Git repository input outside the rendered object set,data/kubara-effective-renders/current-platform/hx-app-dev/argo-cd.yaml,argoproj.io/v1alpha1|ApplicationSet|argocd|homer-dashboard,spec.template.spec.sources[1]
needs,hx-app-dev,hx-app-dev/argo-cd,git-source,GitSource,,https://github.com/confighub/helm-expt.git@main:examples/kubara/current-platform/generated/platform-components/helm/cert-manager,external,,,ApplicationSet source is a Git repository input outside the rendered object set,data/kubara-effective-renders/current-platform/hx-app-dev/argo-cd.yaml,argoproj.io/v1alpha1|ApplicationSet|argocd|cert-manager,spec.template.spec.sources[1]
needs,hx-app-dev,hx-app-dev/argo-cd,git-source,GitSource,,https://github.com/confighub/helm-expt.git@main:examples/kubara/current-platform/generated/platform-components/helm/kyverno,external,,,ApplicationSet source is a Git repository input outside the rendered object set,data/kubara-effective-renders/current-platform/hx-app-dev/argo-cd.yaml,argoproj.io/v1alpha1|ApplicationSet|argocd|kyverno,spec.template.spec.sources[1]
needs,hx-app-dev,hx-app-dev/argo-cd,git-source,GitSource,,https://github.com/confighub/helm-expt.git@main:examples/kubara/current-platform/generated/platform-components/helm/external-dns,external,,,ApplicationSet source is a Git repository input outside the rendered object set,data/kubara-effective-renders/current-platform/hx-app-dev/argo-cd.yaml,argoproj.io/v1alpha1|ApplicationSet|argocd|external-dns,spec.template.spec.sources[1]
needs,hx-app-dev,hx-app-dev/argo-cd,git-source,GitSource,,https://github.com/confighub/helm-expt.git@main:examples/kubara/current-platform/generated/platform-components/helm/metrics-server,external,,,ApplicationSet source is a Git repository input outside the rendered object set,data/kubara-effective-renders/current-platform/hx-app-dev/argo-cd.yaml,argoproj.io/v1alpha1|ApplicationSet|argocd|metrics-server,spec.template.spec.sources[1]
needs,hx-app-dev,hx-app-dev/argo-cd,git-source,GitSource,,https://github.com/confighub/helm-expt.git@main:examples/kubara/current-platform/generated/platform-components/helm/traefik,external,,,ApplicationSet source is a Git repository input outside the rendered object set,data/kubara-effective-renders/current-platform/hx-app-dev/argo-cd.yaml,argoproj.io/v1alpha1|ApplicationSet|argocd|traefik,spec.template.spec.sources[1]
needs,hx-app-dev,hx-app-dev/argo-cd,git-source,GitSource,,https://github.com/confighub/helm-expt.git@main:examples/kubara/current-platform/generated/platform-components/helm/metallb,external,,,ApplicationSet source is a Git repository input outside the rendered object set,data/kubara-effective-renders/current-platform/hx-app-dev/argo-cd.yaml,argoproj.io/v1alpha1|ApplicationSet|argocd|metallb,spec.template.spec.sources[1]
needs,hx-app-dev,hx-app-dev/argo-cd,git-source,GitSource,,https://github.com/confighub/helm-expt.git@main:examples/kubara/current-platform/generated/platform-components/helm/loki,external,,,ApplicationSet source is a Git repository input outside the rendered object set,data/kubara-effective-renders/current-platform/hx-app-dev/argo-cd.yaml,argoproj.io/v1alpha1|ApplicationSet|argocd|loki,spec.template.spec.sources[1]
needs,hx-app-dev,hx-app-dev/argo-cd,git-source,GitSource,,https://github.com/confighub/helm-expt.git@main:examples/kubara/current-platform/generated/platform-components/helm/velero,external,,,ApplicationSet source is a Git repository input outside the rendered object set,data/kubara-effective-renders/current-platform/hx-app-dev/argo-cd.yaml,argoproj.io/v1alpha1|ApplicationSet|argocd|velero,spec.template.spec.sources[1]
needs,hx-app-dev,hx-app-dev/argo-cd,git-source,GitSource,,https://github.com/confighub/helm-expt.git@main:examples/kubara/current-platform/generated/platform-components/helm/oauth2-proxy,external,,,ApplicationSet source is a Git repository input outside the rendered object set,data/kubara-effective-renders/current-platform/hx-app-dev/argo-cd.yaml,argoproj.io/v1alpha1|ApplicationSet|argocd|oauth2-proxy,spec.template.spec.sources[1]
needs,hx-app-dev,hx-app-dev/argo-cd,git-source,GitSource,,https://github.com/confighub/helm-expt.git@main:examples/kubara/current-platform/generated/platform-components/helm/kyverno-policy-reporter,external,,,ApplicationSet source is a Git repository input outside the rendered object set,data/kubara-effective-renders/current-platform/hx-app-dev/argo-cd.yaml,argoproj.io/v1alpha1|ApplicationSet|argocd|kyverno-policy-reporter,spec.template.spec.sources[1]
needs,hx-app-dev,hx-app-dev/argo-cd,git-source,GitSource,,https://github.com/confighub/helm-expt.git@main:examples/kubara/current-platform/generated/platform-components/helm/argo-cd,external,,,ApplicationSet source is a Git repository input outside the rendered object set,data/kubara-effective-renders/current-platform/hx-app-dev/argo-cd.yaml,argoproj.io/v1alpha1|ApplicationSet|argocd|argocd,spec.template.spec.sources[1]
needs,hx-app-dev,hx-app-dev/argo-cd,git-source,GitSource,,https://github.com/confighub/helm-expt.git@main:examples/kubara/current-platform/generated/platform-components/helm/kyverno-policies,external,,,ApplicationSet source is a Git repository input outside the rendered object set,data/kubara-effective-renders/current-platform/hx-app-dev/argo-cd.yaml,argoproj.io/v1alpha1|ApplicationSet|argocd|kyverno-policies,spec.template.spec.sources[1]
needs,hx-app-dev,hx-app-dev/argo-cd,git-source,GitSource,,https://github.com/confighub/helm-expt.git@main:examples/kubara/current-platform/generated/platform-components/helm/longhorn,external,,,ApplicationSet source is a Git repository input outside the rendered object set,data/kubara-effective-renders/current-platform/hx-app-dev/argo-cd.yaml,argoproj.io/v1alpha1|ApplicationSet|argocd|longhorn,spec.template.spec.sources[1]
needs,hx-app-dev,hx-app-dev/argo-cd,git-source,GitSource,,https://github.com/confighub/helm-expt.git@main:examples/kubara/current-platform/generated/platform-components/helm/external-secrets,external,,,ApplicationSet source is a Git repository input outside the rendered object set,data/kubara-effective-renders/current-platform/hx-app-dev/argo-cd.yaml,argoproj.io/v1alpha1|ApplicationSet|argocd|external-secrets,spec.template.spec.sources[1]
needs,hx-app-dev,hx-app-dev/argo-cd,object,AppProject,argocd,hx-app-dev-dev,resolved-rendered,,hx-app-dev/argo-cd,ApplicationSet template references an Argo AppProject,data/kubara-effective-renders/current-platform/hx-app-dev/argo-cd.yaml,argoproj.io/v1alpha1|ApplicationSet|argocd|oauth2-proxy,spec.template.spec.project
needs,hx-app-dev,hx-app-dev/argo-cd,object,AppProject,argocd,hx-app-dev-dev,resolved-rendered,,hx-app-dev/argo-cd,ApplicationSet template references an Argo AppProject,data/kubara-effective-renders/current-platform/hx-app-dev/argo-cd.yaml,argoproj.io/v1alpha1|ApplicationSet|argocd|external-secrets,spec.template.spec.project
needs,hx-app-dev,hx-app-dev/argo-cd,object,AppProject,argocd,hx-app-dev-dev,resolved-rendered,,hx-app-dev/argo-cd,ApplicationSet template references an Argo AppProject,data/kubara-effective-renders/current-platform/hx-app-dev/argo-cd.yaml,argoproj.io/v1alpha1|ApplicationSet|argocd|metallb,spec.template.spec.project
needs,hx-app-dev,hx-app-dev/argo-cd,object,AppProject,argocd,hx-app-dev-dev,resolved-rendered,,hx-app-dev/argo-cd,ApplicationSet template references an Argo AppProject,data/kubara-effective-renders/current-platform/hx-app-dev/argo-cd.yaml,argoproj.io/v1alpha1|ApplicationSet|argocd|traefik,spec.template.spec.project
needs,hx-app-dev,hx-app-dev/argo-cd,object,AppProject,argocd,hx-app-dev-dev,resolved-rendered,,hx-app-dev/argo-cd,ApplicationSet template references an Argo AppProject,data/kubara-effective-renders/current-platform/hx-app-dev/argo-cd.yaml,argoproj.io/v1alpha1|ApplicationSet|argocd|reloader,spec.template.spec.project
needs,hx-app-dev,hx-app-dev/argo-cd,object,AppProject,argocd,hx-app-dev-dev,resolved-rendered,,hx-app-dev/argo-cd,ApplicationSet template references an Argo AppProject,data/kubara-effective-renders/current-platform/hx-app-dev/argo-cd.yaml,argoproj.io/v1alpha1|ApplicationSet|argocd|argocd,spec.template.spec.project
needs,hx-app-dev,hx-app-dev/argo-cd,object,AppProject,argocd,hx-app-dev-dev,resolved-rendered,,hx-app-dev/argo-cd,ApplicationSet template references an Argo AppProject,data/kubara-effective-renders/current-platform/hx-app-dev/argo-cd.yaml,argoproj.io/v1alpha1|ApplicationSet|argocd|longhorn,spec.template.spec.project
needs,hx-app-dev,hx-app-dev/argo-cd,object,AppProject,argocd,hx-app-dev-dev,resolved-rendered,,hx-app-dev/argo-cd,ApplicationSet template references an Argo AppProject,data/kubara-effective-renders/current-platform/hx-app-dev/argo-cd.yaml,argoproj.io/v1alpha1|ApplicationSet|argocd|homer-dashboard,spec.template.spec.project
needs,hx-app-dev,hx-app-dev/argo-cd,object,AppProject,argocd,hx-app-dev-dev,resolved-rendered,,hx-app-dev/argo-cd,ApplicationSet template references an Argo AppProject,data/kubara-effective-renders/current-platform/hx-app-dev/argo-cd.yaml,argoproj.io/v1alpha1|ApplicationSet|argocd|loki,spec.template.spec.project
needs,hx-app-dev,hx-app-dev/argo-cd,object,AppProject,argocd,hx-app-dev-dev,resolved-rendered,,hx-app-dev/argo-cd,ApplicationSet template references an Argo AppProject,data/kubara-effective-renders/current-platform/hx-app-dev/argo-cd.yaml,argoproj.io/v1alpha1|ApplicationSet|argocd|kyverno-policies,spec.template.spec.project
needs,hx-app-dev,hx-app-dev/argo-cd,object,AppProject,argocd,hx-app-dev-dev,resolved-rendered,,hx-app-dev/argo-cd,ApplicationSet template references an Argo AppProject,data/kubara-effective-renders/current-platform/hx-app-dev/argo-cd.yaml,argoproj.io/v1alpha1|ApplicationSet|argocd|kyverno-policy-reporter,spec.template.spec.project
needs,hx-app-dev,hx-app-dev/argo-cd,object,AppProject,argocd,hx-app-dev-dev,resolved-rendered,,hx-app-dev/argo-cd,ApplicationSet template references an Argo AppProject,data/kubara-effective-renders/current-platform/hx-app-dev/argo-cd.yaml,argoproj.io/v1alpha1|ApplicationSet|argocd|metrics-server,spec.template.spec.project
needs,hx-app-dev,hx-app-dev/argo-cd,object,AppProject,argocd,hx-app-dev-dev,resolved-rendered,,hx-app-dev/argo-cd,ApplicationSet template references an Argo AppProject,data/kubara-effective-renders/current-platform/hx-app-dev/argo-cd.yaml,argoproj.io/v1alpha1|ApplicationSet|argocd|kyverno,spec.template.spec.project
needs,hx-app-dev,hx-app-dev/argo-cd,object,AppProject,argocd,hx-app-dev-dev,resolved-rendered,,hx-app-dev/argo-cd,ApplicationSet template references an Argo AppProject,data/kubara-effective-renders/current-platform/hx-app-dev/argo-cd.yaml,argoproj.io/v1alpha1|ApplicationSet|argocd|velero,spec.template.spec.project
needs,hx-app-dev,hx-app-dev/argo-cd,object,AppProject,argocd,hx-app-dev-dev,resolved-rendered,,hx-app-dev/argo-cd,ApplicationSet template references an Argo AppProject,data/kubara-effective-renders/current-platform/hx-app-dev/argo-cd.yaml,argoproj.io/v1alpha1|ApplicationSet|argocd|external-dns,spec.template.spec.project
needs,hx-app-dev,hx-app-dev/argo-cd,object,AppProject,argocd,hx-app-dev-dev,resolved-rendered,,hx-app-dev/argo-cd,ApplicationSet template references an Argo AppProject,data/kubara-effective-renders/current-platform/hx-app-dev/argo-cd.yaml,argoproj.io/v1alpha1|ApplicationSet|argocd|kube-prometheus-stack,spec.template.spec.project
needs,hx-app-dev,hx-app-dev/argo-cd,object,AppProject,argocd,hx-app-dev-dev,resolved-rendered,,hx-app-dev/argo-cd,ApplicationSet template references an Argo AppProject,data/kubara-effective-renders/current-platform/hx-app-dev/argo-cd.yaml,argoproj.io/v1alpha1|ApplicationSet|argocd|cert-manager,spec.template.spec.project
needs,hx-app-dev,hx-app-dev/argo-cd,object,ClusterIssuer,,letsencrypt-staging,unresolved,,,cert-manager ingress issuer reference,data/kubara-effective-renders/current-platform/hx-app-dev/argo-cd.yaml,networking.k8s.io/v1|Ingress|argocd|argo-cd-argocd-server-grpc,metadata.annotations.cert-manager.io/cluster-issuer
needs,hx-app-dev,hx-app-dev/argo-cd,object,ClusterRole,,argo-cd-argocd-application-controller,resolved-rendered,,hx-app-dev/argo-cd,RBAC role reference,data/kubara-effective-renders/current-platform/hx-app-dev/argo-cd.yaml,rbac.authorization.k8s.io/v1|ClusterRoleBinding||argo-cd-argocd-application-controller,roleRef
needs,hx-app-dev,hx-app-dev/argo-cd,object,ClusterRole,,argo-cd-argocd-server,resolved-rendered,,hx-app-dev/argo-cd,RBAC role reference,data/kubara-effective-renders/current-platform/hx-app-dev/argo-cd.yaml,rbac.authorization.k8s.io/v1|ClusterRoleBinding||argo-cd-argocd-server,roleRef
needs,hx-app-dev,hx-app-dev/argo-cd,object,ClusterSecretStore,,hx-app-dev-dev,unresolved,,,External Secrets store reference,data/kubara-effective-renders/current-platform/hx-app-dev/argo-cd.yaml,external-secrets.io/v1|ClusterExternalSecret||image-pull-secret-ces,spec.externalSecretSpec.secretStoreRef
needs,hx-app-dev,hx-app-dev/argo-cd,object,ClusterSecretStore,,hx-app-dev-dev,unresolved,,,External Secrets store reference,data/kubara-effective-renders/current-platform/hx-app-dev/argo-cd.yaml,external-secrets.io/v1|ExternalSecret|argocd|hx-app-prod-a-es,spec.secretStoreRef
needs,hx-app-dev,hx-app-dev/argo-cd,object,ClusterSecretStore,,hx-app-dev-dev,unresolved,,,External Secrets store reference,data/kubara-effective-renders/current-platform/hx-app-dev/argo-cd.yaml,external-secrets.io/v1|ExternalSecret|argocd|hx-app-staging-es,spec.secretStoreRef
needs,hx-app-dev,hx-app-dev/argo-cd,object,ClusterSecretStore,,hx-app-dev-dev,unresolved,,,External Secrets store reference,data/kubara-effective-renders/current-platform/hx-app-dev/argo-cd.yaml,external-secrets.io/v1|ExternalSecret|argocd|hx-app-prod-b-es,spec.secretStoreRef
needs,hx-app-dev,hx-app-dev/argo-cd,object,ConfigMap,argocd,argo-cd-argocd-redis-health-configmap,resolved-rendered,,hx-app-dev/argo-cd,pod volume ConfigMap reference,data/kubara-effective-renders/current-platform/hx-app-dev/argo-cd.yaml,apps/v1|Deployment|argocd|argo-cd-argocd-redis,spec.template.spec.volumes[0].configMap.name
needs,hx-app-dev,hx-app-dev/argo-cd,object,ConfigMap,argocd,argocd-cm,resolved-rendered,,hx-app-dev/argo-cd,container ConfigMap key reference,data/kubara-effective-renders/current-platform/hx-app-dev/argo-cd.yaml,apps/v1|StatefulSet|argocd|argo-cd-argocd-application-controller,spec.template.spec.containers[0].env[2].valueFrom.configMapKeyRef.name
needs,hx-app-dev,hx-app-dev/argo-cd,object,ConfigMap,argocd,argocd-cm,resolved-rendered,,hx-app-dev/argo-cd,container ConfigMap key reference,data/kubara-effective-renders/current-platform/hx-app-dev/argo-cd.yaml,apps/v1|Deployment|argocd|argo-cd-argocd-repo-server,spec.template.spec.containers[0].env[2].valueFrom.configMapKeyRef.name
needs,hx-app-dev,hx-app-dev/argo-cd,object,ConfigMap,argocd,argocd-cm,resolved-rendered,,hx-app-dev/argo-cd,container ConfigMap key reference,data/kubara-effective-renders/current-platform/hx-app-dev/argo-cd.yaml,apps/v1|StatefulSet|argocd|argo-cd-argocd-application-controller,spec.template.spec.containers[0].env[4].valueFrom.configMapKeyRef.name
needs,hx-app-dev,hx-app-dev/argo-cd,object,ConfigMap,argocd,argocd-cm,resolved-rendered,,hx-app-dev/argo-cd,container ConfigMap key reference,data/kubara-effective-renders/current-platform/hx-app-dev/argo-cd.yaml,apps/v1|StatefulSet|argocd|argo-cd-argocd-application-controller,spec.template.spec.containers[0].env[3].valueFrom.configMapKeyRef.name
needs,hx-app-dev,hx-app-dev/argo-cd,object,ConfigMap,argocd,argocd-cmd-params-cm,resolved-rendered,,hx-app-dev/argo-cd,container ConfigMap key reference,data/kubara-effective-renders/current-platform/hx-app-dev/argo-cd.yaml,apps/v1|StatefulSet|argocd|argo-cd-argocd-application-controller,spec.template.spec.containers[0].env[18].valueFrom.configMapKeyRef.name
needs,hx-app-dev,hx-app-dev/argo-cd,object,ConfigMap,argocd,argocd-cmd-params-cm,resolved-rendered,,hx-app-dev/argo-cd,container ConfigMap key reference,data/kubara-effective-renders/current-platform/hx-app-dev/argo-cd.yaml,apps/v1|Deployment|argocd|argo-cd-argocd-server,spec.template.spec.containers[0].env[3].valueFrom.configMapKeyRef.name
needs,hx-app-dev,hx-app-dev/argo-cd,object,ConfigMap,argocd,argocd-cmd-params-cm,resolved-rendered,,hx-app-dev/argo-cd,container ConfigMap key reference,data/kubara-effective-renders/current-platform/hx-app-dev/argo-cd.yaml,apps/v1|Deployment|argocd|argo-cd-argocd-repo-server,spec.template.spec.containers[0].env[43].valueFrom.configMapKeyRef.name
needs,hx-app-dev,hx-app-dev/argo-cd,object,ConfigMap,argocd,argocd-cmd-params-cm,resolved-rendered,,hx-app-dev/argo-cd,container ConfigMap key reference,data/kubara-effective-renders/current-platform/hx-app-dev/argo-cd.yaml,apps/v1|Deployment|argocd|argo-cd-argocd-repo-server,spec.template.spec.containers[0].env[39].valueFrom.configMapKeyRef.name
needs,hx-app-dev,hx-app-dev/argo-cd,object,ConfigMap,argocd,argocd-cmd-params-cm,resolved-rendered,,hx-app-dev/argo-cd,container ConfigMap key reference,data/kubara-effective-renders/current-platform/hx-app-dev/argo-cd.yaml,apps/v1|StatefulSet|argocd|argo-cd-argocd-application-controller,spec.template.spec.containers[0].env[15].valueFrom.configMapKeyRef.name
needs,hx-app-dev,hx-app-dev/argo-cd,object,ConfigMap,argocd,argocd-cmd-params-cm,resolved-rendered,,hx-app-dev/argo-cd,container ConfigMap key reference,data/kubara-effective-renders/current-platform/hx-app-dev/argo-cd.yaml,apps/v1|Deployment|argocd|argo-cd-argocd-repo-server,spec.template.spec.containers[0].env[10].valueFrom.configMapKeyRef.name
needs,hx-app-dev,hx-app-dev/argo-cd,object,ConfigMap,argocd,argocd-cmd-params-cm,resolved-rendered,,hx-app-dev/argo-cd,container ConfigMap key reference,data/kubara-effective-renders/current-platform/hx-app-dev/argo-cd.yaml,apps/v1|Deployment|argocd|argo-cd-argocd-dex-server,spec.template.spec.containers[0].env[4].valueFrom.configMapKeyRef.name
needs,hx-app-dev,hx-app-dev/argo-cd,object,ConfigMap,argocd,argocd-cmd-params-cm,resolved-rendered,,hx-app-dev/argo-cd,pod volume ConfigMap reference,data/kubara-effective-renders/current-platform/hx-app-dev/argo-cd.yaml,apps/v1|StatefulSet|argocd|argo-cd-argocd-application-controller,spec.template.spec.volumes[3].configMap.name
needs,hx-app-dev,hx-app-dev/argo-cd,object,ConfigMap,argocd,argocd-cmd-params-cm,resolved-rendered,,hx-app-dev/argo-cd,container ConfigMap key reference,data/kubara-effective-renders/current-platform/hx-app-dev/argo-cd.yaml,apps/v1|Deployment|argocd|argo-cd-argocd-server,spec.template.spec.containers[0].env[40].valueFrom.configMapKeyRef.name
needs,hx-app-dev,hx-app-dev/argo-cd,object,ConfigMap,argocd,argocd-cmd-params-cm,resolved-rendered,,hx-app-dev/argo-cd,container ConfigMap key reference,data/kubara-effective-renders/current-platform/hx-app-dev/argo-cd.yaml,apps/v1|Deployment|argocd|argo-cd-argocd-repo-server,spec.template.spec.containers[0].env[42].valueFrom.configMapKeyRef.name
needs,hx-app-dev,hx-app-dev/argo-cd,object,ConfigMap,argocd,argocd-cmd-params-cm,resolved-rendered,,hx-app-dev/argo-cd,container ConfigMap key reference,data/kubara-effective-renders/current-platform/hx-app-dev/argo-cd.yaml,apps/v1|Deployment|argocd|argo-cd-argocd-applicationset-controller,spec.template.spec.containers[0].env[16].valueFrom.configMapKeyRef.name
needs,hx-app-dev,hx-app-dev/argo-cd,object,ConfigMap,argocd,argocd-cmd-params-cm,resolved-rendered,,hx-app-dev/argo-cd,container ConfigMap key reference,data/kubara-effective-renders/current-platform/hx-app-dev/argo-cd.yaml,apps/v1|Deployment|argocd|argo-cd-argocd-server,spec.template.spec.containers[0].env[6].valueFrom.configMapKeyRef.name
needs,hx-app-dev,hx-app-dev/argo-cd,object,ConfigMap,argocd,argocd-cmd-params-cm,resolved-rendered,,hx-app-dev/argo-cd,container ConfigMap key reference,data/kubara-effective-renders/current-platform/hx-app-dev/argo-cd.yaml,apps/v1|StatefulSet|argocd|argo-cd-argocd-application-controller,spec.template.spec.containers[0].env[17].valueFrom.configMapKeyRef.name
needs,hx-app-dev,hx-app-dev/argo-cd,object,ConfigMap,argocd,argocd-cmd-params-cm,resolved-rendered,,hx-app-dev/argo-cd,container ConfigMap key reference,data/kubara-effective-renders/current-platform/hx-app-dev/argo-cd.yaml,apps/v1|Deployment|argocd|argo-cd-argocd-server,spec.template.spec.containers[0].env[51].valueFrom.configMapKeyRef.name
needs,hx-app-dev,hx-app-dev/argo-cd,object,ConfigMap,argocd,argocd-cmd-params-cm,resolved-rendered,,hx-app-dev/argo-cd,container ConfigMap key reference,data/kubara-effective-renders/current-platform/hx-app-dev/argo-cd.yaml,apps/v1|Deployment|argocd|argo-cd-argocd-repo-server,spec.template.spec.containers[0].env[11].valueFrom.configMapKeyRef.name
needs,hx-app-dev,hx-app-dev/argo-cd,object,ConfigMap,argocd,argocd-cmd-params-cm,resolved-rendered,,hx-app-dev/argo-cd,container ConfigMap key reference,data/kubara-effective-renders/current-platform/hx-app-dev/argo-cd.yaml,apps/v1|StatefulSet|argocd|argo-cd-argocd-application-controller,spec.template.spec.containers[0].env[25].valueFrom.configMapKeyRef.name
needs,hx-app-dev,hx-app-dev/argo-cd,object,ConfigMap,argocd,argocd-cmd-params-cm,resolved-rendered,,hx-app-dev/argo-cd,container ConfigMap key reference,data/kubara-effective-renders/current-platform/hx-app-dev/argo-cd.yaml,apps/v1|StatefulSet|argocd|argo-cd-argocd-application-controller,spec.template.spec.containers[0].env[24].valueFrom.configMapKeyRef.name
needs,hx-app-dev,hx-app-dev/argo-cd,object,ConfigMap,argocd,argocd-cmd-params-cm,resolved-rendered,,hx-app-dev/argo-cd,container ConfigMap key reference,data/kubara-effective-renders/current-platform/hx-app-dev/argo-cd.yaml,apps/v1|StatefulSet|argocd|argo-cd-argocd-application-controller,spec.template.spec.containers[0].env[12].valueFrom.configMapKeyRef.name
needs,hx-app-dev,hx-app-dev/argo-cd,object,ConfigMap,argocd,argocd-cmd-params-cm,resolved-rendered,,hx-app-dev/argo-cd,container ConfigMap key reference,data/kubara-effective-renders/current-platform/hx-app-dev/argo-cd.yaml,apps/v1|StatefulSet|argocd|argo-cd-argocd-application-controller,spec.template.spec.containers[0].env[39].valueFrom.configMapKeyRef.name
needs,hx-app-dev,hx-app-dev/argo-cd,object,ConfigMap,argocd,argocd-cmd-params-cm,resolved-rendered,,hx-app-dev/argo-cd,container ConfigMap key reference,data/kubara-effective-renders/current-platform/hx-app-dev/argo-cd.yaml,apps/v1|Deployment|argocd|argo-cd-argocd-repo-server,spec.template.spec.containers[0].env[13].valueFrom.configMapKeyRef.name
needs,hx-app-dev,hx-app-dev/argo-cd,object,ConfigMap,argocd,argocd-cmd-params-cm,resolved-rendered,,hx-app-dev/argo-cd,container ConfigMap key reference,data/kubara-effective-renders/current-platform/hx-app-dev/argo-cd.yaml,apps/v1|Deployment|argocd|argo-cd-argocd-applicationset-controller,spec.template.spec.containers[0].env[15].valueFrom.configMapKeyRef.name
needs,hx-app-dev,hx-app-dev/argo-cd,object,ConfigMap,argocd,argocd-cmd-params-cm,resolved-rendered,,hx-app-dev/argo-cd,container ConfigMap key reference,data/kubara-effective-renders/current-platform/hx-app-dev/argo-cd.yaml,apps/v1|Deployment|argocd|argo-cd-argocd-server,spec.template.spec.containers[0].env[35].valueFrom.configMapKeyRef.name
needs,hx-app-dev,hx-app-dev/argo-cd,object,ConfigMap,argocd,argocd-cmd-params-cm,resolved-rendered,,hx-app-dev/argo-cd,container ConfigMap key reference,data/kubara-effective-renders/current-platform/hx-app-dev/argo-cd.yaml,apps/v1|StatefulSet|argocd|argo-cd-argocd-application-controller,spec.template.spec.containers[0].env[35].valueFrom.configMapKeyRef.name
needs,hx-app-dev,hx-app-dev/argo-cd,object,ConfigMap,argocd,argocd-cmd-params-cm,resolved-rendered,,hx-app-dev/argo-cd,container ConfigMap key reference,data/kubara-effective-renders/current-platform/hx-app-dev/argo-cd.yaml,apps/v1|Deployment|argocd|argo-cd-argocd-server,spec.template.spec.containers[0].env[42].valueFrom.configMapKeyRef.name
needs,hx-app-dev,hx-app-dev/argo-cd,object,ConfigMap,argocd,argocd-cmd-params-cm,resolved-rendered,,hx-app-dev/argo-cd,container ConfigMap key reference,data/kubara-effective-renders/current-platform/hx-app-dev/argo-cd.yaml,apps/v1|Deployment|argocd|argo-cd-argocd-applicationset-controller,spec.template.spec.containers[0].env[18].valueFrom.configMapKeyRef.name
needs,hx-app-dev,hx-app-dev/argo-cd,object,ConfigMap,argocd,argocd-cmd-params-cm,resolved-rendered,,hx-app-dev/argo-cd,container ConfigMap key reference,data/kubara-effective-renders/current-platform/hx-app-dev/argo-cd.yaml,apps/v1|Deployment|argocd|argo-cd-argocd-repo-server,spec.template.spec.containers[0].env[6].valueFrom.configMapKeyRef.name
needs,hx-app-dev,hx-app-dev/argo-cd,object,ConfigMap,argocd,argocd-cmd-params-cm,resolved-rendered,,hx-app-dev/argo-cd,container ConfigMap key reference,data/kubara-effective-renders/current-platform/hx-app-dev/argo-cd.yaml,apps/v1|Deployment|argocd|argo-cd-argocd-repo-server,spec.template.spec.containers[0].env[7].valueFrom.configMapKeyRef.name
needs,hx-app-dev,hx-app-dev/argo-cd,object,ConfigMap,argocd,argocd-cmd-params-cm,resolved-rendered,,hx-app-dev/argo-cd,container ConfigMap key reference,data/kubara-effective-renders/current-platform/hx-app-dev/argo-cd.yaml,apps/v1|Deployment|argocd|argo-cd-argocd-server,spec.template.spec.containers[0].env[5].valueFrom.configMapKeyRef.name
needs,hx-app-dev,hx-app-dev/argo-cd,object,ConfigMap,argocd,argocd-cmd-params-cm,resolved-rendered,,hx-app-dev/argo-cd,container ConfigMap key reference,data/kubara-effective-renders/current-platform/hx-app-dev/argo-cd.yaml,apps/v1|Deployment|argocd|argo-cd-argocd-applicationset-controller,spec.template.spec.containers[0].env[24].valueFrom.configMapKeyRef.name
needs,hx-app-dev,hx-app-dev/argo-cd,object,ConfigMap,argocd,argocd-cmd-params-cm,resolved-rendered,,hx-app-dev/argo-cd,container ConfigMap key reference,data/kubara-effective-renders/current-platform/hx-app-dev/argo-cd.yaml,apps/v1|Deployment|argocd|argo-cd-argocd-repo-server,spec.template.spec.containers[0].env[41].valueFrom.configMapKeyRef.name
needs,hx-app-dev,hx-app-dev/argo-cd,object,ConfigMap,argocd,argocd-cmd-params-cm,resolved-rendered,,hx-app-dev/argo-cd,container ConfigMap key reference,data/kubara-effective-renders/current-platform/hx-app-dev/argo-cd.yaml,apps/v1|StatefulSet|argocd|argo-cd-argocd-application-controller,spec.template.spec.containers[0].env[9].valueFrom.configMapKeyRef.name
needs,hx-app-dev,hx-app-dev/argo-cd,object,ConfigMap,argocd,argocd-cmd-params-cm,resolved-rendered,,hx-app-dev/argo-cd,container ConfigMap key reference,data/kubara-effective-renders/current-platform/hx-app-dev/argo-cd.yaml,apps/v1|Deployment|argocd|argo-cd-argocd-repo-server,spec.template.spec.containers[0].env[15].valueFrom.configMapKeyRef.name
needs,hx-app-dev,hx-app-dev/argo-cd,object,ConfigMap,argocd,argocd-cmd-params-cm,resolved-rendered,,hx-app-dev/argo-cd,container ConfigMap key reference,data/kubara-effective-renders/current-platform/hx-app-dev/argo-cd.yaml,apps/v1|Deployment|argocd|argo-cd-argocd-server,spec.template.spec.containers[0].env[15].valueFrom.configMapKeyRef.name
needs,hx-app-dev,hx-app-dev/argo-cd,object,ConfigMap,argocd,argocd-cmd-params-cm,resolved-rendered,,hx-app-dev/argo-cd,container ConfigMap key reference,data/kubara-effective-renders/current-platform/hx-app-dev/argo-cd.yaml,apps/v1|StatefulSet|argocd|argo-cd-argocd-application-controller,spec.template.spec.containers[0].env[36].valueFrom.configMapKeyRef.name
needs,hx-app-dev,hx-app-dev/argo-cd,object,ConfigMap,argocd,argocd-cmd-params-cm,resolved-rendered,,hx-app-dev/argo-cd,container ConfigMap key reference,data/kubara-effective-renders/current-platform/hx-app-dev/argo-cd.yaml,apps/v1|Deployment|argocd|argo-cd-argocd-repo-server,spec.template.spec.containers[0].env[27].valueFrom.configMapKeyRef.name
needs,hx-app-dev,hx-app-dev/argo-cd,object,ConfigMap,argocd,argocd-cmd-params-cm,resolved-rendered,,hx-app-dev/argo-cd,container ConfigMap key reference,data/kubara-effective-renders/current-platform/hx-app-dev/argo-cd.yaml,apps/v1|StatefulSet|argocd|argo-cd-argocd-application-controller,spec.template.spec.containers[0].env[16].valueFrom.configMapKeyRef.name
needs,hx-app-dev,hx-app-dev/argo-cd,object,ConfigMap,argocd,argocd-cmd-params-cm,resolved-rendered,,hx-app-dev/argo-cd,container ConfigMap key reference,data/kubara-effective-renders/current-platform/hx-app-dev/argo-cd.yaml,apps/v1|Deployment|argocd|argo-cd-argocd-server,spec.template.spec.containers[0].env[7].valueFrom.configMapKeyRef.name
needs,hx-app-dev,hx-app-dev/argo-cd,object,ConfigMap,argocd,argocd-cmd-params-cm,resolved-rendered,,hx-app-dev/argo-cd,container ConfigMap key reference,data/kubara-effective-renders/current-platform/hx-app-dev/argo-cd.yaml,apps/v1|Deployment|argocd|argo-cd-argocd-repo-server,spec.template.spec.containers[0].env[31].valueFrom.configMapKeyRef.name
needs,hx-app-dev,hx-app-dev/argo-cd,object,ConfigMap,argocd,argocd-cmd-params-cm,resolved-rendered,,hx-app-dev/argo-cd,pod volume ConfigMap reference,data/kubara-effective-renders/current-platform/hx-app-dev/argo-cd.yaml,apps/v1|Deployment|argocd|argo-cd-argocd-applicationset-controller,spec.template.spec.volumes[6].configMap.name
needs,hx-app-dev,hx-app-dev/argo-cd,object,ConfigMap,argocd,argocd-cmd-params-cm,resolved-rendered,,hx-app-dev/argo-cd,container ConfigMap key reference,data/kubara-effective-renders/current-platform/hx-app-dev/argo-cd.yaml,apps/v1|Deployment|argocd|argo-cd-argocd-repo-server,spec.template.spec.containers[0].env[23].valueFrom.configMapKeyRef.name
needs,hx-app-dev,hx-app-dev/argo-cd,object,ConfigMap,argocd,argocd-cmd-params-cm,resolved-rendered,,hx-app-dev/argo-cd,container ConfigMap key reference,data/kubara-effective-renders/current-platform/hx-app-dev/argo-cd.yaml,apps/v1|Deployment|argocd|argo-cd-argocd-repo-server,spec.template.spec.containers[0].env[34].valueFrom.configMapKeyRef.name
needs,hx-app-dev,hx-app-dev/argo-cd,object,ConfigMap,argocd,argocd-cmd-params-cm,resolved-rendered,,hx-app-dev/argo-cd,container ConfigMap key reference,data/kubara-effective-renders/current-platform/hx-app-dev/argo-cd.yaml,apps/v1|Deployment|argocd|argo-cd-argocd-server,spec.template.spec.containers[0].env[32].valueFrom.configMapKeyRef.name
needs,hx-app-dev,hx-app-dev/argo-cd,object,ConfigMap,argocd,argocd-cmd-params-cm,resolved-rendered,,hx-app-dev/argo-cd,pod volume ConfigMap reference,data/kubara-effective-renders/current-platform/hx-app-dev/argo-cd.yaml,apps/v1|Deployment|argocd|argo-cd-argocd-server,spec.template.spec.volumes[7].configMap.name
needs,hx-app-dev,hx-app-dev/argo-cd,object,ConfigMap,argocd,argocd-cmd-params-cm,resolved-rendered,,hx-app-dev/argo-cd,container ConfigMap key reference,data/kubara-effective-renders/current-platform/hx-app-dev/argo-cd.yaml,apps/v1|Deployment|argocd|argo-cd-argocd-repo-server,spec.template.spec.containers[0].env[21].valueFrom.configMapKeyRef.name
needs,hx-app-dev,hx-app-dev/argo-cd,object,ConfigMap,argocd,argocd-cmd-params-cm,resolved-rendered,,hx-app-dev/argo-cd,container ConfigMap key reference,data/kubara-effective-renders/current-platform/hx-app-dev/argo-cd.yaml,apps/v1|Deployment|argocd|argo-cd-argocd-repo-server,spec.template.spec.containers[0].env[4].valueFrom.configMapKeyRef.name
needs,hx-app-dev,hx-app-dev/argo-cd,object,ConfigMap,argocd,argocd-cmd-params-cm,resolved-rendered,,hx-app-dev/argo-cd,container ConfigMap key reference,data/kubara-effective-renders/current-platform/hx-app-dev/argo-cd.yaml,apps/v1|Deployment|argocd|argo-cd-argocd-applicationset-controller,spec.template.spec.containers[0].env[11].valueFrom.configMapKeyRef.name
needs,hx-app-dev,hx-app-dev/argo-cd,object,ConfigMap,argocd,argocd-cmd-params-cm,resolved-rendered,,hx-app-dev/argo-cd,container ConfigMap key reference,data/kubara-effective-renders/current-platform/hx-app-dev/argo-cd.yaml,apps/v1|Deployment|argocd|argo-cd-argocd-server,spec.template.spec.containers[0].env[27].valueFrom.configMapKeyRef.name
needs,hx-app-dev,hx-app-dev/argo-cd,object,ConfigMap,argocd,argocd-cmd-params-cm,resolved-rendered,,hx-app-dev/argo-cd,container ConfigMap key reference,data/kubara-effective-renders/current-platform/hx-app-dev/argo-cd.yaml,apps/v1|Deployment|argocd|argo-cd-argocd-applicationset-controller,spec.template.spec.containers[0].env[8].valueFrom.configMapKeyRef.name
needs,hx-app-dev,hx-app-dev/argo-cd,object,ConfigMap,argocd,argocd-cmd-params-cm,resolved-rendered,,hx-app-dev/argo-cd,container ConfigMap key reference,data/kubara-effective-renders/current-platform/hx-app-dev/argo-cd.yaml,apps/v1|Deployment|argocd|argo-cd-argocd-repo-server,spec.template.spec.containers[0].env[26].valueFrom.configMapKeyRef.name
needs,hx-app-dev,hx-app-dev/argo-cd,object,ConfigMap,argocd,argocd-cmd-params-cm,resolved-rendered,,hx-app-dev/argo-cd,container ConfigMap key reference,data/kubara-effective-renders/current-platform/hx-app-dev/argo-cd.yaml,apps/v1|Deployment|argocd|argo-cd-argocd-server,spec.template.spec.containers[0].env[10].valueFrom.configMapKeyRef.name
needs,hx-app-dev,hx-app-dev/argo-cd,object,ConfigMap,argocd,argocd-cmd-params-cm,resolved-rendered,,hx-app-dev/argo-cd,container ConfigMap key reference,data/kubara-effective-renders/current-platform/hx-app-dev/argo-cd.yaml,apps/v1|StatefulSet|argocd|argo-cd-argocd-application-controller,spec.template.spec.containers[0].env[5].valueFrom.configMapKeyRef.name
needs,hx-app-dev,hx-app-dev/argo-cd,object,ConfigMap,argocd,argocd-cmd-params-cm,resolved-rendered,,hx-app-dev/argo-cd,container ConfigMap key reference,data/kubara-effective-renders/current-platform/hx-app-dev/argo-cd.yaml,apps/v1|Deployment|argocd|argo-cd-argocd-repo-server,spec.template.spec.containers[0].env[25].valueFrom.configMapKeyRef.name
needs,hx-app-dev,hx-app-dev/argo-cd,object,ConfigMap,argocd,argocd-cmd-params-cm,resolved-rendered,,hx-app-dev/argo-cd,container ConfigMap key reference,data/kubara-effective-renders/current-platform/hx-app-dev/argo-cd.yaml,apps/v1|Deployment|argocd|argo-cd-argocd-server,spec.template.spec.containers[0].env[16].valueFrom.configMapKeyRef.name
needs,hx-app-dev,hx-app-dev/argo-cd,object,ConfigMap,argocd,argocd-cmd-params-cm,resolved-rendered,,hx-app-dev/argo-cd,container ConfigMap key reference,data/kubara-effective-renders/current-platform/hx-app-dev/argo-cd.yaml,apps/v1|Deployment|argocd|argo-cd-argocd-server,spec.template.spec.containers[0].env[22].valueFrom.configMapKeyRef.name
needs,hx-app-dev,hx-app-dev/argo-cd,object,ConfigMap,argocd,argocd-cmd-params-cm,resolved-rendered,,hx-app-dev/argo-cd,container ConfigMap key reference,data/kubara-effective-renders/current-platform/hx-app-dev/argo-cd.yaml,apps/v1|Deployment|argocd|argo-cd-argocd-server,spec.template.spec.containers[0].env[20].valueFrom.configMapKeyRef.name
needs,hx-app-dev,hx-app-dev/argo-cd,object,ConfigMap,argocd,argocd-cmd-params-cm,resolved-rendered,,hx-app-dev/argo-cd,container ConfigMap key reference,data/kubara-effective-renders/current-platform/hx-app-dev/argo-cd.yaml,apps/v1|Deployment|argocd|argo-cd-argocd-applicationset-controller,spec.template.spec.containers[0].env[10].valueFrom.configMapKeyRef.name
needs,hx-app-dev,hx-app-dev/argo-cd,object,ConfigMap,argocd,argocd-cmd-params-cm,resolved-rendered,,hx-app-dev/argo-cd,container ConfigMap key reference,data/kubara-effective-renders/current-platform/hx-app-dev/argo-cd.yaml,apps/v1|StatefulSet|argocd|argo-cd-argocd-application-controller,spec.template.spec.containers[0].env[20].valueFrom.configMapKeyRef.name
needs,hx-app-dev,hx-app-dev/argo-cd,object,ConfigMap,argocd,argocd-cmd-params-cm,resolved-rendered,,hx-app-dev/argo-cd,container ConfigMap key reference,data/kubara-effective-renders/current-platform/hx-app-dev/argo-cd.yaml,apps/v1|StatefulSet|argocd|argo-cd-argocd-application-controller,spec.template.spec.containers[0].env[38].valueFrom.configMapKeyRef.name
needs,hx-app-dev,hx-app-dev/argo-cd,object,ConfigMap,argocd,argocd-cmd-params-cm,resolved-rendered,,hx-app-dev/argo-cd,container ConfigMap key reference,data/kubara-effective-renders/current-platform/hx-app-dev/argo-cd.yaml,apps/v1|StatefulSet|argocd|argo-cd-argocd-application-controller,spec.template.spec.containers[0].env[47].valueFrom.configMapKeyRef.name
needs,hx-app-dev,hx-app-dev/argo-cd,object,ConfigMap,argocd,argocd-cmd-params-cm,resolved-rendered,,hx-app-dev/argo-cd,container ConfigMap key reference,data/kubara-effective-renders/current-platform/hx-app-dev/argo-cd.yaml,apps/v1|StatefulSet|argocd|argo-cd-argocd-application-controller,spec.template.spec.containers[0].env[44].valueFrom.configMapKeyRef.name
needs,hx-app-dev,hx-app-dev/argo-cd,object,ConfigMap,argocd,argocd-cmd-params-cm,resolved-rendered,,hx-app-dev/argo-cd,container ConfigMap key reference,data/kubara-effective-renders/current-platform/hx-app-dev/argo-cd.yaml,apps/v1|Deployment|argocd|argo-cd-argocd-server,spec.template.spec.containers[0].env[50].valueFrom.configMapKeyRef.name
needs,hx-app-dev,hx-app-dev/argo-cd,object,ConfigMap,argocd,argocd-cmd-params-cm,resolved-rendered,,hx-app-dev/argo-cd,container ConfigMap key reference,data/kubara-effective-renders/current-platform/hx-app-dev/argo-cd.yaml,apps/v1|Deployment|argocd|argo-cd-argocd-repo-server,spec.template.spec.containers[0].env[35].valueFrom.configMapKeyRef.name
needs,hx-app-dev,hx-app-dev/argo-cd,object,ConfigMap,argocd,argocd-cmd-params-cm,resolved-rendered,,hx-app-dev/argo-cd,container ConfigMap key reference,data/kubara-effective-renders/current-platform/hx-app-dev/argo-cd.yaml,apps/v1|Deployment|argocd|argo-cd-argocd-server,spec.template.spec.containers[0].env[13].valueFrom.configMapKeyRef.name
needs,hx-app-dev,hx-app-dev/argo-cd,object,ConfigMap,argocd,argocd-cmd-params-cm,resolved-rendered,,hx-app-dev/argo-cd,container ConfigMap key reference,data/kubara-effective-renders/current-platform/hx-app-dev/argo-cd.yaml,apps/v1|Deployment|argocd|argo-cd-argocd-server,spec.template.spec.containers[0].env[21].valueFrom.configMapKeyRef.name
needs,hx-app-dev,hx-app-dev/argo-cd,object,ConfigMap,argocd,argocd-cmd-params-cm,resolved-rendered,,hx-app-dev/argo-cd,container ConfigMap key reference,data/kubara-effective-renders/current-platform/hx-app-dev/argo-cd.yaml,apps/v1|Deployment|argocd|argo-cd-argocd-applicationset-controller,spec.template.spec.containers[0].env[14].valueFrom.configMapKeyRef.name
needs,hx-app-dev,hx-app-dev/argo-cd,object,ConfigMap,argocd,argocd-cmd-params-cm,resolved-rendered,,hx-app-dev/argo-cd,container ConfigMap key reference,data/kubara-effective-renders/current-platform/hx-app-dev/argo-cd.yaml,apps/v1|StatefulSet|argocd|argo-cd-argocd-application-controller,spec.template.spec.containers[0].env[46].valueFrom.configMapKeyRef.name
needs,hx-app-dev,hx-app-dev/argo-cd,object,ConfigMap,argocd,argocd-cmd-params-cm,resolved-rendered,,hx-app-dev/argo-cd,container ConfigMap key reference,data/kubara-effective-renders/current-platform/hx-app-dev/argo-cd.yaml,apps/v1|Deployment|argocd|argo-cd-argocd-applicationset-controller,spec.template.spec.containers[0].env[22].valueFrom.configMapKeyRef.name
needs,hx-app-dev,hx-app-dev/argo-cd,object,ConfigMap,argocd,argocd-cmd-params-cm,resolved-rendered,,hx-app-dev/argo-cd,container ConfigMap key reference,data/kubara-effective-renders/current-platform/hx-app-dev/argo-cd.yaml,apps/v1|Deployment|argocd|argo-cd-argocd-server,spec.template.spec.containers[0].env[46].valueFrom.configMapKeyRef.name
needs,hx-app-dev,hx-app-dev/argo-cd,object,ConfigMap,argocd,argocd-cmd-params-cm,resolved-rendered,,hx-app-dev/argo-cd,container ConfigMap key reference,data/kubara-effective-renders/current-platform/hx-app-dev/argo-cd.yaml,apps/v1|Deployment|argocd|argo-cd-argocd-server,spec.template.spec.containers[0].env[8].valueFrom.configMapKeyRef.name
needs,hx-app-dev,hx-app-dev/argo-cd,object,ConfigMap,argocd,argocd-cmd-params-cm,resolved-rendered,,hx-app-dev/argo-cd,container ConfigMap key reference,data/kubara-effective-renders/current-platform/hx-app-dev/argo-cd.yaml,apps/v1|Deployment|argocd|argo-cd-argocd-server,spec.template.spec.containers[0].env[25].valueFrom.configMapKeyRef.name
needs,hx-app-dev,hx-app-dev/argo-cd,object,ConfigMap,argocd,argocd-cmd-params-cm,resolved-rendered,,hx-app-dev/argo-cd,container ConfigMap key reference,data/kubara-effective-renders/current-platform/hx-app-dev/argo-cd.yaml,apps/v1|StatefulSet|argocd|argo-cd-argocd-application-controller,spec.template.spec.containers[0].env[23].valueFrom.configMapKeyRef.name
needs,hx-app-dev,hx-app-dev/argo-cd,object,ConfigMap,argocd,argocd-cmd-params-cm,resolved-rendered,,hx-app-dev/argo-cd,container ConfigMap key reference,data/kubara-effective-renders/current-platform/hx-app-dev/argo-cd.yaml,apps/v1|Deployment|argocd|argo-cd-argocd-applicationset-controller,spec.template.spec.containers[0].env[12].valueFrom.configMapKeyRef.name
needs,hx-app-dev,hx-app-dev/argo-cd,object,ConfigMap,argocd,argocd-cmd-params-cm,resolved-rendered,,hx-app-dev/argo-cd,container ConfigMap key reference,data/kubara-effective-renders/current-platform/hx-app-dev/argo-cd.yaml,apps/v1|Deployment|argocd|argo-cd-argocd-server,spec.template.spec.containers[0].env[38].valueFrom.configMapKeyRef.name
needs,hx-app-dev,hx-app-dev/argo-cd,object,ConfigMap,argocd,argocd-cmd-params-cm,resolved-rendered,,hx-app-dev/argo-cd,container ConfigMap key reference,data/kubara-effective-renders/current-platform/hx-app-dev/argo-cd.yaml,apps/v1|StatefulSet|argocd|argo-cd-argocd-application-controller,spec.template.spec.containers[0].env[14].valueFrom.configMapKeyRef.name
needs,hx-app-dev,hx-app-dev/argo-cd,object,ConfigMap,argocd,argocd-cmd-params-cm,resolved-rendered,,hx-app-dev/argo-cd,container ConfigMap key reference,data/kubara-effective-renders/current-platform/hx-app-dev/argo-cd.yaml,apps/v1|StatefulSet|argocd|argo-cd-argocd-application-controller,spec.template.spec.containers[0].env[19].valueFrom.configMapKeyRef.name
needs,hx-app-dev,hx-app-dev/argo-cd,object,ConfigMap,argocd,argocd-cmd-params-cm,resolved-rendered,,hx-app-dev/argo-cd,container ConfigMap key reference,data/kubara-effective-renders/current-platform/hx-app-dev/argo-cd.yaml,apps/v1|Deployment|argocd|argo-cd-argocd-repo-server,spec.template.spec.containers[0].env[40].valueFrom.configMapKeyRef.name
needs,hx-app-dev,hx-app-dev/argo-cd,object,ConfigMap,argocd,argocd-cmd-params-cm,resolved-rendered,,hx-app-dev/argo-cd,container ConfigMap key reference,data/kubara-effective-renders/current-platform/hx-app-dev/argo-cd.yaml,apps/v1|Deployment|argocd|argo-cd-argocd-server,spec.template.spec.containers[0].env[34].valueFrom.configMapKeyRef.name
needs,hx-app-dev,hx-app-dev/argo-cd,object,ConfigMap,argocd,argocd-cmd-params-cm,resolved-rendered,,hx-app-dev/argo-cd,container ConfigMap key reference,data/kubara-effective-renders/current-platform/hx-app-dev/argo-cd.yaml,apps/v1|Deployment|argocd|argo-cd-argocd-repo-server,spec.template.spec.containers[0].env[16].valueFrom.configMapKeyRef.name
needs,hx-app-dev,hx-app-dev/argo-cd,object,ConfigMap,argocd,argocd-cmd-params-cm,resolved-rendered,,hx-app-dev/argo-cd,container ConfigMap key reference,data/kubara-effective-renders/current-platform/hx-app-dev/argo-cd.yaml,apps/v1|Deployment|argocd|argo-cd-argocd-server,spec.template.spec.containers[0].env[23].valueFrom.configMapKeyRef.name
needs,hx-app-dev,hx-app-dev/argo-cd,object,ConfigMap,argocd,argocd-cmd-params-cm,resolved-rendered,,hx-app-dev/argo-cd,container ConfigMap key reference,data/kubara-effective-renders/current-platform/hx-app-dev/argo-cd.yaml,apps/v1|Deployment|argocd|argo-cd-argocd-server,spec.template.spec.containers[0].env[19].valueFrom.configMapKeyRef.name
needs,hx-app-dev,hx-app-dev/argo-cd,object,ConfigMap,argocd,argocd-cmd-params-cm,resolved-rendered,,hx-app-dev/argo-cd,container ConfigMap key reference,data/kubara-effective-renders/current-platform/hx-app-dev/argo-cd.yaml,apps/v1|Deployment|argocd|argo-cd-argocd-server,spec.template.spec.containers[0].env[37].valueFrom.configMapKeyRef.name
needs,hx-app-dev,hx-app-dev/argo-cd,object,ConfigMap,argocd,argocd-cmd-params-cm,resolved-rendered,,hx-app-dev/argo-cd,container ConfigMap key reference,data/kubara-effective-renders/current-platform/hx-app-dev/argo-cd.yaml,apps/v1|StatefulSet|argocd|argo-cd-argocd-application-controller,spec.template.spec.containers[0].env[13].valueFrom.configMapKeyRef.name
needs,hx-app-dev,hx-app-dev/argo-cd,object,ConfigMap,argocd,argocd-cmd-params-cm,resolved-rendered,,hx-app-dev/argo-cd,container ConfigMap key reference,data/kubara-effective-renders/current-platform/hx-app-dev/argo-cd.yaml,apps/v1|StatefulSet|argocd|argo-cd-argocd-application-controller,spec.template.spec.containers[0].env[42].valueFrom.configMapKeyRef.name
needs,hx-app-dev,hx-app-dev/argo-cd,object,ConfigMap,argocd,argocd-cmd-params-cm,resolved-rendered,,hx-app-dev/argo-cd,container ConfigMap key reference,data/kubara-effective-renders/current-platform/hx-app-dev/argo-cd.yaml,apps/v1|StatefulSet|argocd|argo-cd-argocd-application-controller,spec.template.spec.containers[0].env[6].valueFrom.configMapKeyRef.name
needs,hx-app-dev,hx-app-dev/argo-cd,object,ConfigMap,argocd,argocd-cmd-params-cm,resolved-rendered,,hx-app-dev/argo-cd,container ConfigMap key reference,data/kubara-effective-renders/current-platform/hx-app-dev/argo-cd.yaml,apps/v1|Deployment|argocd|argo-cd-argocd-server,spec.template.spec.containers[0].env[17].valueFrom.configMapKeyRef.name
needs,hx-app-dev,hx-app-dev/argo-cd,object,ConfigMap,argocd,argocd-cmd-params-cm,resolved-rendered,,hx-app-dev/argo-cd,container ConfigMap key reference,data/kubara-effective-renders/current-platform/hx-app-dev/argo-cd.yaml,apps/v1|Deployment|argocd|argo-cd-argocd-applicationset-controller,spec.template.spec.containers[0].env[27].valueFrom.configMapKeyRef.name
needs,hx-app-dev,hx-app-dev/argo-cd,object,ConfigMap,argocd,argocd-cmd-params-cm,resolved-rendered,,hx-app-dev/argo-cd,container ConfigMap key reference,data/kubara-effective-renders/current-platform/hx-app-dev/argo-cd.yaml,apps/v1|Deployment|argocd|argo-cd-argocd-server,spec.template.spec.containers[0].env[14].valueFrom.configMapKeyRef.name
needs,hx-app-dev,hx-app-dev/argo-cd,object,ConfigMap,argocd,argocd-cmd-params-cm,resolved-rendered,,hx-app-dev/argo-cd,container ConfigMap key reference,data/kubara-effective-renders/current-platform/hx-app-dev/argo-cd.yaml,apps/v1|StatefulSet|argocd|argo-cd-argocd-application-controller,spec.template.spec.containers[0].env[26].valueFrom.configMapKeyRef.name
needs,hx-app-dev,hx-app-dev/argo-cd,object,ConfigMap,argocd,argocd-cmd-params-cm,resolved-rendered,,hx-app-dev/argo-cd,container ConfigMap key reference,data/kubara-effective-renders/current-platform/hx-app-dev/argo-cd.yaml,apps/v1|Deployment|argocd|argo-cd-argocd-repo-server,spec.template.spec.containers[0].env[9].valueFrom.configMapKeyRef.name
needs,hx-app-dev,hx-app-dev/argo-cd,object,ConfigMap,argocd,argocd-cmd-params-cm,resolved-rendered,,hx-app-dev/argo-cd,container ConfigMap key reference,data/kubara-effective-renders/current-platform/hx-app-dev/argo-cd.yaml,apps/v1|Deployment|argocd|argo-cd-argocd-repo-server,spec.template.spec.containers[0].env[8].valueFrom.configMapKeyRef.name
needs,hx-app-dev,hx-app-dev/argo-cd,object,ConfigMap,argocd,argocd-cmd-params-cm,resolved-rendered,,hx-app-dev/argo-cd,container ConfigMap key reference,data/kubara-effective-renders/current-platform/hx-app-dev/argo-cd.yaml,apps/v1|StatefulSet|argocd|argo-cd-argocd-application-controller,spec.template.spec.containers[0].env[37].valueFrom.configMapKeyRef.name
needs,hx-app-dev,hx-app-dev/argo-cd,object,ConfigMap,argocd,argocd-cmd-params-cm,resolved-rendered,,hx-app-dev/argo-cd,container ConfigMap key reference,data/kubara-effective-renders/current-platform/hx-app-dev/argo-cd.yaml,apps/v1|Deployment|argocd|argo-cd-argocd-dex-server,spec.template.spec.containers[0].env[1].valueFrom.configMapKeyRef.name
needs,hx-app-dev,hx-app-dev/argo-cd,object,ConfigMap,argocd,argocd-cmd-params-cm,resolved-rendered,,hx-app-dev/argo-cd,container ConfigMap key reference,data/kubara-effective-renders/current-platform/hx-app-dev/argo-cd.yaml,apps/v1|Deployment|argocd|argo-cd-argocd-applicationset-controller,spec.template.spec.containers[0].env[17].valueFrom.configMapKeyRef.name
needs,hx-app-dev,hx-app-dev/argo-cd,object,ConfigMap,argocd,argocd-cmd-params-cm,resolved-rendered,,hx-app-dev/argo-cd,container ConfigMap key reference,data/kubara-effective-renders/current-platform/hx-app-dev/argo-cd.yaml,apps/v1|Deployment|argocd|argo-cd-argocd-applicationset-controller,spec.template.spec.containers[0].env[28].valueFrom.configMapKeyRef.name
needs,hx-app-dev,hx-app-dev/argo-cd,object,ConfigMap,argocd,argocd-cmd-params-cm,resolved-rendered,,hx-app-dev/argo-cd,container ConfigMap key reference,data/kubara-effective-renders/current-platform/hx-app-dev/argo-cd.yaml,apps/v1|Deployment|argocd|argo-cd-argocd-repo-server,spec.template.spec.containers[0].env[12].valueFrom.configMapKeyRef.name
needs,hx-app-dev,hx-app-dev/argo-cd,object,ConfigMap,argocd,argocd-cmd-params-cm,resolved-rendered,,hx-app-dev/argo-cd,container ConfigMap key reference,data/kubara-effective-renders/current-platform/hx-app-dev/argo-cd.yaml,apps/v1|Deployment|argocd|argo-cd-argocd-server,spec.template.spec.containers[0].env[47].valueFrom.configMapKeyRef.name
needs,hx-app-dev,hx-app-dev/argo-cd,object,ConfigMap,argocd,argocd-cmd-params-cm,resolved-rendered,,hx-app-dev/argo-cd,container ConfigMap key reference,data/kubara-effective-renders/current-platform/hx-app-dev/argo-cd.yaml,apps/v1|Deployment|argocd|argo-cd-argocd-applicationset-controller,spec.template.spec.containers[0].env[23].valueFrom.configMapKeyRef.name
needs,hx-app-dev,hx-app-dev/argo-cd,object,ConfigMap,argocd,argocd-cmd-params-cm,resolved-rendered,,hx-app-dev/argo-cd,container ConfigMap key reference,data/kubara-effective-renders/current-platform/hx-app-dev/argo-cd.yaml,apps/v1|Deployment|argocd|argo-cd-argocd-server,spec.template.spec.containers[0].env[24].valueFrom.configMapKeyRef.name
needs,hx-app-dev,hx-app-dev/argo-cd,object,ConfigMap,argocd,argocd-cmd-params-cm,resolved-rendered,,hx-app-dev/argo-cd,container ConfigMap key reference,data/kubara-effective-renders/current-platform/hx-app-dev/argo-cd.yaml,apps/v1|Deployment|argocd|argo-cd-argocd-applicationset-controller,spec.template.spec.containers[0].env[5].valueFrom.configMapKeyRef.name
needs,hx-app-dev,hx-app-dev/argo-cd,object,ConfigMap,argocd,argocd-cmd-params-cm,resolved-rendered,,hx-app-dev/argo-cd,container ConfigMap key reference,data/kubara-effective-renders/current-platform/hx-app-dev/argo-cd.yaml,apps/v1|Deployment|argocd|argo-cd-argocd-server,spec.template.spec.containers[0].env[49].valueFrom.configMapKeyRef.name
needs,hx-app-dev,hx-app-dev/argo-cd,object,ConfigMap,argocd,argocd-cmd-params-cm,resolved-rendered,,hx-app-dev/argo-cd,container ConfigMap key reference,data/kubara-effective-renders/current-platform/hx-app-dev/argo-cd.yaml,apps/v1|Deployment|argocd|argo-cd-argocd-repo-server,spec.template.spec.containers[0].env[22].valueFrom.configMapKeyRef.name
needs,hx-app-dev,hx-app-dev/argo-cd,object,ConfigMap,argocd,argocd-cmd-params-cm,resolved-rendered,,hx-app-dev/argo-cd,container ConfigMap key reference,data/kubara-effective-renders/current-platform/hx-app-dev/argo-cd.yaml,apps/v1|Deployment|argocd|argo-cd-argocd-server,spec.template.spec.containers[0].env[45].valueFrom.configMapKeyRef.name
needs,hx-app-dev,hx-app-dev/argo-cd,object,ConfigMap,argocd,argocd-cmd-params-cm,resolved-rendered,,hx-app-dev/argo-cd,container ConfigMap key reference,data/kubara-effective-renders/current-platform/hx-app-dev/argo-cd.yaml,apps/v1|Deployment|argocd|argo-cd-argocd-server,spec.template.spec.containers[0].env[4].valueFrom.configMapKeyRef.name
needs,hx-app-dev,hx-app-dev/argo-cd,object,ConfigMap,argocd,argocd-cmd-params-cm,resolved-rendered,,hx-app-dev/argo-cd,container ConfigMap key reference,data/kubara-effective-renders/current-platform/hx-app-dev/argo-cd.yaml,apps/v1|Deployment|argocd|argo-cd-argocd-repo-server,spec.template.spec.containers[0].env[37].valueFrom.configMapKeyRef.name
needs,hx-app-dev,hx-app-dev/argo-cd,object,ConfigMap,argocd,argocd-cmd-params-cm,resolved-rendered,,hx-app-dev/argo-cd,container ConfigMap key reference,data/kubara-effective-renders/current-platform/hx-app-dev/argo-cd.yaml,apps/v1|Deployment|argocd|argo-cd-argocd-repo-server,spec.template.spec.containers[0].env[33].valueFrom.configMapKeyRef.name
needs,hx-app-dev,hx-app-dev/argo-cd,object,ConfigMap,argocd,argocd-cmd-params-cm,resolved-rendered,,hx-app-dev/argo-cd,container ConfigMap key reference,data/kubara-effective-renders/current-platform/hx-app-dev/argo-cd.yaml,apps/v1|Deployment|argocd|argo-cd-argocd-server,spec.template.spec.containers[0].env[33].valueFrom.configMapKeyRef.name
needs,hx-app-dev,hx-app-dev/argo-cd,object,ConfigMap,argocd,argocd-cmd-params-cm,resolved-rendered,,hx-app-dev/argo-cd,container ConfigMap key reference,data/kubara-effective-renders/current-platform/hx-app-dev/argo-cd.yaml,apps/v1|StatefulSet|argocd|argo-cd-argocd-application-controller,spec.template.spec.containers[0].env[40].valueFrom.configMapKeyRef.name
needs,hx-app-dev,hx-app-dev/argo-cd,object,ConfigMap,argocd,argocd-cmd-params-cm,resolved-rendered,,hx-app-dev/argo-cd,container ConfigMap key reference,data/kubara-effective-renders/current-platform/hx-app-dev/argo-cd.yaml,apps/v1|StatefulSet|argocd|argo-cd-argocd-application-controller,spec.template.spec.containers[0].env[11].valueFrom.configMapKeyRef.name
needs,hx-app-dev,hx-app-dev/argo-cd,object,ConfigMap,argocd,argocd-cmd-params-cm,resolved-rendered,,hx-app-dev/argo-cd,container ConfigMap key reference,data/kubara-effective-renders/current-platform/hx-app-dev/argo-cd.yaml,apps/v1|Deployment|argocd|argo-cd-argocd-dex-server,spec.template.spec.containers[0].env[2].valueFrom.configMapKeyRef.name
needs,hx-app-dev,hx-app-dev/argo-cd,object,ConfigMap,argocd,argocd-cmd-params-cm,resolved-rendered,,hx-app-dev/argo-cd,container ConfigMap key reference,data/kubara-effective-renders/current-platform/hx-app-dev/argo-cd.yaml,apps/v1|Deployment|argocd|argo-cd-argocd-applicationset-controller,spec.template.spec.containers[0].env[3].valueFrom.configMapKeyRef.name
needs,hx-app-dev,hx-app-dev/argo-cd,object,ConfigMap,argocd,argocd-cmd-params-cm,resolved-rendered,,hx-app-dev/argo-cd,container ConfigMap key reference,data/kubara-effective-renders/current-platform/hx-app-dev/argo-cd.yaml,apps/v1|StatefulSet|argocd|argo-cd-argocd-application-controller,spec.template.spec.containers[0].env[27].valueFrom.configMapKeyRef.name
needs,hx-app-dev,hx-app-dev/argo-cd,object,ConfigMap,argocd,argocd-cmd-params-cm,resolved-rendered,,hx-app-dev/argo-cd,container ConfigMap key reference,data/kubara-effective-renders/current-platform/hx-app-dev/argo-cd.yaml,apps/v1|Deployment|argocd|argo-cd-argocd-repo-server,spec.template.spec.containers[0].env[32].valueFrom.configMapKeyRef.name
needs,hx-app-dev,hx-app-dev/argo-cd,object,ConfigMap,argocd,argocd-cmd-params-cm,resolved-rendered,,hx-app-dev/argo-cd,container ConfigMap key reference,data/kubara-effective-renders/current-platform/hx-app-dev/argo-cd.yaml,apps/v1|Deployment|argocd|argo-cd-argocd-server,spec.template.spec.containers[0].env[39].valueFrom.configMapKeyRef.name
needs,hx-app-dev,hx-app-dev/argo-cd,object,ConfigMap,argocd,argocd-cmd-params-cm,resolved-rendered,,hx-app-dev/argo-cd,container ConfigMap key reference,data/kubara-effective-renders/current-platform/hx-app-dev/argo-cd.yaml,apps/v1|StatefulSet|argocd|argo-cd-argocd-application-controller,spec.template.spec.containers[0].env[8].valueFrom.configMapKeyRef.name
needs,hx-app-dev,hx-app-dev/argo-cd,object,ConfigMap,argocd,argocd-cmd-params-cm,resolved-rendered,,hx-app-dev/argo-cd,container ConfigMap key reference,data/kubara-effective-renders/current-platform/hx-app-dev/argo-cd.yaml,apps/v1|Deployment|argocd|argo-cd-argocd-server,spec.template.spec.containers[0].env[11].valueFrom.configMapKeyRef.name
needs,hx-app-dev,hx-app-dev/argo-cd,object,ConfigMap,argocd,argocd-cmd-params-cm,resolved-rendered,,hx-app-dev/argo-cd,container ConfigMap key reference,data/kubara-effective-renders/current-platform/hx-app-dev/argo-cd.yaml,apps/v1|Deployment|argocd|argo-cd-argocd-applicationset-controller,spec.template.spec.containers[0].env[9].valueFrom.configMapKeyRef.name
needs,hx-app-dev,hx-app-dev/argo-cd,object,ConfigMap,argocd,argocd-cmd-params-cm,resolved-rendered,,hx-app-dev/argo-cd,container ConfigMap key reference,data/kubara-effective-renders/current-platform/hx-app-dev/argo-cd.yaml,apps/v1|Deployment|argocd|argo-cd-argocd-server,spec.template.spec.containers[0].env[52].valueFrom.configMapKeyRef.name
needs,hx-app-dev,hx-app-dev/argo-cd,object,ConfigMap,argocd,argocd-cmd-params-cm,resolved-rendered,,hx-app-dev/argo-cd,container ConfigMap key reference,data/kubara-effective-renders/current-platform/hx-app-dev/argo-cd.yaml,apps/v1|StatefulSet|argocd|argo-cd-argocd-application-controller,spec.template.spec.containers[0].env[22].valueFrom.configMapKeyRef.name
needs,hx-app-dev,hx-app-dev/argo-cd,object,ConfigMap,argocd,argocd-cmd-params-cm,resolved-rendered,,hx-app-dev/argo-cd,container ConfigMap key reference,data/kubara-effective-renders/current-platform/hx-app-dev/argo-cd.yaml,apps/v1|Deployment|argocd|argo-cd-argocd-repo-server,spec.template.spec.containers[0].env[3].valueFrom.configMapKeyRef.name
needs,hx-app-dev,hx-app-dev/argo-cd,object,ConfigMap,argocd,argocd-cmd-params-cm,resolved-rendered,,hx-app-dev/argo-cd,container ConfigMap key reference,data/kubara-effective-renders/current-platform/hx-app-dev/argo-cd.yaml,apps/v1|Deployment|argocd|argo-cd-argocd-applicationset-controller,spec.template.spec.containers[0].env[13].valueFrom.configMapKeyRef.name
needs,hx-app-dev,hx-app-dev/argo-cd,object,ConfigMap,argocd,argocd-cmd-params-cm,resolved-rendered,,hx-app-dev/argo-cd,container ConfigMap key reference,data/kubara-effective-renders/current-platform/hx-app-dev/argo-cd.yaml,apps/v1|Deployment|argocd|argo-cd-argocd-server,spec.template.spec.containers[0].env[43].valueFrom.configMapKeyRef.name
needs,hx-app-dev,hx-app-dev/argo-cd,object,ConfigMap,argocd,argocd-cmd-params-cm,resolved-rendered,,hx-app-dev/argo-cd,container ConfigMap key reference,data/kubara-effective-renders/current-platform/hx-app-dev/argo-cd.yaml,apps/v1|Deployment|argocd|argo-cd-argocd-repo-server,spec.template.spec.containers[0].env[24].valueFrom.configMapKeyRef.name
needs,hx-app-dev,hx-app-dev/argo-cd,object,ConfigMap,argocd,argocd-cmd-params-cm,resolved-rendered,,hx-app-dev/argo-cd,container ConfigMap key reference,data/kubara-effective-renders/current-platform/hx-app-dev/argo-cd.yaml,apps/v1|Deployment|argocd|argo-cd-argocd-server,spec.template.spec.containers[0].env[12].valueFrom.configMapKeyRef.name
needs,hx-app-dev,hx-app-dev/argo-cd,object,ConfigMap,argocd,argocd-cmd-params-cm,resolved-rendered,,hx-app-dev/argo-cd,container ConfigMap key reference,data/kubara-effective-renders/current-platform/hx-app-dev/argo-cd.yaml,apps/v1|StatefulSet|argocd|argo-cd-argocd-application-controller,spec.template.spec.containers[0].env[45].valueFrom.configMapKeyRef.name
needs,hx-app-dev,hx-app-dev/argo-cd,object,ConfigMap,argocd,argocd-cmd-params-cm,resolved-rendered,,hx-app-dev/argo-cd,container ConfigMap key reference,data/kubara-effective-renders/current-platform/hx-app-dev/argo-cd.yaml,apps/v1|Deployment|argocd|argo-cd-argocd-server,spec.template.spec.containers[0].env[36].valueFrom.configMapKeyRef.name
needs,hx-app-dev,hx-app-dev/argo-cd,object,ConfigMap,argocd,argocd-cmd-params-cm,resolved-rendered,,hx-app-dev/argo-cd,container ConfigMap key reference,data/kubara-effective-renders/current-platform/hx-app-dev/argo-cd.yaml,apps/v1|StatefulSet|argocd|argo-cd-argocd-application-controller,spec.template.spec.containers[0].env[21].valueFrom.configMapKeyRef.name
needs,hx-app-dev,hx-app-dev/argo-cd,object,ConfigMap,argocd,argocd-cmd-params-cm,resolved-rendered,,hx-app-dev/argo-cd,container ConfigMap key reference,data/kubara-effective-renders/current-platform/hx-app-dev/argo-cd.yaml,apps/v1|Deployment|argocd|argo-cd-argocd-applicationset-controller,spec.template.spec.containers[0].env[4].valueFrom.configMapKeyRef.name
needs,hx-app-dev,hx-app-dev/argo-cd,object,ConfigMap,argocd,argocd-cmd-params-cm,resolved-rendered,,hx-app-dev/argo-cd,container ConfigMap key reference,data/kubara-effective-renders/current-platform/hx-app-dev/argo-cd.yaml,apps/v1|Deployment|argocd|argo-cd-argocd-applicationset-controller,spec.template.spec.containers[0].env[2].valueFrom.configMapKeyRef.name
needs,hx-app-dev,hx-app-dev/argo-cd,object,ConfigMap,argocd,argocd-cmd-params-cm,resolved-rendered,,hx-app-dev/argo-cd,container ConfigMap key reference,data/kubara-effective-renders/current-platform/hx-app-dev/argo-cd.yaml,apps/v1|Deployment|argocd|argo-cd-argocd-repo-server,spec.template.spec.containers[0].env[38].valueFrom.configMapKeyRef.name
needs,hx-app-dev,hx-app-dev/argo-cd,object,ConfigMap,argocd,argocd-cmd-params-cm,resolved-rendered,,hx-app-dev/argo-cd,container ConfigMap key reference,data/kubara-effective-renders/current-platform/hx-app-dev/argo-cd.yaml,apps/v1|Deployment|argocd|argo-cd-argocd-server,spec.template.spec.containers[0].env[44].valueFrom.configMapKeyRef.name
needs,hx-app-dev,hx-app-dev/argo-cd,object,ConfigMap,argocd,argocd-cmd-params-cm,resolved-rendered,,hx-app-dev/argo-cd,container ConfigMap key reference,data/kubara-effective-renders/current-platform/hx-app-dev/argo-cd.yaml,apps/v1|StatefulSet|argocd|argo-cd-argocd-application-controller,spec.template.spec.containers[0].env[7].valueFrom.configMapKeyRef.name
needs,hx-app-dev,hx-app-dev/argo-cd,object,ConfigMap,argocd,argocd-cmd-params-cm,resolved-rendered,,hx-app-dev/argo-cd,container ConfigMap key reference,data/kubara-effective-renders/current-platform/hx-app-dev/argo-cd.yaml,apps/v1|Deployment|argocd|argo-cd-argocd-applicationset-controller,spec.template.spec.containers[0].env[20].valueFrom.configMapKeyRef.name
needs,hx-app-dev,hx-app-dev/argo-cd,object,ConfigMap,argocd,argocd-cmd-params-cm,resolved-rendered,,hx-app-dev/argo-cd,container ConfigMap key reference,data/kubara-effective-renders/current-platform/hx-app-dev/argo-cd.yaml,apps/v1|Deployment|argocd|argo-cd-argocd-server,spec.template.spec.containers[0].env[26].valueFrom.configMapKeyRef.name
needs,hx-app-dev,hx-app-dev/argo-cd,object,ConfigMap,argocd,argocd-cmd-params-cm,resolved-rendered,,hx-app-dev/argo-cd,container ConfigMap key reference,data/kubara-effective-renders/current-platform/hx-app-dev/argo-cd.yaml,apps/v1|Deployment|argocd|argo-cd-argocd-repo-server,spec.template.spec.containers[0].env[14].valueFrom.configMapKeyRef.name
needs,hx-app-dev,hx-app-dev/argo-cd,object,ConfigMap,argocd,argocd-cmd-params-cm,resolved-rendered,,hx-app-dev/argo-cd,container ConfigMap key reference,data/kubara-effective-renders/current-platform/hx-app-dev/argo-cd.yaml,apps/v1|Deployment|argocd|argo-cd-argocd-server,spec.template.spec.containers[0].env[48].valueFrom.configMapKeyRef.name
needs,hx-app-dev,hx-app-dev/argo-cd,object,ConfigMap,argocd,argocd-cmd-params-cm,resolved-rendered,,hx-app-dev/argo-cd,container ConfigMap key reference,data/kubara-effective-renders/current-platform/hx-app-dev/argo-cd.yaml,apps/v1|Deployment|argocd|argo-cd-argocd-applicationset-controller,spec.template.spec.containers[0].env[25].valueFrom.configMapKeyRef.name
needs,hx-app-dev,hx-app-dev/argo-cd,object,ConfigMap,argocd,argocd-cmd-params-cm,resolved-rendered,,hx-app-dev/argo-cd,container ConfigMap key reference,data/kubara-effective-renders/current-platform/hx-app-dev/argo-cd.yaml,apps/v1|Deployment|argocd|argo-cd-argocd-server,spec.template.spec.containers[0].env[18].valueFrom.configMapKeyRef.name
needs,hx-app-dev,hx-app-dev/argo-cd,object,ConfigMap,argocd,argocd-cmd-params-cm,resolved-rendered,,hx-app-dev/argo-cd,container ConfigMap key reference,data/kubara-effective-renders/current-platform/hx-app-dev/argo-cd.yaml,apps/v1|StatefulSet|argocd|argo-cd-argocd-application-controller,spec.template.spec.containers[0].env[34].valueFrom.configMapKeyRef.name
needs,hx-app-dev,hx-app-dev/argo-cd,object,ConfigMap,argocd,argocd-cmd-params-cm,resolved-rendered,,hx-app-dev/argo-cd,container ConfigMap key reference,data/kubara-effective-renders/current-platform/hx-app-dev/argo-cd.yaml,apps/v1|Deployment|argocd|argo-cd-argocd-server,spec.template.spec.containers[0].env[2].valueFrom.configMapKeyRef.name
needs,hx-app-dev,hx-app-dev/argo-cd,object,ConfigMap,argocd,argocd-cmd-params-cm,resolved-rendered,,hx-app-dev/argo-cd,container ConfigMap key reference,data/kubara-effective-renders/current-platform/hx-app-dev/argo-cd.yaml,apps/v1|Deployment|argocd|argo-cd-argocd-applicationset-controller,spec.template.spec.containers[0].env[6].valueFrom.configMapKeyRef.name
needs,hx-app-dev,hx-app-dev/argo-cd,object,ConfigMap,argocd,argocd-cmd-params-cm,resolved-rendered,,hx-app-dev/argo-cd,container ConfigMap key reference,data/kubara-effective-renders/current-platform/hx-app-dev/argo-cd.yaml,apps/v1|Deployment|argocd|argo-cd-argocd-repo-server,spec.template.spec.containers[0].env[36].valueFrom.configMapKeyRef.name
needs,hx-app-dev,hx-app-dev/argo-cd,object,ConfigMap,argocd,argocd-cmd-params-cm,resolved-rendered,,hx-app-dev/argo-cd,container ConfigMap key reference,data/kubara-effective-renders/current-platform/hx-app-dev/argo-cd.yaml,apps/v1|Deployment|argocd|argo-cd-argocd-applicationset-controller,spec.template.spec.containers[0].env[7].valueFrom.configMapKeyRef.name
needs,hx-app-dev,hx-app-dev/argo-cd,object,ConfigMap,argocd,argocd-cmd-params-cm,resolved-rendered,,hx-app-dev/argo-cd,container ConfigMap key reference,data/kubara-effective-renders/current-platform/hx-app-dev/argo-cd.yaml,apps/v1|Deployment|argocd|argo-cd-argocd-applicationset-controller,spec.template.spec.containers[0].env[19].valueFrom.configMapKeyRef.name
needs,hx-app-dev,hx-app-dev/argo-cd,object,ConfigMap,argocd,argocd-cmd-params-cm,resolved-rendered,,hx-app-dev/argo-cd,container ConfigMap key reference,data/kubara-effective-renders/current-platform/hx-app-dev/argo-cd.yaml,apps/v1|StatefulSet|argocd|argo-cd-argocd-application-controller,spec.template.spec.containers[0].env[43].valueFrom.configMapKeyRef.name
needs,hx-app-dev,hx-app-dev/argo-cd,object,ConfigMap,argocd,argocd-cmd-params-cm,resolved-rendered,,hx-app-dev/argo-cd,container ConfigMap key reference,data/kubara-effective-renders/current-platform/hx-app-dev/argo-cd.yaml,apps/v1|Deployment|argocd|argo-cd-argocd-applicationset-controller,spec.template.spec.containers[0].env[21].valueFrom.configMapKeyRef.name
needs,hx-app-dev,hx-app-dev/argo-cd,object,ConfigMap,argocd,argocd-cmd-params-cm,resolved-rendered,,hx-app-dev/argo-cd,container ConfigMap key reference,data/kubara-effective-renders/current-platform/hx-app-dev/argo-cd.yaml,apps/v1|Deployment|argocd|argo-cd-argocd-server,spec.template.spec.containers[0].env[9].valueFrom.configMapKeyRef.name
needs,hx-app-dev,hx-app-dev/argo-cd,object,ConfigMap,argocd,argocd-cmd-params-cm,resolved-rendered,,hx-app-dev/argo-cd,container ConfigMap key reference,data/kubara-effective-renders/current-platform/hx-app-dev/argo-cd.yaml,apps/v1|Deployment|argocd|argo-cd-argocd-applicationset-controller,spec.template.spec.containers[0].env[26].valueFrom.configMapKeyRef.name
needs,hx-app-dev,hx-app-dev/argo-cd,object,ConfigMap,argocd,argocd-cmd-params-cm,resolved-rendered,,hx-app-dev/argo-cd,container ConfigMap key reference,data/kubara-effective-renders/current-platform/hx-app-dev/argo-cd.yaml,apps/v1|Deployment|argocd|argo-cd-argocd-dex-server,spec.template.spec.containers[0].env[3].valueFrom.configMapKeyRef.name
needs,hx-app-dev,hx-app-dev/argo-cd,object,ConfigMap,argocd,argocd-cmd-params-cm,resolved-rendered,,hx-app-dev/argo-cd,container ConfigMap key reference,data/kubara-effective-renders/current-platform/hx-app-dev/argo-cd.yaml,apps/v1|StatefulSet|argocd|argo-cd-argocd-application-controller,spec.template.spec.containers[0].env[41].valueFrom.configMapKeyRef.name
needs,hx-app-dev,hx-app-dev/argo-cd,object,ConfigMap,argocd,argocd-cmd-params-cm,resolved-rendered,,hx-app-dev/argo-cd,container ConfigMap key reference,data/kubara-effective-renders/current-platform/hx-app-dev/argo-cd.yaml,apps/v1|StatefulSet|argocd|argo-cd-argocd-application-controller,spec.template.spec.containers[0].env[32].valueFrom.configMapKeyRef.name
needs,hx-app-dev,hx-app-dev/argo-cd,object,ConfigMap,argocd,argocd-cmd-params-cm,resolved-rendered,,hx-app-dev/argo-cd,container ConfigMap key reference,data/kubara-effective-renders/current-platform/hx-app-dev/argo-cd.yaml,apps/v1|Deployment|argocd|argo-cd-argocd-server,spec.template.spec.containers[0].env[41].valueFrom.configMapKeyRef.name
needs,hx-app-dev,hx-app-dev/argo-cd,object,ConfigMap,argocd,argocd-cmd-params-cm,resolved-rendered,,hx-app-dev/argo-cd,container ConfigMap key reference,data/kubara-effective-renders/current-platform/hx-app-dev/argo-cd.yaml,apps/v1|StatefulSet|argocd|argo-cd-argocd-application-controller,spec.template.spec.containers[0].env[33].valueFrom.configMapKeyRef.name
needs,hx-app-dev,hx-app-dev/argo-cd,object,ConfigMap,argocd,argocd-cmd-params-cm,resolved-rendered,,hx-app-dev/argo-cd,container ConfigMap key reference,data/kubara-effective-renders/current-platform/hx-app-dev/argo-cd.yaml,apps/v1|Deployment|argocd|argo-cd-argocd-repo-server,spec.template.spec.containers[0].env[5].valueFrom.configMapKeyRef.name
needs,hx-app-dev,hx-app-dev/argo-cd,object,ConfigMap,argocd,argocd-cmd-params-cm,resolved-rendered,,hx-app-dev/argo-cd,container ConfigMap key reference,data/kubara-effective-renders/current-platform/hx-app-dev/argo-cd.yaml,apps/v1|Deployment|argocd|argo-cd-argocd-repo-server,spec.template.spec.containers[0].env[29].valueFrom.configMapKeyRef.name
needs,hx-app-dev,hx-app-dev/argo-cd,object,ConfigMap,argocd,argocd-cmd-params-cm,resolved-rendered,,hx-app-dev/argo-cd,container ConfigMap key reference,data/kubara-effective-renders/current-platform/hx-app-dev/argo-cd.yaml,apps/v1|Deployment|argocd|argo-cd-argocd-repo-server,spec.template.spec.containers[0].env[28].valueFrom.configMapKeyRef.name
needs,hx-app-dev,hx-app-dev/argo-cd,object,ConfigMap,argocd,argocd-cmd-params-cm,resolved-rendered,,hx-app-dev/argo-cd,container ConfigMap key reference,data/kubara-effective-renders/current-platform/hx-app-dev/argo-cd.yaml,apps/v1|Deployment|argocd|argo-cd-argocd-repo-server,spec.template.spec.containers[0].env[30].valueFrom.configMapKeyRef.name
needs,hx-app-dev,hx-app-dev/argo-cd,object,ConfigMap,argocd,argocd-cmd-params-cm,resolved-rendered,,hx-app-dev/argo-cd,container ConfigMap key reference,data/kubara-effective-renders/current-platform/hx-app-dev/argo-cd.yaml,apps/v1|StatefulSet|argocd|argo-cd-argocd-application-controller,spec.template.spec.containers[0].env[10].valueFrom.configMapKeyRef.name
needs,hx-app-dev,hx-app-dev/argo-cd,object,ConfigMap,argocd,argocd-gpg-keys-cm,resolved-rendered,,hx-app-dev/argo-cd,pod volume ConfigMap reference,data/kubara-effective-renders/current-platform/hx-app-dev/argo-cd.yaml,apps/v1|Deployment|argocd|argo-cd-argocd-repo-server,spec.template.spec.volumes[6].configMap.name
needs,hx-app-dev,hx-app-dev/argo-cd,object,ConfigMap,argocd,argocd-gpg-keys-cm,resolved-rendered,,hx-app-dev/argo-cd,pod volume ConfigMap reference,data/kubara-effective-renders/current-platform/hx-app-dev/argo-cd.yaml,apps/v1|Deployment|argocd|argo-cd-argocd-applicationset-controller,spec.template.spec.volumes[2].configMap.name
needs,hx-app-dev,hx-app-dev/argo-cd,object,ConfigMap,argocd,argocd-ssh-known-hosts-cm,resolved-rendered,,hx-app-dev/argo-cd,pod volume ConfigMap reference,data/kubara-effective-renders/current-platform/hx-app-dev/argo-cd.yaml,apps/v1|Deployment|argocd|argo-cd-argocd-repo-server,spec.template.spec.volumes[4].configMap.name
needs,hx-app-dev,hx-app-dev/argo-cd,object,ConfigMap,argocd,argocd-ssh-known-hosts-cm,resolved-rendered,,hx-app-dev/argo-cd,pod volume ConfigMap reference,data/kubara-effective-renders/current-platform/hx-app-dev/argo-cd.yaml,apps/v1|Deployment|argocd|argo-cd-argocd-server,spec.template.spec.volumes[2].configMap.name
needs,hx-app-dev,hx-app-dev/argo-cd,object,ConfigMap,argocd,argocd-ssh-known-hosts-cm,resolved-rendered,,hx-app-dev/argo-cd,pod volume ConfigMap reference,data/kubara-effective-renders/current-platform/hx-app-dev/argo-cd.yaml,apps/v1|Deployment|argocd|argo-cd-argocd-applicationset-controller,spec.template.spec.volumes[0].configMap.name
needs,hx-app-dev,hx-app-dev/argo-cd,object,ConfigMap,argocd,argocd-styles-cm,optional-unprovided,,,pod volume ConfigMap reference,data/kubara-effective-renders/current-platform/hx-app-dev/argo-cd.yaml,apps/v1|Deployment|argocd|argo-cd-argocd-server,spec.template.spec.volumes[4].configMap.name
needs,hx-app-dev,hx-app-dev/argo-cd,object,ConfigMap,argocd,argocd-tls-certs-cm,resolved-rendered,,hx-app-dev/argo-cd,pod volume ConfigMap reference,data/kubara-effective-renders/current-platform/hx-app-dev/argo-cd.yaml,apps/v1|Deployment|argocd|argo-cd-argocd-server,spec.template.spec.volumes[3].configMap.name
needs,hx-app-dev,hx-app-dev/argo-cd,object,ConfigMap,argocd,argocd-tls-certs-cm,resolved-rendered,,hx-app-dev/argo-cd,pod volume ConfigMap reference,data/kubara-effective-renders/current-platform/hx-app-dev/argo-cd.yaml,apps/v1|Deployment|argocd|argo-cd-argocd-repo-server,spec.template.spec.volumes[5].configMap.name
needs,hx-app-dev,hx-app-dev/argo-cd,object,ConfigMap,argocd,argocd-tls-certs-cm,resolved-rendered,,hx-app-dev/argo-cd,pod volume ConfigMap reference,data/kubara-effective-renders/current-platform/hx-app-dev/argo-cd.yaml,apps/v1|Deployment|argocd|argo-cd-argocd-applicationset-controller,spec.template.spec.volumes[1].configMap.name
needs,hx-app-dev,hx-app-dev/argo-cd,object,ConfigMap,argocd,restart-script,resolved-rendered,,hx-app-dev/argo-cd,pod volume ConfigMap reference,data/kubara-effective-renders/current-platform/hx-app-dev/argo-cd.yaml,batch/v1|Job|argocd|dex-restarter,spec.template.spec.volumes[0].configMap.name
needs,hx-app-dev,hx-app-dev/argo-cd,object,IngressClass,,traefik,resolved-rendered,,hx-app-dev/traefik,Ingress class reference,data/kubara-effective-renders/current-platform/hx-app-dev/argo-cd.yaml,networking.k8s.io/v1|Ingress|argocd|argo-cd-argocd-server-grpc,spec.ingressClassName
needs,hx-app-dev,hx-app-dev/argo-cd,object,Role,argocd,argo-cd-argocd-application-controller,resolved-rendered,,hx-app-dev/argo-cd,RBAC role reference,data/kubara-effective-renders/current-platform/hx-app-dev/argo-cd.yaml,rbac.authorization.k8s.io/v1|RoleBinding|argocd|argo-cd-argocd-application-controller,roleRef
needs,hx-app-dev,hx-app-dev/argo-cd,object,Role,argocd,argo-cd-argocd-applicationset-controller,resolved-rendered,,hx-app-dev/argo-cd,RBAC role reference,data/kubara-effective-renders/current-platform/hx-app-dev/argo-cd.yaml,rbac.authorization.k8s.io/v1|RoleBinding|argocd|argo-cd-argocd-applicationset-controller,roleRef
needs,hx-app-dev,hx-app-dev/argo-cd,object,Role,argocd,argo-cd-argocd-dex-server,resolved-rendered,,hx-app-dev/argo-cd,RBAC role reference,data/kubara-effective-renders/current-platform/hx-app-dev/argo-cd.yaml,rbac.authorization.k8s.io/v1|RoleBinding|argocd|argo-cd-argocd-dex-server,roleRef
needs,hx-app-dev,hx-app-dev/argo-cd,object,Role,argocd,argo-cd-argocd-redis-secret-init,resolved-rendered,,hx-app-dev/argo-cd,RBAC role reference,data/kubara-effective-renders/current-platform/hx-app-dev/argo-cd.yaml,rbac.authorization.k8s.io/v1|RoleBinding|argocd|argo-cd-argocd-redis-secret-init,roleRef
needs,hx-app-dev,hx-app-dev/argo-cd,object,Role,argocd,argo-cd-argocd-repo-server,resolved-rendered,,hx-app-dev/argo-cd,RBAC role reference,data/kubara-effective-renders/current-platform/hx-app-dev/argo-cd.yaml,rbac.authorization.k8s.io/v1|RoleBinding|argocd|argo-cd-argocd-repo-server,roleRef
needs,hx-app-dev,hx-app-dev/argo-cd,object,Role,argocd,argo-cd-argocd-server,resolved-rendered,,hx-app-dev/argo-cd,RBAC role reference,data/kubara-effective-renders/current-platform/hx-app-dev/argo-cd.yaml,rbac.authorization.k8s.io/v1|RoleBinding|argocd|argo-cd-argocd-server,roleRef
needs,hx-app-dev,hx-app-dev/argo-cd,object,Role,argocd,dex-restarter,resolved-rendered,,hx-app-dev/argo-cd,RBAC role reference,data/kubara-effective-renders/current-platform/hx-app-dev/argo-cd.yaml,rbac.authorization.k8s.io/v1|RoleBinding|argocd|dex-restarter,roleRef
needs,hx-app-dev,hx-app-dev/argo-cd,object,Secret,argocd,argo-cd-argocd-redis,optional-unprovided,,,container secret key reference,data/kubara-effective-renders/current-platform/hx-app-dev/argo-cd.yaml,apps/v1|Deployment|argocd|argo-cd-argocd-server,spec.template.spec.containers[0].env[30].valueFrom.secretKeyRef.name
needs,hx-app-dev,hx-app-dev/argo-cd,object,Secret,argocd,argo-cd-argocd-redis,optional-unprovided,,,container secret key reference,data/kubara-effective-renders/current-platform/hx-app-dev/argo-cd.yaml,apps/v1|Deployment|argocd|argo-cd-argocd-repo-server,spec.template.spec.containers[0].env[19].valueFrom.secretKeyRef.name
needs,hx-app-dev,hx-app-dev/argo-cd,object,Secret,argocd,argo-cd-argocd-redis,optional-unprovided,,,container secret key reference,data/kubara-effective-renders/current-platform/hx-app-dev/argo-cd.yaml,apps/v1|StatefulSet|argocd|argo-cd-argocd-application-controller,spec.template.spec.containers[0].env[30].valueFrom.secretKeyRef.name
needs,hx-app-dev,hx-app-dev/argo-cd,object,Secret,argocd,argo-cd-argocd-redis,optional-unprovided,,,container secret key reference,data/kubara-effective-renders/current-platform/hx-app-dev/argo-cd.yaml,apps/v1|Deployment|argocd|argo-cd-argocd-server,spec.template.spec.containers[0].env[31].valueFrom.secretKeyRef.name
needs,hx-app-dev,hx-app-dev/argo-cd,object,Secret,argocd,argo-cd-argocd-redis,optional-unprovided,,,container secret key reference,data/kubara-effective-renders/current-platform/hx-app-dev/argo-cd.yaml,apps/v1|StatefulSet|argocd|argo-cd-argocd-application-controller,spec.template.spec.containers[0].env[31].valueFrom.secretKeyRef.name
needs,hx-app-dev,hx-app-dev/argo-cd,object,Secret,argocd,argo-cd-argocd-redis,optional-unprovided,,,container secret key reference,data/kubara-effective-renders/current-platform/hx-app-dev/argo-cd.yaml,apps/v1|Deployment|argocd|argo-cd-argocd-repo-server,spec.template.spec.containers[0].env[20].valueFrom.secretKeyRef.name
needs,hx-app-dev,hx-app-dev/argo-cd,object,Secret,argocd,argocd-dex-server-tls,optional-unprovided,,,pod volume secret reference,data/kubara-effective-renders/current-platform/hx-app-dev/argo-cd.yaml,apps/v1|Deployment|argocd|argo-cd-argocd-server,spec.template.spec.volumes[6].secret.secretName
needs,hx-app-dev,hx-app-dev/argo-cd,object,Secret,argocd,argocd-dex-server-tls,optional-unprovided,,,pod volume secret reference,data/kubara-effective-renders/current-platform/hx-app-dev/argo-cd.yaml,apps/v1|Deployment|argocd|argo-cd-argocd-dex-server,spec.template.spec.volumes[2].secret.secretName
needs,hx-app-dev,hx-app-dev/argo-cd,object,Secret,argocd,argocd-redis,resolved-runtime,,hx-app-dev/argo-cd,container secret key reference,data/kubara-effective-renders/current-platform/hx-app-dev/argo-cd.yaml,apps/v1|Deployment|argocd|argo-cd-argocd-redis,spec.template.spec.containers[0].env[0].valueFrom.secretKeyRef.name
needs,hx-app-dev,hx-app-dev/argo-cd,object,Secret,argocd,argocd-redis,resolved-runtime,,hx-app-dev/argo-cd,container secret key reference,data/kubara-effective-renders/current-platform/hx-app-dev/argo-cd.yaml,apps/v1|StatefulSet|argocd|argo-cd-argocd-application-controller,spec.template.spec.containers[0].env[28].valueFrom.secretKeyRef.name
needs,hx-app-dev,hx-app-dev/argo-cd,object,Secret,argocd,argocd-redis,resolved-runtime,,hx-app-dev/argo-cd,container secret key reference,data/kubara-effective-renders/current-platform/hx-app-dev/argo-cd.yaml,apps/v1|Deployment|argocd|argo-cd-argocd-server,spec.template.spec.containers[0].env[28].valueFrom.secretKeyRef.name
needs,hx-app-dev,hx-app-dev/argo-cd,object,Secret,argocd,argocd-redis,resolved-runtime,,hx-app-dev/argo-cd,container secret key reference,data/kubara-effective-renders/current-platform/hx-app-dev/argo-cd.yaml,apps/v1|Deployment|argocd|argo-cd-argocd-server,spec.template.spec.containers[0].env[29].valueFrom.secretKeyRef.name
needs,hx-app-dev,hx-app-dev/argo-cd,object,Secret,argocd,argocd-redis,resolved-runtime,,hx-app-dev/argo-cd,container secret key reference,data/kubara-effective-renders/current-platform/hx-app-dev/argo-cd.yaml,apps/v1|Deployment|argocd|argo-cd-argocd-repo-server,spec.template.spec.containers[0].env[17].valueFrom.secretKeyRef.name
needs,hx-app-dev,hx-app-dev/argo-cd,object,Secret,argocd,argocd-redis,resolved-runtime,,hx-app-dev/argo-cd,container secret key reference,data/kubara-effective-renders/current-platform/hx-app-dev/argo-cd.yaml,apps/v1|StatefulSet|argocd|argo-cd-argocd-application-controller,spec.template.spec.containers[0].env[29].valueFrom.secretKeyRef.name
needs,hx-app-dev,hx-app-dev/argo-cd,object,Secret,argocd,argocd-redis,resolved-runtime,,hx-app-dev/argo-cd,container secret key reference,data/kubara-effective-renders/current-platform/hx-app-dev/argo-cd.yaml,apps/v1|Deployment|argocd|argo-cd-argocd-repo-server,spec.template.spec.containers[0].env[18].valueFrom.secretKeyRef.name
needs,hx-app-dev,hx-app-dev/argo-cd,object,Secret,argocd,argocd-repo-server-tls,optional-unprovided,,,pod volume secret reference,data/kubara-effective-renders/current-platform/hx-app-dev/argo-cd.yaml,apps/v1|Deployment|argocd|argo-cd-argocd-repo-server,spec.template.spec.volumes[8].secret.secretName
needs,hx-app-dev,hx-app-dev/argo-cd,object,Secret,argocd,argocd-repo-server-tls,optional-unprovided,,,pod volume secret reference,data/kubara-effective-renders/current-platform/hx-app-dev/argo-cd.yaml,apps/v1|Deployment|argocd|argo-cd-argocd-server,spec.template.spec.volumes[5].secret.secretName
needs,hx-app-dev,hx-app-dev/argo-cd,object,Secret,argocd,argocd-repo-server-tls,optional-unprovided,,,pod volume secret reference,data/kubara-effective-renders/current-platform/hx-app-dev/argo-cd.yaml,apps/v1|Deployment|argocd|argo-cd-argocd-applicationset-controller,spec.template.spec.volumes[5].secret.secretName
needs,hx-app-dev,hx-app-dev/argo-cd,object,Secret,argocd,argocd-repo-server-tls,optional-unprovided,,,pod volume secret reference,data/kubara-effective-renders/current-platform/hx-app-dev/argo-cd.yaml,apps/v1|StatefulSet|argocd|argo-cd-argocd-application-controller,spec.template.spec.volumes[2].secret.secretName
needs,hx-app-dev,hx-app-dev/argo-cd,object,Secret,argocd,argocd-server-grpc-tls,resolved-runtime,,hx-app-dev/argo-cd,Ingress TLS secret reference,data/kubara-effective-renders/current-platform/hx-app-dev/argo-cd.yaml,networking.k8s.io/v1|Ingress|argocd|argo-cd-argocd-server-grpc,spec.tls[0].secretName
needs,hx-app-dev,hx-app-dev/argo-cd,object,Secret,argocd,cluster-kubernetes.default.svc,resolved-rendered,,hx-app-dev/argo-cd,ApplicationSet selector matches this Argo cluster registration; the controller would generate one Application when the registration exists,data/kubara-effective-renders/current-platform/hx-app-dev/argo-cd.yaml,argoproj.io/v1alpha1|ApplicationSet|argocd|metrics-server,spec.generators[0].clusters.selector
needs,hx-app-dev,hx-app-dev/argo-cd,object,Secret,argocd,cluster-kubernetes.default.svc,resolved-rendered,,hx-app-dev/argo-cd,ApplicationSet selector matches this Argo cluster registration; the controller would generate one Application when the registration exists,data/kubara-effective-renders/current-platform/hx-app-dev/argo-cd.yaml,argoproj.io/v1alpha1|ApplicationSet|argocd|cert-manager,spec.generators[0].clusters.selector
needs,hx-app-dev,hx-app-dev/argo-cd,object,Secret,argocd,cluster-kubernetes.default.svc,resolved-rendered,,hx-app-dev/argo-cd,ApplicationSet selector matches this Argo cluster registration; the controller would generate one Application when the registration exists,data/kubara-effective-renders/current-platform/hx-app-dev/argo-cd.yaml,argoproj.io/v1alpha1|ApplicationSet|argocd|traefik,spec.generators[0].clusters.selector
needs,hx-app-dev,hx-app-dev/argo-cd,object,Secret,argocd,cluster-kubernetes.default.svc,resolved-rendered,,hx-app-dev/argo-cd,ApplicationSet selector matches this Argo cluster registration; the controller would generate one Application when the registration exists,data/kubara-effective-renders/current-platform/hx-app-dev/argo-cd.yaml,argoproj.io/v1alpha1|ApplicationSet|argocd|kube-prometheus-stack,spec.generators[0].clusters.selector
needs,hx-app-dev,hx-app-dev/argo-cd,object,Secret,argocd,cluster-kubernetes.default.svc,resolved-rendered,,hx-app-dev/argo-cd,ApplicationSet selector matches this Argo cluster registration; the controller would generate one Application when the registration exists,data/kubara-effective-renders/current-platform/hx-app-dev/argo-cd.yaml,argoproj.io/v1alpha1|ApplicationSet|argocd|homer-dashboard,spec.generators[0].clusters.selector
needs,hx-app-dev,hx-app-dev/argo-cd,object,Secret,argocd,cluster-kubernetes.default.svc,resolved-rendered,,hx-app-dev/argo-cd,ApplicationSet selector matches this Argo cluster registration; the controller would generate one Application when the registration exists,data/kubara-effective-renders/current-platform/hx-app-dev/argo-cd.yaml,argoproj.io/v1alpha1|ApplicationSet|argocd|argocd,spec.generators[0].clusters.selector
needs,hx-app-dev,hx-app-dev/argo-cd,object,Secret,argocd,cluster-kubernetes.default.svc,resolved-rendered,,hx-app-dev/argo-cd,ApplicationSet selector matches this Argo cluster registration; the controller would generate one Application when the registration exists,data/kubara-effective-renders/current-platform/hx-app-dev/argo-cd.yaml,argoproj.io/v1alpha1|ApplicationSet|argocd|external-secrets,spec.generators[0].clusters.selector
needs,hx-app-dev,hx-app-dev/argo-cd,object,Secret,argocd,hx-app-prod-a-cluster-secret,resolved-runtime,,hx-app-dev/argo-cd,ApplicationSet selector matches this Argo cluster registration; the controller would generate one Application when the registration exists,data/kubara-effective-renders/current-platform/hx-app-dev/argo-cd.yaml,argoproj.io/v1alpha1|ApplicationSet|argocd|cert-manager,spec.generators[0].clusters.selector
needs,hx-app-dev,hx-app-dev/argo-cd,object,Secret,argocd,hx-app-prod-a-cluster-secret,resolved-runtime,,hx-app-dev/argo-cd,ApplicationSet selector matches this Argo cluster registration; the controller would generate one Application when the registration exists,data/kubara-effective-renders/current-platform/hx-app-dev/argo-cd.yaml,argoproj.io/v1alpha1|ApplicationSet|argocd|traefik,spec.generators[0].clusters.selector
needs,hx-app-dev,hx-app-dev/argo-cd,object,Secret,argocd,hx-app-prod-b-cluster-secret,resolved-runtime,,hx-app-dev/argo-cd,ApplicationSet selector matches this Argo cluster registration; the controller would generate one Application when the registration exists,data/kubara-effective-renders/current-platform/hx-app-dev/argo-cd.yaml,argoproj.io/v1alpha1|ApplicationSet|argocd|traefik,spec.generators[0].clusters.selector
needs,hx-app-dev,hx-app-dev/argo-cd,object,Secret,argocd,hx-app-prod-b-cluster-secret,resolved-runtime,,hx-app-dev/argo-cd,ApplicationSet selector matches this Argo cluster registration; the controller would generate one Application when the registration exists,data/kubara-effective-renders/current-platform/hx-app-dev/argo-cd.yaml,argoproj.io/v1alpha1|ApplicationSet|argocd|cert-manager,spec.generators[0].clusters.selector
needs,hx-app-dev,hx-app-dev/argo-cd,object,Secret,argocd,hx-app-staging-cluster-secret,resolved-runtime,,hx-app-dev/argo-cd,ApplicationSet selector matches this Argo cluster registration; the controller would generate one Application when the registration exists,data/kubara-effective-renders/current-platform/hx-app-dev/argo-cd.yaml,argoproj.io/v1alpha1|ApplicationSet|argocd|cert-manager,spec.generators[0].clusters.selector
needs,hx-app-dev,hx-app-dev/argo-cd,object,Secret,argocd,hx-app-staging-cluster-secret,resolved-runtime,,hx-app-dev/argo-cd,ApplicationSet selector matches this Argo cluster registration; the controller would generate one Application when the registration exists,data/kubara-effective-renders/current-platform/hx-app-dev/argo-cd.yaml,argoproj.io/v1alpha1|ApplicationSet|argocd|traefik,spec.generators[0].clusters.selector
needs,hx-app-dev,hx-app-dev/argo-cd,object,Secret,argocd,image-pull-secret,resolved-runtime,,hx-app-dev/argo-cd,workload image pull secret reference,data/kubara-effective-renders/current-platform/hx-app-dev/argo-cd.yaml,apps/v1|Deployment|argocd|argo-cd-argocd-redis,spec.template.spec.imagePullSecrets[0].name
needs,hx-app-dev,hx-app-dev/argo-cd,object,Secret,argocd,image-pull-secret,resolved-runtime,,hx-app-dev/argo-cd,workload image pull secret reference,data/kubara-effective-renders/current-platform/hx-app-dev/argo-cd.yaml,apps/v1|Deployment|argocd|argo-cd-argocd-dex-server,spec.template.spec.imagePullSecrets[0].name
needs,hx-app-dev,hx-app-dev/argo-cd,object,Secret,argocd,image-pull-secret,resolved-runtime,,hx-app-dev/argo-cd,workload image pull secret reference,data/kubara-effective-renders/current-platform/hx-app-dev/argo-cd.yaml,apps/v1|Deployment|argocd|argo-cd-argocd-repo-server,spec.template.spec.imagePullSecrets[0].name
needs,hx-app-dev,hx-app-dev/argo-cd,object,Secret,argocd,image-pull-secret,resolved-runtime,,hx-app-dev/argo-cd,workload image pull secret reference,data/kubara-effective-renders/current-platform/hx-app-dev/argo-cd.yaml,apps/v1|Deployment|argocd|argo-cd-argocd-server,spec.template.spec.imagePullSecrets[0].name
needs,hx-app-dev,hx-app-dev/argo-cd,object,Secret,argocd,image-pull-secret,resolved-runtime,,hx-app-dev/argo-cd,workload image pull secret reference,data/kubara-effective-renders/current-platform/hx-app-dev/argo-cd.yaml,apps/v1|Deployment|argocd|argo-cd-argocd-applicationset-controller,spec.template.spec.imagePullSecrets[0].name
needs,hx-app-dev,hx-app-dev/argo-cd,object,Secret,argocd,image-pull-secret,resolved-runtime,,hx-app-dev/argo-cd,workload image pull secret reference,data/kubara-effective-renders/current-platform/hx-app-dev/argo-cd.yaml,apps/v1|StatefulSet|argocd|argo-cd-argocd-application-controller,spec.template.spec.imagePullSecrets[0].name
needs,hx-app-dev,hx-app-dev/argo-cd,object,Secret,argocd,image-pull-secret,resolved-runtime,,hx-app-dev/argo-cd,workload image pull secret reference,data/kubara-effective-renders/current-platform/hx-app-dev/argo-cd.yaml,batch/v1|Job|argocd|argo-cd-argocd-redis-secret-init,spec.template.spec.imagePullSecrets[0].name
needs,hx-app-dev,hx-app-dev/argo-cd,object,ServiceAccount,argocd,argo-cd-argocd-redis-secret-init,resolved-rendered,,hx-app-dev/argo-cd,RBAC ServiceAccount subject,data/kubara-effective-renders/current-platform/hx-app-dev/argo-cd.yaml,rbac.authorization.k8s.io/v1|RoleBinding|argocd|argo-cd-argocd-redis-secret-init,subjects[0]
needs,hx-app-dev,hx-app-dev/argo-cd,object,ServiceAccount,argocd,argo-cd-argocd-redis-secret-init,resolved-rendered,,hx-app-dev/argo-cd,workload service account reference,data/kubara-effective-renders/current-platform/hx-app-dev/argo-cd.yaml,batch/v1|Job|argocd|argo-cd-argocd-redis-secret-init,spec.template.spec.serviceAccountName
needs,hx-app-dev,hx-app-dev/argo-cd,object,ServiceAccount,argocd,argo-cd-argocd-repo-server,resolved-rendered,,hx-app-dev/argo-cd,workload service account reference,data/kubara-effective-renders/current-platform/hx-app-dev/argo-cd.yaml,apps/v1|Deployment|argocd|argo-cd-argocd-repo-server,spec.template.spec.serviceAccountName
needs,hx-app-dev,hx-app-dev/argo-cd,object,ServiceAccount,argocd,argo-cd-argocd-repo-server,resolved-rendered,,hx-app-dev/argo-cd,RBAC ServiceAccount subject,data/kubara-effective-renders/current-platform/hx-app-dev/argo-cd.yaml,rbac.authorization.k8s.io/v1|RoleBinding|argocd|argo-cd-argocd-repo-server,subjects[0]
needs,hx-app-dev,hx-app-dev/argo-cd,object,ServiceAccount,argocd,argocd-application-controller,resolved-rendered,,hx-app-dev/argo-cd,RBAC ServiceAccount subject,data/kubara-effective-renders/current-platform/hx-app-dev/argo-cd.yaml,rbac.authorization.k8s.io/v1|RoleBinding|argocd|argo-cd-argocd-application-controller,subjects[0]
needs,hx-app-dev,hx-app-dev/argo-cd,object,ServiceAccount,argocd,argocd-application-controller,resolved-rendered,,hx-app-dev/argo-cd,workload service account reference,data/kubara-effective-renders/current-platform/hx-app-dev/argo-cd.yaml,apps/v1|StatefulSet|argocd|argo-cd-argocd-application-controller,spec.template.spec.serviceAccountName
needs,hx-app-dev,hx-app-dev/argo-cd,object,ServiceAccount,argocd,argocd-application-controller,resolved-rendered,,hx-app-dev/argo-cd,RBAC ServiceAccount subject,data/kubara-effective-renders/current-platform/hx-app-dev/argo-cd.yaml,rbac.authorization.k8s.io/v1|ClusterRoleBinding||argo-cd-argocd-application-controller,subjects[0]
needs,hx-app-dev,hx-app-dev/argo-cd,object,ServiceAccount,argocd,argocd-applicationset-controller,resolved-rendered,,hx-app-dev/argo-cd,RBAC ServiceAccount subject,data/kubara-effective-renders/current-platform/hx-app-dev/argo-cd.yaml,rbac.authorization.k8s.io/v1|RoleBinding|argocd|argo-cd-argocd-applicationset-controller,subjects[0]
needs,hx-app-dev,hx-app-dev/argo-cd,object,ServiceAccount,argocd,argocd-applicationset-controller,resolved-rendered,,hx-app-dev/argo-cd,workload service account reference,data/kubara-effective-renders/current-platform/hx-app-dev/argo-cd.yaml,apps/v1|Deployment|argocd|argo-cd-argocd-applicationset-controller,spec.template.spec.serviceAccountName
needs,hx-app-dev,hx-app-dev/argo-cd,object,ServiceAccount,argocd,argocd-dex-server,resolved-rendered,,hx-app-dev/argo-cd,workload service account reference,data/kubara-effective-renders/current-platform/hx-app-dev/argo-cd.yaml,apps/v1|Deployment|argocd|argo-cd-argocd-dex-server,spec.template.spec.serviceAccountName
needs,hx-app-dev,hx-app-dev/argo-cd,object,ServiceAccount,argocd,argocd-dex-server,resolved-rendered,,hx-app-dev/argo-cd,RBAC ServiceAccount subject,data/kubara-effective-renders/current-platform/hx-app-dev/argo-cd.yaml,rbac.authorization.k8s.io/v1|RoleBinding|argocd|argo-cd-argocd-dex-server,subjects[0]
needs,hx-app-dev,hx-app-dev/argo-cd,object,ServiceAccount,argocd,argocd-server,resolved-rendered,,hx-app-dev/argo-cd,workload service account reference,data/kubara-effective-renders/current-platform/hx-app-dev/argo-cd.yaml,apps/v1|Deployment|argocd|argo-cd-argocd-server,spec.template.spec.serviceAccountName
needs,hx-app-dev,hx-app-dev/argo-cd,object,ServiceAccount,argocd,argocd-server,resolved-rendered,,hx-app-dev/argo-cd,RBAC ServiceAccount subject,data/kubara-effective-renders/current-platform/hx-app-dev/argo-cd.yaml,rbac.authorization.k8s.io/v1|ClusterRoleBinding||argo-cd-argocd-server,subjects[0]
needs,hx-app-dev,hx-app-dev/argo-cd,object,ServiceAccount,argocd,argocd-server,resolved-rendered,,hx-app-dev/argo-cd,RBAC ServiceAccount subject,data/kubara-effective-renders/current-platform/hx-app-dev/argo-cd.yaml,rbac.authorization.k8s.io/v1|RoleBinding|argocd|argo-cd-argocd-server,subjects[0]
needs,hx-app-dev,hx-app-dev/argo-cd,object,ServiceAccount,argocd,dex-restarter,resolved-rendered,,hx-app-dev/argo-cd,workload service account reference,data/kubara-effective-renders/current-platform/hx-app-dev/argo-cd.yaml,batch/v1|Job|argocd|dex-restarter,spec.template.spec.serviceAccountName
needs,hx-app-dev,hx-app-dev/argo-cd,object,ServiceAccount,argocd,dex-restarter,resolved-rendered,,hx-app-dev/argo-cd,RBAC ServiceAccount subject,data/kubara-effective-renders/current-platform/hx-app-dev/argo-cd.yaml,rbac.authorization.k8s.io/v1|RoleBinding|argocd|dex-restarter,subjects[0]
needs,hx-app-dev,hx-app-dev/argo-cd,label-selector,Namespace,_cluster,"{""matchLabels"":{""project-name"":""hx-app-dev"",""stage"":""dev""}}",resolved-rendered,,hx-app-dev/argo-cd;hx-app-dev/cert-manager;hx-app-dev/external-secrets;hx-app-dev/homer-dashboard;hx-app-dev/kube-prometheus-stack;hx-app-dev/metrics-server;hx-app-dev/traefik,ClusterExternalSecret requires matching namespaces,data/kubara-effective-renders/current-platform/hx-app-dev/argo-cd.yaml,external-secrets.io/v1|ClusterExternalSecret||image-pull-secret-ces,spec.namespaceSelectors[0]
needs,hx-app-dev,hx-app-dev/argo-cd,label-selector,Service,argocd,"{""matchLabels"":{""app.kubernetes.io/component"":""application-controller"",""app.kubernetes.io/instance"":""argo-cd"",""app.kubernetes.io/name"":""argocd-metrics""}}",resolved-rendered,,hx-app-dev/argo-cd,ServiceMonitor selector requires at least one rendered Service match,data/kubara-effective-renders/current-platform/hx-app-dev/argo-cd.yaml,monitoring.coreos.com/v1|ServiceMonitor|argocd|argo-cd-argocd-application-controller,spec.selector
needs,hx-app-dev,hx-app-dev/argo-cd,service-endpoint,Service,argocd,argo-cd-argocd-server,resolved-rendered,,hx-app-dev/argo-cd,Ingress backend service reference,data/kubara-effective-renders/current-platform/hx-app-dev/argo-cd.yaml,networking.k8s.io/v1|Ingress|argocd|argo-cd-argocd-server-grpc,spec.rules[0].http.paths[0].backend.service
needs,hx-app-dev,hx-app-dev/cert-manager,api-kind,ClusterIssuer,,cert-manager.io/ClusterIssuer,resolved-rendered,,hx-app-dev/cert-manager,custom resource cert-manager.io/ClusterIssuer requires its CRD,data/kubara-effective-renders/current-platform/hx-app-dev/cert-manager.yaml,cert-manager.io/v1|ClusterIssuer||selfsigned-root-issuer,apiVersion
needs,hx-app-dev,hx-app-dev/cert-manager,api-kind,PrometheusRule,,monitoring.coreos.com/PrometheusRule,resolved-rendered,,hx-app-dev/kube-prometheus-stack,custom resource monitoring.coreos.com/PrometheusRule requires its CRD,data/kubara-effective-renders/current-platform/hx-app-dev/cert-manager.yaml,monitoring.coreos.com/v1|PrometheusRule|cert-manager|cert-manager,apiVersion
needs,hx-app-dev,hx-app-dev/cert-manager,api-kind,ServiceMonitor,,monitoring.coreos.com/ServiceMonitor,resolved-rendered,,hx-app-dev/kube-prometheus-stack,custom resource monitoring.coreos.com/ServiceMonitor requires its CRD,data/kubara-effective-renders/current-platform/hx-app-dev/cert-manager.yaml,monitoring.coreos.com/v1|ServiceMonitor|cert-manager|cert-manager,apiVersion
needs,hx-app-dev,hx-app-dev/cert-manager,object,ClusterRole,,cert-manager-cainjector,resolved-rendered,,hx-app-dev/cert-manager,RBAC role reference,data/kubara-effective-renders/current-platform/hx-app-dev/cert-manager.yaml,rbac.authorization.k8s.io/v1|ClusterRoleBinding||cert-manager-cainjector,roleRef
needs,hx-app-dev,hx-app-dev/cert-manager,object,ClusterRole,,cert-manager-controller-approve:cert-manager-io,resolved-rendered,,hx-app-dev/cert-manager,RBAC role reference,data/kubara-effective-renders/current-platform/hx-app-dev/cert-manager.yaml,rbac.authorization.k8s.io/v1|ClusterRoleBinding||cert-manager-controller-approve:cert-manager-io,roleRef
needs,hx-app-dev,hx-app-dev/cert-manager,object,ClusterRole,,cert-manager-controller-certificates,resolved-rendered,,hx-app-dev/cert-manager,RBAC role reference,data/kubara-effective-renders/current-platform/hx-app-dev/cert-manager.yaml,rbac.authorization.k8s.io/v1|ClusterRoleBinding||cert-manager-controller-certificates,roleRef
needs,hx-app-dev,hx-app-dev/cert-manager,object,ClusterRole,,cert-manager-controller-certificatesigningrequests,resolved-rendered,,hx-app-dev/cert-manager,RBAC role reference,data/kubara-effective-renders/current-platform/hx-app-dev/cert-manager.yaml,rbac.authorization.k8s.io/v1|ClusterRoleBinding||cert-manager-controller-certificatesigningrequests,roleRef
needs,hx-app-dev,hx-app-dev/cert-manager,object,ClusterRole,,cert-manager-controller-challenges,resolved-rendered,,hx-app-dev/cert-manager,RBAC role reference,data/kubara-effective-renders/current-platform/hx-app-dev/cert-manager.yaml,rbac.authorization.k8s.io/v1|ClusterRoleBinding||cert-manager-controller-challenges,roleRef
needs,hx-app-dev,hx-app-dev/cert-manager,object,ClusterRole,,cert-manager-controller-clusterissuers,resolved-rendered,,hx-app-dev/cert-manager,RBAC role reference,data/kubara-effective-renders/current-platform/hx-app-dev/cert-manager.yaml,rbac.authorization.k8s.io/v1|ClusterRoleBinding||cert-manager-controller-clusterissuers,roleRef
needs,hx-app-dev,hx-app-dev/cert-manager,object,ClusterRole,,cert-manager-controller-ingress-shim,resolved-rendered,,hx-app-dev/cert-manager,RBAC role reference,data/kubara-effective-renders/current-platform/hx-app-dev/cert-manager.yaml,rbac.authorization.k8s.io/v1|ClusterRoleBinding||cert-manager-controller-ingress-shim,roleRef
needs,hx-app-dev,hx-app-dev/cert-manager,object,ClusterRole,,cert-manager-controller-issuers,resolved-rendered,,hx-app-dev/cert-manager,RBAC role reference,data/kubara-effective-renders/current-platform/hx-app-dev/cert-manager.yaml,rbac.authorization.k8s.io/v1|ClusterRoleBinding||cert-manager-controller-issuers,roleRef
needs,hx-app-dev,hx-app-dev/cert-manager,object,ClusterRole,,cert-manager-controller-orders,resolved-rendered,,hx-app-dev/cert-manager,RBAC role reference,data/kubara-effective-renders/current-platform/hx-app-dev/cert-manager.yaml,rbac.authorization.k8s.io/v1|ClusterRoleBinding||cert-manager-controller-orders,roleRef
needs,hx-app-dev,hx-app-dev/cert-manager,object,ClusterRole,,cert-manager-webhook:subjectaccessreviews,resolved-rendered,,hx-app-dev/cert-manager,RBAC role reference,data/kubara-effective-renders/current-platform/hx-app-dev/cert-manager.yaml,rbac.authorization.k8s.io/v1|ClusterRoleBinding||cert-manager-webhook:subjectaccessreviews,roleRef
needs,hx-app-dev,hx-app-dev/cert-manager,object,Role,cert-manager,cert-manager-startupapicheck:create-cert,resolved-rendered,,hx-app-dev/cert-manager,RBAC role reference,data/kubara-effective-renders/current-platform/hx-app-dev/cert-manager.yaml,rbac.authorization.k8s.io/v1|RoleBinding|cert-manager|cert-manager-startupapicheck:create-cert,roleRef
needs,hx-app-dev,hx-app-dev/cert-manager,object,Role,cert-manager,cert-manager-webhook:dynamic-serving,resolved-rendered,,hx-app-dev/cert-manager,RBAC role reference,data/kubara-effective-renders/current-platform/hx-app-dev/cert-manager.yaml,rbac.authorization.k8s.io/v1|RoleBinding|cert-manager|cert-manager-webhook:dynamic-serving,roleRef
needs,hx-app-dev,hx-app-dev/cert-manager,object,Role,kube-system,cert-manager-cainjector:leaderelection,resolved-rendered,,hx-app-dev/cert-manager,RBAC role reference,data/kubara-effective-renders/current-platform/hx-app-dev/cert-manager.yaml,rbac.authorization.k8s.io/v1|RoleBinding|kube-system|cert-manager-cainjector:leaderelection,roleRef
needs,hx-app-dev,hx-app-dev/cert-manager,object,Role,kube-system,cert-manager:leaderelection,resolved-rendered,,hx-app-dev/cert-manager,RBAC role reference,data/kubara-effective-renders/current-platform/hx-app-dev/cert-manager.yaml,rbac.authorization.k8s.io/v1|RoleBinding|kube-system|cert-manager:leaderelection,roleRef
needs,hx-app-dev,hx-app-dev/cert-manager,object,Secret,cert-manager,image-pull-secret,resolved-runtime,,hx-app-dev/argo-cd,ServiceAccount image pull secret reference,data/kubara-effective-renders/current-platform/hx-app-dev/cert-manager.yaml,v1|ServiceAccount|cert-manager|cert-manager-webhook,imagePullSecrets[0].name
needs,hx-app-dev,hx-app-dev/cert-manager,object,Secret,cert-manager,image-pull-secret,resolved-runtime,,hx-app-dev/argo-cd,ServiceAccount image pull secret reference,data/kubara-effective-renders/current-platform/hx-app-dev/cert-manager.yaml,v1|ServiceAccount|cert-manager|cert-manager,imagePullSecrets[0].name
needs,hx-app-dev,hx-app-dev/cert-manager,object,Secret,cert-manager,image-pull-secret,resolved-runtime,,hx-app-dev/argo-cd,workload image pull secret reference,data/kubara-effective-renders/current-platform/hx-app-dev/cert-manager.yaml,batch/v1|Job|cert-manager|cert-manager-startupapicheck,spec.template.spec.imagePullSecrets[0].name
needs,hx-app-dev,hx-app-dev/cert-manager,object,Secret,cert-manager,image-pull-secret,resolved-runtime,,hx-app-dev/argo-cd,ServiceAccount image pull secret reference,data/kubara-effective-renders/current-platform/hx-app-dev/cert-manager.yaml,v1|ServiceAccount|cert-manager|cert-manager-cainjector,imagePullSecrets[0].name
needs,hx-app-dev,hx-app-dev/cert-manager,object,Secret,cert-manager,image-pull-secret,resolved-runtime,,hx-app-dev/argo-cd,ServiceAccount image pull secret reference,data/kubara-effective-renders/current-platform/hx-app-dev/cert-manager.yaml,v1|ServiceAccount|cert-manager|cert-manager-startupapicheck,imagePullSecrets[0].name
needs,hx-app-dev,hx-app-dev/cert-manager,object,ServiceAccount,cert-manager,cert-manager,resolved-rendered,,hx-app-dev/cert-manager,RBAC ServiceAccount subject,data/kubara-effective-renders/current-platform/hx-app-dev/cert-manager.yaml,rbac.authorization.k8s.io/v1|ClusterRoleBinding||cert-manager-controller-certificatesigningrequests,subjects[0]
needs,hx-app-dev,hx-app-dev/cert-manager,object,ServiceAccount,cert-manager,cert-manager,resolved-rendered,,hx-app-dev/cert-manager,workload service account reference,data/kubara-effective-renders/current-platform/hx-app-dev/cert-manager.yaml,apps/v1|Deployment|cert-manager|cert-manager,spec.template.spec.serviceAccountName
needs,hx-app-dev,hx-app-dev/cert-manager,object,ServiceAccount,cert-manager,cert-manager,resolved-rendered,,hx-app-dev/cert-manager,RBAC ServiceAccount subject,data/kubara-effective-renders/current-platform/hx-app-dev/cert-manager.yaml,rbac.authorization.k8s.io/v1|RoleBinding|kube-system|cert-manager:leaderelection,subjects[0]
needs,hx-app-dev,hx-app-dev/cert-manager,object,ServiceAccount,cert-manager,cert-manager,resolved-rendered,,hx-app-dev/cert-manager,RBAC ServiceAccount subject,data/kubara-effective-renders/current-platform/hx-app-dev/cert-manager.yaml,rbac.authorization.k8s.io/v1|ClusterRoleBinding||cert-manager-controller-issuers,subjects[0]
needs,hx-app-dev,hx-app-dev/cert-manager,object,ServiceAccount,cert-manager,cert-manager,resolved-rendered,,hx-app-dev/cert-manager,RBAC ServiceAccount subject,data/kubara-effective-renders/current-platform/hx-app-dev/cert-manager.yaml,rbac.authorization.k8s.io/v1|ClusterRoleBinding||cert-manager-controller-clusterissuers,subjects[0]
needs,hx-app-dev,hx-app-dev/cert-manager,object,ServiceAccount,cert-manager,cert-manager,resolved-rendered,,hx-app-dev/cert-manager,RBAC ServiceAccount subject,data/kubara-effective-renders/current-platform/hx-app-dev/cert-manager.yaml,rbac.authorization.k8s.io/v1|ClusterRoleBinding||cert-manager-controller-approve:cert-manager-io,subjects[0]
needs,hx-app-dev,hx-app-dev/cert-manager,object,ServiceAccount,cert-manager,cert-manager,resolved-rendered,,hx-app-dev/cert-manager,RBAC ServiceAccount subject,data/kubara-effective-renders/current-platform/hx-app-dev/cert-manager.yaml,rbac.authorization.k8s.io/v1|ClusterRoleBinding||cert-manager-controller-certificates,subjects[0]
needs,hx-app-dev,hx-app-dev/cert-manager,object,ServiceAccount,cert-manager,cert-manager,resolved-rendered,,hx-app-dev/cert-manager,RBAC ServiceAccount subject,data/kubara-effective-renders/current-platform/hx-app-dev/cert-manager.yaml,rbac.authorization.k8s.io/v1|ClusterRoleBinding||cert-manager-controller-ingress-shim,subjects[0]
needs,hx-app-dev,hx-app-dev/cert-manager,object,ServiceAccount,cert-manager,cert-manager,resolved-rendered,,hx-app-dev/cert-manager,RBAC ServiceAccount subject,data/kubara-effective-renders/current-platform/hx-app-dev/cert-manager.yaml,rbac.authorization.k8s.io/v1|ClusterRoleBinding||cert-manager-controller-challenges,subjects[0]
needs,hx-app-dev,hx-app-dev/cert-manager,object,ServiceAccount,cert-manager,cert-manager,resolved-rendered,,hx-app-dev/cert-manager,RBAC ServiceAccount subject,data/kubara-effective-renders/current-platform/hx-app-dev/cert-manager.yaml,rbac.authorization.k8s.io/v1|ClusterRoleBinding||cert-manager-controller-orders,subjects[0]
needs,hx-app-dev,hx-app-dev/cert-manager,object,ServiceAccount,cert-manager,cert-manager-cainjector,resolved-rendered,,hx-app-dev/cert-manager,workload service account reference,data/kubara-effective-renders/current-platform/hx-app-dev/cert-manager.yaml,apps/v1|Deployment|cert-manager|cert-manager-cainjector,spec.template.spec.serviceAccountName
needs,hx-app-dev,hx-app-dev/cert-manager,object,ServiceAccount,cert-manager,cert-manager-cainjector,resolved-rendered,,hx-app-dev/cert-manager,RBAC ServiceAccount subject,data/kubara-effective-renders/current-platform/hx-app-dev/cert-manager.yaml,rbac.authorization.k8s.io/v1|ClusterRoleBinding||cert-manager-cainjector,subjects[0]
needs,hx-app-dev,hx-app-dev/cert-manager,object,ServiceAccount,cert-manager,cert-manager-cainjector,resolved-rendered,,hx-app-dev/cert-manager,RBAC ServiceAccount subject,data/kubara-effective-renders/current-platform/hx-app-dev/cert-manager.yaml,rbac.authorization.k8s.io/v1|RoleBinding|kube-system|cert-manager-cainjector:leaderelection,subjects[0]
needs,hx-app-dev,hx-app-dev/cert-manager,object,ServiceAccount,cert-manager,cert-manager-startupapicheck,resolved-rendered,,hx-app-dev/cert-manager,RBAC ServiceAccount subject,data/kubara-effective-renders/current-platform/hx-app-dev/cert-manager.yaml,rbac.authorization.k8s.io/v1|RoleBinding|cert-manager|cert-manager-startupapicheck:create-cert,subjects[0]
needs,hx-app-dev,hx-app-dev/cert-manager,object,ServiceAccount,cert-manager,cert-manager-startupapicheck,resolved-rendered,,hx-app-dev/cert-manager,workload service account reference,data/kubara-effective-renders/current-platform/hx-app-dev/cert-manager.yaml,batch/v1|Job|cert-manager|cert-manager-startupapicheck,spec.template.spec.serviceAccountName
needs,hx-app-dev,hx-app-dev/cert-manager,object,ServiceAccount,cert-manager,cert-manager-webhook,resolved-rendered,,hx-app-dev/cert-manager,RBAC ServiceAccount subject,data/kubara-effective-renders/current-platform/hx-app-dev/cert-manager.yaml,rbac.authorization.k8s.io/v1|RoleBinding|cert-manager|cert-manager-webhook:dynamic-serving,subjects[0]
needs,hx-app-dev,hx-app-dev/cert-manager,object,ServiceAccount,cert-manager,cert-manager-webhook,resolved-rendered,,hx-app-dev/cert-manager,RBAC ServiceAccount subject,data/kubara-effective-renders/current-platform/hx-app-dev/cert-manager.yaml,rbac.authorization.k8s.io/v1|ClusterRoleBinding||cert-manager-webhook:subjectaccessreviews,subjects[0]
needs,hx-app-dev,hx-app-dev/cert-manager,object,ServiceAccount,cert-manager,cert-manager-webhook,resolved-rendered,,hx-app-dev/cert-manager,workload service account reference,data/kubara-effective-renders/current-platform/hx-app-dev/cert-manager.yaml,apps/v1|Deployment|cert-manager|cert-manager-webhook,spec.template.spec.serviceAccountName
needs,hx-app-dev,hx-app-dev/cert-manager,label-selector,Service,cert-manager,"{""matchExpressions"":[{""key"":""app.kubernetes.io/name"",""operator"":""In"",""values"":[""cainjector"",""cert-manager"",""webhook""]},{""key"":""app.kubernetes.io/instance"",""operator"":""In"",""values"":[""cert-manager""]},{""key"":""app.kubernetes.io/component"",""operator"":""In"",""values"":[""cainjector"",""controller"",""webhook""]}]}",resolved-rendered,,hx-app-dev/cert-manager,ServiceMonitor selector requires at least one rendered Service match,data/kubara-effective-renders/current-platform/hx-app-dev/cert-manager.yaml,monitoring.coreos.com/v1|ServiceMonitor|cert-manager|cert-manager,spec.selector
needs,hx-app-dev,hx-app-dev/cert-manager,service-endpoint,Service,cert-manager,cert-manager-webhook,resolved-rendered,,hx-app-dev/cert-manager,admission webhook service reference,data/kubara-effective-renders/current-platform/hx-app-dev/cert-manager.yaml,admissionregistration.k8s.io/v1|MutatingWebhookConfiguration||cert-manager-webhook,webhooks[0].clientConfig.service
needs,hx-app-dev,hx-app-dev/cert-manager,service-endpoint,Service,cert-manager,cert-manager-webhook,resolved-rendered,,hx-app-dev/cert-manager,admission webhook service reference,data/kubara-effective-renders/current-platform/hx-app-dev/cert-manager.yaml,admissionregistration.k8s.io/v1|ValidatingWebhookConfiguration||cert-manager-webhook,webhooks[0].clientConfig.service
needs,hx-app-dev,hx-app-dev/external-secrets,api-kind,ServiceMonitor,,monitoring.coreos.com/ServiceMonitor,resolved-rendered,,hx-app-dev/kube-prometheus-stack,custom resource monitoring.coreos.com/ServiceMonitor requires its CRD,data/kubara-effective-renders/current-platform/hx-app-dev/external-secrets.yaml,monitoring.coreos.com/v1|ServiceMonitor|external-secrets|external-secrets-webhook-metrics,apiVersion
needs,hx-app-dev,hx-app-dev/external-secrets,api-kind,ServiceMonitor,,monitoring.coreos.com/ServiceMonitor,resolved-rendered,,hx-app-dev/kube-prometheus-stack,custom resource monitoring.coreos.com/ServiceMonitor requires its CRD,data/kubara-effective-renders/current-platform/hx-app-dev/external-secrets.yaml,monitoring.coreos.com/v1|ServiceMonitor|external-secrets|external-secrets-cert-controller-metrics,apiVersion
needs,hx-app-dev,hx-app-dev/external-secrets,api-kind,ServiceMonitor,,monitoring.coreos.com/ServiceMonitor,resolved-rendered,,hx-app-dev/kube-prometheus-stack,custom resource monitoring.coreos.com/ServiceMonitor requires its CRD,data/kubara-effective-renders/current-platform/hx-app-dev/external-secrets.yaml,monitoring.coreos.com/v1|ServiceMonitor|external-secrets|external-secrets-metrics,apiVersion
needs,hx-app-dev,hx-app-dev/external-secrets,object,ClusterRole,,external-secrets-cert-controller,resolved-rendered,,hx-app-dev/external-secrets,RBAC role reference,data/kubara-effective-renders/current-platform/hx-app-dev/external-secrets.yaml,rbac.authorization.k8s.io/v1|ClusterRoleBinding||external-secrets-cert-controller,roleRef
needs,hx-app-dev,hx-app-dev/external-secrets,object,ClusterRole,,external-secrets-controller,resolved-rendered,,hx-app-dev/external-secrets,RBAC role reference,data/kubara-effective-renders/current-platform/hx-app-dev/external-secrets.yaml,rbac.authorization.k8s.io/v1|ClusterRoleBinding||external-secrets-controller,roleRef
needs,hx-app-dev,hx-app-dev/external-secrets,object,Role,external-secrets,external-secrets-leaderelection,resolved-rendered,,hx-app-dev/external-secrets,RBAC role reference,data/kubara-effective-renders/current-platform/hx-app-dev/external-secrets.yaml,rbac.authorization.k8s.io/v1|RoleBinding|external-secrets|external-secrets-leaderelection,roleRef
needs,hx-app-dev,hx-app-dev/external-secrets,object,Secret,external-secrets,external-secrets-webhook,resolved-rendered,,hx-app-dev/external-secrets,pod volume secret reference,data/kubara-effective-renders/current-platform/hx-app-dev/external-secrets.yaml,apps/v1|Deployment|external-secrets|external-secrets-webhook,spec.template.spec.volumes[0].secret.secretName
needs,hx-app-dev,hx-app-dev/external-secrets,object,Secret,external-secrets,image-pull-secret,resolved-runtime,,hx-app-dev/argo-cd,workload image pull secret reference,data/kubara-effective-renders/current-platform/hx-app-dev/external-secrets.yaml,apps/v1|Deployment|external-secrets|external-secrets,spec.template.spec.imagePullSecrets[0].name
needs,hx-app-dev,hx-app-dev/external-secrets,object,Secret,external-secrets,image-pull-secret,resolved-runtime,,hx-app-dev/argo-cd,workload image pull secret reference,data/kubara-effective-renders/current-platform/hx-app-dev/external-secrets.yaml,apps/v1|Deployment|external-secrets|external-secrets-cert-controller,spec.template.spec.imagePullSecrets[0].name
needs,hx-app-dev,hx-app-dev/external-secrets,object,Secret,external-secrets,image-pull-secret,resolved-runtime,,hx-app-dev/argo-cd,workload image pull secret reference,data/kubara-effective-renders/current-platform/hx-app-dev/external-secrets.yaml,apps/v1|Deployment|external-secrets|external-secrets-webhook,spec.template.spec.imagePullSecrets[0].name
needs,hx-app-dev,hx-app-dev/external-secrets,object,ServiceAccount,external-secrets,external-secrets,resolved-rendered,,hx-app-dev/external-secrets,RBAC ServiceAccount subject,data/kubara-effective-renders/current-platform/hx-app-dev/external-secrets.yaml,rbac.authorization.k8s.io/v1|RoleBinding|external-secrets|external-secrets-leaderelection,subjects[0]
needs,hx-app-dev,hx-app-dev/external-secrets,object,ServiceAccount,external-secrets,external-secrets,resolved-rendered,,hx-app-dev/external-secrets,RBAC ServiceAccount subject,data/kubara-effective-renders/current-platform/hx-app-dev/external-secrets.yaml,rbac.authorization.k8s.io/v1|ClusterRoleBinding||external-secrets-controller,subjects[0]
needs,hx-app-dev,hx-app-dev/external-secrets,object,ServiceAccount,external-secrets,external-secrets,resolved-rendered,,hx-app-dev/external-secrets,workload service account reference,data/kubara-effective-renders/current-platform/hx-app-dev/external-secrets.yaml,apps/v1|Deployment|external-secrets|external-secrets,spec.template.spec.serviceAccountName
needs,hx-app-dev,hx-app-dev/external-secrets,object,ServiceAccount,external-secrets,external-secrets-cert-controller,resolved-rendered,,hx-app-dev/external-secrets,workload service account reference,data/kubara-effective-renders/current-platform/hx-app-dev/external-secrets.yaml,apps/v1|Deployment|external-secrets|external-secrets-cert-controller,spec.template.spec.serviceAccountName
needs,hx-app-dev,hx-app-dev/external-secrets,object,ServiceAccount,external-secrets,external-secrets-cert-controller,resolved-rendered,,hx-app-dev/external-secrets,RBAC ServiceAccount subject,data/kubara-effective-renders/current-platform/hx-app-dev/external-secrets.yaml,rbac.authorization.k8s.io/v1|ClusterRoleBinding||external-secrets-cert-controller,subjects[0]
needs,hx-app-dev,hx-app-dev/external-secrets,object,ServiceAccount,external-secrets,external-secrets-webhook,resolved-rendered,,hx-app-dev/external-secrets,workload service account reference,data/kubara-effective-renders/current-platform/hx-app-dev/external-secrets.yaml,apps/v1|Deployment|external-secrets|external-secrets-webhook,spec.template.spec.serviceAccountName
needs,hx-app-dev,hx-app-dev/external-secrets,label-selector,Service,external-secrets,"{""matchLabels"":{""app.kubernetes.io/instance"":""external-secrets"",""app.kubernetes.io/name"":""external-secrets""}}",resolved-rendered,,hx-app-dev/external-secrets,ServiceMonitor selector requires at least one rendered Service match,data/kubara-effective-renders/current-platform/hx-app-dev/external-secrets.yaml,monitoring.coreos.com/v1|ServiceMonitor|external-secrets|external-secrets-metrics,spec.selector
needs,hx-app-dev,hx-app-dev/external-secrets,label-selector,Service,external-secrets,"{""matchLabels"":{""app.kubernetes.io/instance"":""external-secrets"",""app.kubernetes.io/metrics"":""webhook"",""app.kubernetes.io/name"":""external-secrets-webhook""}}",resolved-rendered,,hx-app-dev/external-secrets,ServiceMonitor selector requires at least one rendered Service match,data/kubara-effective-renders/current-platform/hx-app-dev/external-secrets.yaml,monitoring.coreos.com/v1|ServiceMonitor|external-secrets|external-secrets-webhook-metrics,spec.selector
needs,hx-app-dev,hx-app-dev/external-secrets,label-selector,Service,external-secrets,"{""matchLabels"":{""app.kubernetes.io/instance"":""external-secrets"",""app.kubernetes.io/metrics"":""cert-controller"",""app.kubernetes.io/name"":""external-secrets-cert-controller""}}",resolved-rendered,,hx-app-dev/external-secrets,ServiceMonitor selector requires at least one rendered Service match,data/kubara-effective-renders/current-platform/hx-app-dev/external-secrets.yaml,monitoring.coreos.com/v1|ServiceMonitor|external-secrets|external-secrets-cert-controller-metrics,spec.selector
needs,hx-app-dev,hx-app-dev/external-secrets,service-endpoint,Service,external-secrets,external-secrets-webhook,resolved-rendered,,hx-app-dev/external-secrets,admission webhook service reference,data/kubara-effective-renders/current-platform/hx-app-dev/external-secrets.yaml,admissionregistration.k8s.io/v1|ValidatingWebhookConfiguration||secretstore-validate,webhooks[0].clientConfig.service
needs,hx-app-dev,hx-app-dev/external-secrets,service-endpoint,Service,external-secrets,external-secrets-webhook,resolved-rendered,,hx-app-dev/external-secrets,admission webhook service reference,data/kubara-effective-renders/current-platform/hx-app-dev/external-secrets.yaml,admissionregistration.k8s.io/v1|ValidatingWebhookConfiguration||secretstore-validate,webhooks[1].clientConfig.service
needs,hx-app-dev,hx-app-dev/external-secrets,service-endpoint,Service,external-secrets,external-secrets-webhook,resolved-rendered,,hx-app-dev/external-secrets,admission webhook service reference,data/kubara-effective-renders/current-platform/hx-app-dev/external-secrets.yaml,admissionregistration.k8s.io/v1|ValidatingWebhookConfiguration||externalsecret-validate,webhooks[0].clientConfig.service
needs,hx-app-dev,hx-app-dev/homer-dashboard,api-kind,ServiceMonitor,,monitoring.coreos.com/ServiceMonitor,resolved-rendered,,hx-app-dev/kube-prometheus-stack,custom resource monitoring.coreos.com/ServiceMonitor requires its CRD,data/kubara-effective-renders/current-platform/hx-app-dev/homer-dashboard.yaml,monitoring.coreos.com/v1|ServiceMonitor|homer-dashboard|homer-dashboard-metrics,apiVersion
needs,hx-app-dev,hx-app-dev/homer-dashboard,object,ConfigMap,homer-dashboard,homer-assets-icons,resolved-rendered,,hx-app-dev/homer-dashboard,pod volume ConfigMap reference,data/kubara-effective-renders/current-platform/hx-app-dev/homer-dashboard.yaml,apps/v1|Deployment|homer-dashboard|homer-dashboard,spec.template.spec.volumes[1].configMap.name
needs,hx-app-dev,hx-app-dev/homer-dashboard,object,ConfigMap,homer-dashboard,homer-assets-tools,resolved-rendered,,hx-app-dev/homer-dashboard,pod volume ConfigMap reference,data/kubara-effective-renders/current-platform/hx-app-dev/homer-dashboard.yaml,apps/v1|Deployment|homer-dashboard|homer-dashboard,spec.template.spec.volumes[0].configMap.name
needs,hx-app-dev,hx-app-dev/homer-dashboard,object,ConfigMap,homer-dashboard,homer-config,resolved-rendered,,hx-app-dev/homer-dashboard,pod volume ConfigMap reference,data/kubara-effective-renders/current-platform/hx-app-dev/homer-dashboard.yaml,apps/v1|Deployment|homer-dashboard|homer-dashboard,spec.template.spec.volumes[3].configMap.name
needs,hx-app-dev,hx-app-dev/homer-dashboard,object,ConfigMap,homer-dashboard,lighttpd-config,resolved-rendered,,hx-app-dev/homer-dashboard,pod volume ConfigMap reference,data/kubara-effective-renders/current-platform/hx-app-dev/homer-dashboard.yaml,apps/v1|Deployment|homer-dashboard|homer-dashboard,spec.template.spec.volumes[4].configMap.name
needs,hx-app-dev,hx-app-dev/homer-dashboard,object,Secret,homer-dashboard,image-pull-secret,resolved-runtime,,hx-app-dev/argo-cd,workload image pull secret reference,data/kubara-effective-renders/current-platform/hx-app-dev/homer-dashboard.yaml,apps/v1|Deployment|homer-dashboard|homer-dashboard,spec.template.spec.imagePullSecrets[0].name
needs,hx-app-dev,hx-app-dev/homer-dashboard,label-selector,Service,homer-dashboard,"{""matchLabels"":{""argocd.argoproj.io/instance"":""homer-dashboard""}}",unresolved,,,ServiceMonitor selector requires at least one rendered Service match,data/kubara-effective-renders/current-platform/hx-app-dev/homer-dashboard.yaml,monitoring.coreos.com/v1|ServiceMonitor|homer-dashboard|homer-dashboard-metrics,spec.selector
needs,hx-app-dev,hx-app-dev/kube-prometheus-stack,api-kind,Certificate,,cert-manager.io/Certificate,resolved-rendered,,hx-app-dev/cert-manager,custom resource cert-manager.io/Certificate requires its CRD,data/kubara-effective-renders/current-platform/hx-app-dev/kube-prometheus-stack.yaml,cert-manager.io/v1|Certificate|kube-prometheus-stack|kube-prometheus-stack-admission,apiVersion
needs,hx-app-dev,hx-app-dev/kube-prometheus-stack,api-kind,Certificate,,cert-manager.io/Certificate,resolved-rendered,,hx-app-dev/cert-manager,custom resource cert-manager.io/Certificate requires its CRD,data/kubara-effective-renders/current-platform/hx-app-dev/kube-prometheus-stack.yaml,cert-manager.io/v1|Certificate|kube-prometheus-stack|kube-prometheus-stack-root-cert,apiVersion
needs,hx-app-dev,hx-app-dev/kube-prometheus-stack,api-kind,Issuer,,cert-manager.io/Issuer,resolved-rendered,,hx-app-dev/cert-manager,custom resource cert-manager.io/Issuer requires its CRD,data/kubara-effective-renders/current-platform/hx-app-dev/kube-prometheus-stack.yaml,cert-manager.io/v1|Issuer|kube-prometheus-stack|kube-prometheus-stack-self-signed-issuer,apiVersion
needs,hx-app-dev,hx-app-dev/kube-prometheus-stack,api-kind,Issuer,,cert-manager.io/Issuer,resolved-rendered,,hx-app-dev/cert-manager,custom resource cert-manager.io/Issuer requires its CRD,data/kubara-effective-renders/current-platform/hx-app-dev/kube-prometheus-stack.yaml,cert-manager.io/v1|Issuer|kube-prometheus-stack|kube-prometheus-stack-root-issuer,apiVersion
needs,hx-app-dev,hx-app-dev/kube-prometheus-stack,api-kind,ExternalSecret,,external-secrets.io/ExternalSecret,resolved-rendered,,hx-app-dev/external-secrets,custom resource external-secrets.io/ExternalSecret requires its CRD,data/kubara-effective-renders/current-platform/hx-app-dev/kube-prometheus-stack.yaml,external-secrets.io/v1|ExternalSecret|kube-prometheus-stack|grafana-admin-credentials-es,apiVersion
needs,hx-app-dev,hx-app-dev/kube-prometheus-stack,api-kind,Alertmanager,,monitoring.coreos.com/Alertmanager,resolved-rendered,,hx-app-dev/kube-prometheus-stack,custom resource monitoring.coreos.com/Alertmanager requires its CRD,data/kubara-effective-renders/current-platform/hx-app-dev/kube-prometheus-stack.yaml,monitoring.coreos.com/v1|Alertmanager|kube-prometheus-stack|kube-prometheus-stack-alertmanager,apiVersion
needs,hx-app-dev,hx-app-dev/kube-prometheus-stack,api-kind,Prometheus,,monitoring.coreos.com/Prometheus,resolved-rendered,,hx-app-dev/kube-prometheus-stack,custom resource monitoring.coreos.com/Prometheus requires its CRD,data/kubara-effective-renders/current-platform/hx-app-dev/kube-prometheus-stack.yaml,monitoring.coreos.com/v1|Prometheus|kube-prometheus-stack|kube-prometheus-stack-prometheus,apiVersion
needs,hx-app-dev,hx-app-dev/kube-prometheus-stack,api-kind,PrometheusRule,,monitoring.coreos.com/PrometheusRule,resolved-rendered,,hx-app-dev/kube-prometheus-stack,custom resource monitoring.coreos.com/PrometheusRule requires its CRD,data/kubara-effective-renders/current-platform/hx-app-dev/kube-prometheus-stack.yaml,monitoring.coreos.com/v1|PrometheusRule|kube-prometheus-stack|kube-prometheus-stack-node-exporter,apiVersion
needs,hx-app-dev,hx-app-dev/kube-prometheus-stack,api-kind,PrometheusRule,,monitoring.coreos.com/PrometheusRule,resolved-rendered,,hx-app-dev/kube-prometheus-stack,custom resource monitoring.coreos.com/PrometheusRule requires its CRD,data/kubara-effective-renders/current-platform/hx-app-dev/kube-prometheus-stack.yaml,monitoring.coreos.com/v1|PrometheusRule|kube-prometheus-stack|kube-prometheus-stack-k8s.rules.container-memory-cache,apiVersion
needs,hx-app-dev,hx-app-dev/kube-prometheus-stack,api-kind,PrometheusRule,,monitoring.coreos.com/PrometheusRule,resolved-rendered,,hx-app-dev/kube-prometheus-stack,custom resource monitoring.coreos.com/PrometheusRule requires its CRD,data/kubara-effective-renders/current-platform/hx-app-dev/kube-prometheus-stack.yaml,monitoring.coreos.com/v1|PrometheusRule|kube-prometheus-stack|kube-prometheus-stack-kubernetes-system,apiVersion
needs,hx-app-dev,hx-app-dev/kube-prometheus-stack,api-kind,PrometheusRule,,monitoring.coreos.com/PrometheusRule,resolved-rendered,,hx-app-dev/kube-prometheus-stack,custom resource monitoring.coreos.com/PrometheusRule requires its CRD,data/kubara-effective-renders/current-platform/hx-app-dev/kube-prometheus-stack.yaml,monitoring.coreos.com/v1|PrometheusRule|kube-prometheus-stack|kube-prometheus-stack-node-exporter.rules,apiVersion
needs,hx-app-dev,hx-app-dev/kube-prometheus-stack,api-kind,PrometheusRule,,monitoring.coreos.com/PrometheusRule,resolved-rendered,,hx-app-dev/kube-prometheus-stack,custom resource monitoring.coreos.com/PrometheusRule requires its CRD,data/kubara-effective-renders/current-platform/hx-app-dev/kube-prometheus-stack.yaml,monitoring.coreos.com/v1|PrometheusRule|kube-prometheus-stack|kube-prometheus-stack-kubernetes-system-kubelet,apiVersion
needs,hx-app-dev,hx-app-dev/kube-prometheus-stack,api-kind,PrometheusRule,,monitoring.coreos.com/PrometheusRule,resolved-rendered,,hx-app-dev/kube-prometheus-stack,custom resource monitoring.coreos.com/PrometheusRule requires its CRD,data/kubara-effective-renders/current-platform/hx-app-dev/kube-prometheus-stack.yaml,monitoring.coreos.com/v1|PrometheusRule|kube-prometheus-stack|kube-prometheus-stack-kube-apiserver-availability.rules,apiVersion
needs,hx-app-dev,hx-app-dev/kube-prometheus-stack,api-kind,PrometheusRule,,monitoring.coreos.com/PrometheusRule,resolved-rendered,,hx-app-dev/kube-prometheus-stack,custom resource monitoring.coreos.com/PrometheusRule requires its CRD,data/kubara-effective-renders/current-platform/hx-app-dev/kube-prometheus-stack.yaml,monitoring.coreos.com/v1|PrometheusRule|kube-prometheus-stack|kube-prometheus-stack-node-network,apiVersion
needs,hx-app-dev,hx-app-dev/kube-prometheus-stack,api-kind,PrometheusRule,,monitoring.coreos.com/PrometheusRule,resolved-rendered,,hx-app-dev/kube-prometheus-stack,custom resource monitoring.coreos.com/PrometheusRule requires its CRD,data/kubara-effective-renders/current-platform/hx-app-dev/kube-prometheus-stack.yaml,monitoring.coreos.com/v1|PrometheusRule|kube-prometheus-stack|kube-prometheus-stack-alertmanager.rules,apiVersion
needs,hx-app-dev,hx-app-dev/kube-prometheus-stack,api-kind,PrometheusRule,,monitoring.coreos.com/PrometheusRule,resolved-rendered,,hx-app-dev/kube-prometheus-stack,custom resource monitoring.coreos.com/PrometheusRule requires its CRD,data/kubara-effective-renders/current-platform/hx-app-dev/kube-prometheus-stack.yaml,monitoring.coreos.com/v1|PrometheusRule|kube-prometheus-stack|kube-prometheus-stack-k8s.rules.container-memory-swap,apiVersion
needs,hx-app-dev,hx-app-dev/kube-prometheus-stack,api-kind,PrometheusRule,,monitoring.coreos.com/PrometheusRule,resolved-rendered,,hx-app-dev/kube-prometheus-stack,custom resource monitoring.coreos.com/PrometheusRule requires its CRD,data/kubara-effective-renders/current-platform/hx-app-dev/kube-prometheus-stack.yaml,monitoring.coreos.com/v1|PrometheusRule|kube-prometheus-stack|kube-prometheus-stack-kubernetes-system-apiserver,apiVersion
needs,hx-app-dev,hx-app-dev/kube-prometheus-stack,api-kind,PrometheusRule,,monitoring.coreos.com/PrometheusRule,resolved-rendered,,hx-app-dev/kube-prometheus-stack,custom resource monitoring.coreos.com/PrometheusRule requires its CRD,data/kubara-effective-renders/current-platform/hx-app-dev/kube-prometheus-stack.yaml,monitoring.coreos.com/v1|PrometheusRule|kube-prometheus-stack|kube-prometheus-stack-prometheus,apiVersion
needs,hx-app-dev,hx-app-dev/kube-prometheus-stack,api-kind,PrometheusRule,,monitoring.coreos.com/PrometheusRule,resolved-rendered,,hx-app-dev/kube-prometheus-stack,custom resource monitoring.coreos.com/PrometheusRule requires its CRD,data/kubara-effective-renders/current-platform/hx-app-dev/kube-prometheus-stack.yaml,monitoring.coreos.com/v1|PrometheusRule|kube-prometheus-stack|kube-prometheus-stack-k8s.rules.container-memory-working-set-by,apiVersion
needs,hx-app-dev,hx-app-dev/kube-prometheus-stack,api-kind,PrometheusRule,,monitoring.coreos.com/PrometheusRule,resolved-rendered,,hx-app-dev/kube-prometheus-stack,custom resource monitoring.coreos.com/PrometheusRule requires its CRD,data/kubara-effective-renders/current-platform/hx-app-dev/kube-prometheus-stack.yaml,monitoring.coreos.com/v1|PrometheusRule|kube-prometheus-stack|kube-prometheus-stack-kube-apiserver-slos,apiVersion
needs,hx-app-dev,hx-app-dev/kube-prometheus-stack,api-kind,PrometheusRule,,monitoring.coreos.com/PrometheusRule,resolved-rendered,,hx-app-dev/kube-prometheus-stack,custom resource monitoring.coreos.com/PrometheusRule requires its CRD,data/kubara-effective-renders/current-platform/hx-app-dev/kube-prometheus-stack.yaml,monitoring.coreos.com/v1|PrometheusRule|kube-prometheus-stack|kube-prometheus-stack-node.rules,apiVersion
needs,hx-app-dev,hx-app-dev/kube-prometheus-stack,api-kind,PrometheusRule,,monitoring.coreos.com/PrometheusRule,resolved-rendered,,hx-app-dev/kube-prometheus-stack,custom resource monitoring.coreos.com/PrometheusRule requires its CRD,data/kubara-effective-renders/current-platform/hx-app-dev/kube-prometheus-stack.yaml,monitoring.coreos.com/v1|PrometheusRule|kube-prometheus-stack|kube-prometheus-stack-kube-prometheus-general.rules,apiVersion
needs,hx-app-dev,hx-app-dev/kube-prometheus-stack,api-kind,PrometheusRule,,monitoring.coreos.com/PrometheusRule,resolved-rendered,,hx-app-dev/kube-prometheus-stack,custom resource monitoring.coreos.com/PrometheusRule requires its CRD,data/kubara-effective-renders/current-platform/hx-app-dev/kube-prometheus-stack.yaml,monitoring.coreos.com/v1|PrometheusRule|kube-prometheus-stack|kube-prometheus-stack-prometheus-operator,apiVersion
needs,hx-app-dev,hx-app-dev/kube-prometheus-stack,api-kind,PrometheusRule,,monitoring.coreos.com/PrometheusRule,resolved-rendered,,hx-app-dev/kube-prometheus-stack,custom resource monitoring.coreos.com/PrometheusRule requires its CRD,data/kubara-effective-renders/current-platform/hx-app-dev/kube-prometheus-stack.yaml,monitoring.coreos.com/v1|PrometheusRule|kube-prometheus-stack|kube-prometheus-stack-k8s.rules.container-cpu-usage-seconds-tot,apiVersion
needs,hx-app-dev,hx-app-dev/kube-prometheus-stack,api-kind,PrometheusRule,,monitoring.coreos.com/PrometheusRule,resolved-rendered,,hx-app-dev/kube-prometheus-stack,custom resource monitoring.coreos.com/PrometheusRule requires its CRD,data/kubara-effective-renders/current-platform/hx-app-dev/kube-prometheus-stack.yaml,monitoring.coreos.com/v1|PrometheusRule|kube-prometheus-stack|kube-prometheus-stack-kubernetes-storage,apiVersion
needs,hx-app-dev,hx-app-dev/kube-prometheus-stack,api-kind,PrometheusRule,,monitoring.coreos.com/PrometheusRule,resolved-rendered,,hx-app-dev/kube-prometheus-stack,custom resource monitoring.coreos.com/PrometheusRule requires its CRD,data/kubara-effective-renders/current-platform/hx-app-dev/kube-prometheus-stack.yaml,monitoring.coreos.com/v1|PrometheusRule|kube-prometheus-stack|kube-prometheus-stack-kube-state-metrics,apiVersion
needs,hx-app-dev,hx-app-dev/kube-prometheus-stack,api-kind,PrometheusRule,,monitoring.coreos.com/PrometheusRule,resolved-rendered,,hx-app-dev/kube-prometheus-stack,custom resource monitoring.coreos.com/PrometheusRule requires its CRD,data/kubara-effective-renders/current-platform/hx-app-dev/kube-prometheus-stack.yaml,monitoring.coreos.com/v1|PrometheusRule|kube-prometheus-stack|kube-prometheus-stack-k8s.rules.container-resource,apiVersion
needs,hx-app-dev,hx-app-dev/kube-prometheus-stack,api-kind,PrometheusRule,,monitoring.coreos.com/PrometheusRule,resolved-rendered,,hx-app-dev/kube-prometheus-stack,custom resource monitoring.coreos.com/PrometheusRule requires its CRD,data/kubara-effective-renders/current-platform/hx-app-dev/kube-prometheus-stack.yaml,monitoring.coreos.com/v1|PrometheusRule|kube-prometheus-stack|kube-prometheus-stack-k8s.rules.pod-owner,apiVersion
needs,hx-app-dev,hx-app-dev/kube-prometheus-stack,api-kind,PrometheusRule,,monitoring.coreos.com/PrometheusRule,resolved-rendered,,hx-app-dev/kube-prometheus-stack,custom resource monitoring.coreos.com/PrometheusRule requires its CRD,data/kubara-effective-renders/current-platform/hx-app-dev/kube-prometheus-stack.yaml,monitoring.coreos.com/v1|PrometheusRule|kube-prometheus-stack|kube-prometheus-stack-k8s.rules.container-memory-rss,apiVersion
needs,hx-app-dev,hx-app-dev/kube-prometheus-stack,api-kind,PrometheusRule,,monitoring.coreos.com/PrometheusRule,resolved-rendered,,hx-app-dev/kube-prometheus-stack,custom resource monitoring.coreos.com/PrometheusRule requires its CRD,data/kubara-effective-renders/current-platform/hx-app-dev/kube-prometheus-stack.yaml,monitoring.coreos.com/v1|PrometheusRule|kube-prometheus-stack|kube-prometheus-stack-kube-apiserver-histogram.rules,apiVersion
needs,hx-app-dev,hx-app-dev/kube-prometheus-stack,api-kind,PrometheusRule,,monitoring.coreos.com/PrometheusRule,resolved-rendered,,hx-app-dev/kube-prometheus-stack,custom resource monitoring.coreos.com/PrometheusRule requires its CRD,data/kubara-effective-renders/current-platform/hx-app-dev/kube-prometheus-stack.yaml,monitoring.coreos.com/v1|PrometheusRule|kube-prometheus-stack|kube-prometheus-stack-kubelet.rules,apiVersion
needs,hx-app-dev,hx-app-dev/kube-prometheus-stack,api-kind,PrometheusRule,,monitoring.coreos.com/PrometheusRule,resolved-rendered,,hx-app-dev/kube-prometheus-stack,custom resource monitoring.coreos.com/PrometheusRule requires its CRD,data/kubara-effective-renders/current-platform/hx-app-dev/kube-prometheus-stack.yaml,monitoring.coreos.com/v1|PrometheusRule|kube-prometheus-stack|kube-prometheus-stack-kube-prometheus-node-recording.rules,apiVersion
needs,hx-app-dev,hx-app-dev/kube-prometheus-stack,api-kind,PrometheusRule,,monitoring.coreos.com/PrometheusRule,resolved-rendered,,hx-app-dev/kube-prometheus-stack,custom resource monitoring.coreos.com/PrometheusRule requires its CRD,data/kubara-effective-renders/current-platform/hx-app-dev/kube-prometheus-stack.yaml,monitoring.coreos.com/v1|PrometheusRule|kube-prometheus-stack|kube-prometheus-stack-kubernetes-apps,apiVersion
needs,hx-app-dev,hx-app-dev/kube-prometheus-stack,api-kind,PrometheusRule,,monitoring.coreos.com/PrometheusRule,resolved-rendered,,hx-app-dev/kube-prometheus-stack,custom resource monitoring.coreos.com/PrometheusRule requires its CRD,data/kubara-effective-renders/current-platform/hx-app-dev/kube-prometheus-stack.yaml,monitoring.coreos.com/v1|PrometheusRule|kube-prometheus-stack|kube-prometheus-stack-kube-apiserver-burnrate.rules,apiVersion
needs,hx-app-dev,hx-app-dev/kube-prometheus-stack,api-kind,PrometheusRule,,monitoring.coreos.com/PrometheusRule,resolved-rendered,,hx-app-dev/kube-prometheus-stack,custom resource monitoring.coreos.com/PrometheusRule requires its CRD,data/kubara-effective-renders/current-platform/hx-app-dev/kube-prometheus-stack.yaml,monitoring.coreos.com/v1|PrometheusRule|kube-prometheus-stack|kube-prometheus-stack-config-reloaders,apiVersion
needs,hx-app-dev,hx-app-dev/kube-prometheus-stack,api-kind,PrometheusRule,,monitoring.coreos.com/PrometheusRule,resolved-rendered,,hx-app-dev/kube-prometheus-stack,custom resource monitoring.coreos.com/PrometheusRule requires its CRD,data/kubara-effective-renders/current-platform/hx-app-dev/kube-prometheus-stack.yaml,monitoring.coreos.com/v1|PrometheusRule|kube-prometheus-stack|kube-prometheus-stack-general.rules,apiVersion
needs,hx-app-dev,hx-app-dev/kube-prometheus-stack,api-kind,PrometheusRule,,monitoring.coreos.com/PrometheusRule,resolved-rendered,,hx-app-dev/kube-prometheus-stack,custom resource monitoring.coreos.com/PrometheusRule requires its CRD,data/kubara-effective-renders/current-platform/hx-app-dev/kube-prometheus-stack.yaml,monitoring.coreos.com/v1|PrometheusRule|kube-prometheus-stack|kube-prometheus-stack-kubernetes-resources,apiVersion
needs,hx-app-dev,hx-app-dev/kube-prometheus-stack,api-kind,ServiceMonitor,,monitoring.coreos.com/ServiceMonitor,resolved-rendered,,hx-app-dev/kube-prometheus-stack,custom resource monitoring.coreos.com/ServiceMonitor requires its CRD,data/kubara-effective-renders/current-platform/hx-app-dev/kube-prometheus-stack.yaml,monitoring.coreos.com/v1|ServiceMonitor|kube-prometheus-stack|kube-prometheus-stack-alertmanager,apiVersion
needs,hx-app-dev,hx-app-dev/kube-prometheus-stack,api-kind,ServiceMonitor,,monitoring.coreos.com/ServiceMonitor,resolved-rendered,,hx-app-dev/kube-prometheus-stack,custom resource monitoring.coreos.com/ServiceMonitor requires its CRD,data/kubara-effective-renders/current-platform/hx-app-dev/kube-prometheus-stack.yaml,monitoring.coreos.com/v1|ServiceMonitor|kube-prometheus-stack|kube-prometheus-stack-apiserver,apiVersion
needs,hx-app-dev,hx-app-dev/kube-prometheus-stack,api-kind,ServiceMonitor,,monitoring.coreos.com/ServiceMonitor,resolved-rendered,,hx-app-dev/kube-prometheus-stack,custom resource monitoring.coreos.com/ServiceMonitor requires its CRD,data/kubara-effective-renders/current-platform/hx-app-dev/kube-prometheus-stack.yaml,monitoring.coreos.com/v1|ServiceMonitor|kube-prometheus-stack|kube-prometheus-stack-coredns,apiVersion
needs,hx-app-dev,hx-app-dev/kube-prometheus-stack,api-kind,ServiceMonitor,,monitoring.coreos.com/ServiceMonitor,resolved-rendered,,hx-app-dev/kube-prometheus-stack,custom resource monitoring.coreos.com/ServiceMonitor requires its CRD,data/kubara-effective-renders/current-platform/hx-app-dev/kube-prometheus-stack.yaml,monitoring.coreos.com/v1|ServiceMonitor|kube-prometheus-stack|kube-prometheus-stack-kubelet,apiVersion
needs,hx-app-dev,hx-app-dev/kube-prometheus-stack,api-kind,ServiceMonitor,,monitoring.coreos.com/ServiceMonitor,resolved-rendered,,hx-app-dev/kube-prometheus-stack,custom resource monitoring.coreos.com/ServiceMonitor requires its CRD,data/kubara-effective-renders/current-platform/hx-app-dev/kube-prometheus-stack.yaml,monitoring.coreos.com/v1|ServiceMonitor|kube-prometheus-stack|kube-prometheus-stack-operator,apiVersion
needs,hx-app-dev,hx-app-dev/kube-prometheus-stack,api-kind,ServiceMonitor,,monitoring.coreos.com/ServiceMonitor,resolved-rendered,,hx-app-dev/kube-prometheus-stack,custom resource monitoring.coreos.com/ServiceMonitor requires its CRD,data/kubara-effective-renders/current-platform/hx-app-dev/kube-prometheus-stack.yaml,monitoring.coreos.com/v1|ServiceMonitor|kube-prometheus-stack|kube-prometheus-stack-kube-state-metrics,apiVersion
needs,hx-app-dev,hx-app-dev/kube-prometheus-stack,api-kind,ServiceMonitor,,monitoring.coreos.com/ServiceMonitor,resolved-rendered,,hx-app-dev/kube-prometheus-stack,custom resource monitoring.coreos.com/ServiceMonitor requires its CRD,data/kubara-effective-renders/current-platform/hx-app-dev/kube-prometheus-stack.yaml,monitoring.coreos.com/v1|ServiceMonitor|kube-prometheus-stack|kube-prometheus-stack-prometheus,apiVersion
needs,hx-app-dev,hx-app-dev/kube-prometheus-stack,api-kind,ServiceMonitor,,monitoring.coreos.com/ServiceMonitor,resolved-rendered,,hx-app-dev/kube-prometheus-stack,custom resource monitoring.coreos.com/ServiceMonitor requires its CRD,data/kubara-effective-renders/current-platform/hx-app-dev/kube-prometheus-stack.yaml,monitoring.coreos.com/v1|ServiceMonitor|kube-prometheus-stack|kube-prometheus-stack-prometheus-node-exporter,apiVersion
needs,hx-app-dev,hx-app-dev/kube-prometheus-stack,external-secret,ExternalSecretBackendKey,,hx-app-dev/dev/kube-prometheus-stack/grafana_credentials,external,,,remote secret backend input,data/kubara-effective-renders/current-platform/hx-app-dev/kube-prometheus-stack.yaml,external-secrets.io/v1|ExternalSecret|kube-prometheus-stack|grafana-admin-credentials-es,spec.dataFrom[0]
needs,hx-app-dev,hx-app-dev/kube-prometheus-stack,object,ClusterRole,,kube-prometheus-stack-grafana-clusterrole,resolved-rendered,,hx-app-dev/kube-prometheus-stack,RBAC role reference,data/kubara-effective-renders/current-platform/hx-app-dev/kube-prometheus-stack.yaml,rbac.authorization.k8s.io/v1|ClusterRoleBinding||kube-prometheus-stack-grafana-clusterrolebinding,roleRef
needs,hx-app-dev,hx-app-dev/kube-prometheus-stack,object,ClusterRole,,kube-prometheus-stack-kube-state-metrics,resolved-rendered,,hx-app-dev/kube-prometheus-stack,RBAC role reference,data/kubara-effective-renders/current-platform/hx-app-dev/kube-prometheus-stack.yaml,rbac.authorization.k8s.io/v1|ClusterRoleBinding||kube-prometheus-stack-kube-state-metrics,roleRef
needs,hx-app-dev,hx-app-dev/kube-prometheus-stack,object,ClusterRole,,kube-prometheus-stack-operator,resolved-rendered,,hx-app-dev/kube-prometheus-stack,RBAC role reference,data/kubara-effective-renders/current-platform/hx-app-dev/kube-prometheus-stack.yaml,rbac.authorization.k8s.io/v1|ClusterRoleBinding||kube-prometheus-stack-operator,roleRef
needs,hx-app-dev,hx-app-dev/kube-prometheus-stack,object,ClusterRole,,kube-prometheus-stack-prometheus,resolved-rendered,,hx-app-dev/kube-prometheus-stack,RBAC role reference,data/kubara-effective-renders/current-platform/hx-app-dev/kube-prometheus-stack.yaml,rbac.authorization.k8s.io/v1|ClusterRoleBinding||kube-prometheus-stack-prometheus,roleRef
needs,hx-app-dev,hx-app-dev/kube-prometheus-stack,object,ClusterSecretStore,,hx-app-dev-dev,unresolved,,,External Secrets store reference,data/kubara-effective-renders/current-platform/hx-app-dev/kube-prometheus-stack.yaml,external-secrets.io/v1|ExternalSecret|kube-prometheus-stack|grafana-admin-credentials-es,spec.secretStoreRef
needs,hx-app-dev,hx-app-dev/kube-prometheus-stack,object,ConfigMap,kube-prometheus-stack,kube-prometheus-stack-grafana,resolved-rendered,,hx-app-dev/kube-prometheus-stack,pod volume ConfigMap reference,data/kubara-effective-renders/current-platform/hx-app-dev/kube-prometheus-stack.yaml,apps/v1|Deployment|kube-prometheus-stack|kube-prometheus-stack-grafana,spec.template.spec.volumes[0].configMap.name
needs,hx-app-dev,hx-app-dev/kube-prometheus-stack,object,ConfigMap,kube-prometheus-stack,kube-prometheus-stack-grafana-config-dashboards,resolved-rendered,,hx-app-dev/kube-prometheus-stack,pod volume ConfigMap reference,data/kubara-effective-renders/current-platform/hx-app-dev/kube-prometheus-stack.yaml,apps/v1|Deployment|kube-prometheus-stack|kube-prometheus-stack-grafana,spec.template.spec.volumes[4].configMap.name
needs,hx-app-dev,hx-app-dev/kube-prometheus-stack,object,ConfigMap,kube-prometheus-stack,kube-prometheus-stack-prometheus-blackbox-exporter,resolved-rendered,,hx-app-dev/kube-prometheus-stack,pod volume ConfigMap reference,data/kubara-effective-renders/current-platform/hx-app-dev/kube-prometheus-stack.yaml,apps/v1|Deployment|kube-prometheus-stack|kube-prometheus-stack-prometheus-blackbox-exporter,spec.template.spec.volumes[0].configMap.name
needs,hx-app-dev,hx-app-dev/kube-prometheus-stack,object,Issuer,kube-prometheus-stack,kube-prometheus-stack-root-issuer,resolved-rendered,,hx-app-dev/kube-prometheus-stack,Certificate issuer reference,data/kubara-effective-renders/current-platform/hx-app-dev/kube-prometheus-stack.yaml,cert-manager.io/v1|Certificate|kube-prometheus-stack|kube-prometheus-stack-admission,spec.issuerRef
needs,hx-app-dev,hx-app-dev/kube-prometheus-stack,object,Issuer,kube-prometheus-stack,kube-prometheus-stack-self-signed-issuer,resolved-rendered,,hx-app-dev/kube-prometheus-stack,Certificate issuer reference,data/kubara-effective-renders/current-platform/hx-app-dev/kube-prometheus-stack.yaml,cert-manager.io/v1|Certificate|kube-prometheus-stack|kube-prometheus-stack-root-cert,spec.issuerRef
needs,hx-app-dev,hx-app-dev/kube-prometheus-stack,object,Secret,kube-prometheus-stack,grafana-admin-credentials,resolved-runtime,,hx-app-dev/kube-prometheus-stack,container secret key reference,data/kubara-effective-renders/current-platform/hx-app-dev/kube-prometheus-stack.yaml,apps/v1|Deployment|kube-prometheus-stack|kube-prometheus-stack-grafana,spec.template.spec.containers[0].env[7].valueFrom.secretKeyRef.name
needs,hx-app-dev,hx-app-dev/kube-prometheus-stack,object,Secret,kube-prometheus-stack,grafana-admin-credentials,resolved-runtime,,hx-app-dev/kube-prometheus-stack,container secret key reference,data/kubara-effective-renders/current-platform/hx-app-dev/kube-prometheus-stack.yaml,apps/v1|Deployment|kube-prometheus-stack|kube-prometheus-stack-grafana,spec.template.spec.containers[0].env[6].valueFrom.secretKeyRef.name
needs,hx-app-dev,hx-app-dev/kube-prometheus-stack,object,Secret,kube-prometheus-stack,grafana-admin-credentials,resolved-runtime,,hx-app-dev/kube-prometheus-stack,container secret key reference,data/kubara-effective-renders/current-platform/hx-app-dev/kube-prometheus-stack.yaml,apps/v1|Deployment|kube-prometheus-stack|kube-prometheus-stack-grafana,spec.template.spec.containers[2].env[1].valueFrom.secretKeyRef.name
needs,hx-app-dev,hx-app-dev/kube-prometheus-stack,object,Secret,kube-prometheus-stack,grafana-admin-credentials,resolved-runtime,,hx-app-dev/kube-prometheus-stack,container secret key reference,data/kubara-effective-renders/current-platform/hx-app-dev/kube-prometheus-stack.yaml,apps/v1|Deployment|kube-prometheus-stack|kube-prometheus-stack-grafana,spec.template.spec.containers[1].env[5].valueFrom.secretKeyRef.name
needs,hx-app-dev,hx-app-dev/kube-prometheus-stack,object,Secret,kube-prometheus-stack,grafana-admin-credentials,resolved-runtime,,hx-app-dev/kube-prometheus-stack,container secret key reference,data/kubara-effective-renders/current-platform/hx-app-dev/kube-prometheus-stack.yaml,apps/v1|Deployment|kube-prometheus-stack|kube-prometheus-stack-grafana,spec.template.spec.containers[1].env[6].valueFrom.secretKeyRef.name
needs,hx-app-dev,hx-app-dev/kube-prometheus-stack,object,Secret,kube-prometheus-stack,grafana-admin-credentials,resolved-runtime,,hx-app-dev/kube-prometheus-stack,container secret key reference,data/kubara-effective-renders/current-platform/hx-app-dev/kube-prometheus-stack.yaml,apps/v1|Deployment|kube-prometheus-stack|kube-prometheus-stack-grafana,spec.template.spec.containers[2].env[2].valueFrom.secretKeyRef.name
needs,hx-app-dev,hx-app-dev/kube-prometheus-stack,object,Secret,kube-prometheus-stack,image-pull-secret,resolved-runtime,,hx-app-dev/argo-cd,workload image pull secret reference,data/kubara-effective-renders/current-platform/hx-app-dev/kube-prometheus-stack.yaml,apps/v1|Deployment|kube-prometheus-stack|kube-prometheus-stack-grafana,spec.template.spec.imagePullSecrets[0].name
needs,hx-app-dev,hx-app-dev/kube-prometheus-stack,object,Secret,kube-prometheus-stack,image-pull-secret,resolved-runtime,,hx-app-dev/argo-cd,ServiceAccount image pull secret reference,data/kubara-effective-renders/current-platform/hx-app-dev/kube-prometheus-stack.yaml,v1|ServiceAccount|kube-prometheus-stack|kube-prometheus-stack-kube-state-metrics,imagePullSecrets[0].name
needs,hx-app-dev,hx-app-dev/kube-prometheus-stack,object,Secret,kube-prometheus-stack,image-pull-secret,resolved-runtime,,hx-app-dev/argo-cd,workload image pull secret reference,data/kubara-effective-renders/current-platform/hx-app-dev/kube-prometheus-stack.yaml,apps/v1|Deployment|kube-prometheus-stack|kube-prometheus-stack-prometheus-blackbox-exporter,spec.template.spec.imagePullSecrets[0].name
needs,hx-app-dev,hx-app-dev/kube-prometheus-stack,object,Secret,kube-prometheus-stack,image-pull-secret,resolved-runtime,,hx-app-dev/argo-cd,ServiceAccount image pull secret reference,data/kubara-effective-renders/current-platform/hx-app-dev/kube-prometheus-stack.yaml,v1|ServiceAccount|kube-prometheus-stack|kube-prometheus-stack-prometheus-node-exporter,imagePullSecrets[0].name
needs,hx-app-dev,hx-app-dev/kube-prometheus-stack,object,Secret,kube-prometheus-stack,image-pull-secret,resolved-runtime,,hx-app-dev/argo-cd,workload image pull secret reference,data/kubara-effective-renders/current-platform/hx-app-dev/kube-prometheus-stack.yaml,apps/v1|Deployment|kube-prometheus-stack|kube-prometheus-stack-kube-state-metrics,spec.template.spec.imagePullSecrets[0].name
needs,hx-app-dev,hx-app-dev/kube-prometheus-stack,object,Secret,kube-prometheus-stack,image-pull-secret,resolved-runtime,,hx-app-dev/argo-cd,workload image pull secret reference,data/kubara-effective-renders/current-platform/hx-app-dev/kube-prometheus-stack.yaml,apps/v1|Deployment|kube-prometheus-stack|kube-prometheus-stack-operator,spec.template.spec.imagePullSecrets[0].name
needs,hx-app-dev,hx-app-dev/kube-prometheus-stack,object,Secret,kube-prometheus-stack,image-pull-secret,resolved-runtime,,hx-app-dev/argo-cd,ServiceAccount image pull secret reference,data/kubara-effective-renders/current-platform/hx-app-dev/kube-prometheus-stack.yaml,v1|ServiceAccount|kube-prometheus-stack|kube-prometheus-stack-alertmanager,imagePullSecrets[0].name
needs,hx-app-dev,hx-app-dev/kube-prometheus-stack,object,Secret,kube-prometheus-stack,image-pull-secret,resolved-runtime,,hx-app-dev/argo-cd,workload image pull secret reference,data/kubara-effective-renders/current-platform/hx-app-dev/kube-prometheus-stack.yaml,apps/v1|DaemonSet|kube-prometheus-stack|kube-prometheus-stack-prometheus-node-exporter,spec.template.spec.imagePullSecrets[0].name
needs,hx-app-dev,hx-app-dev/kube-prometheus-stack,object,Secret,kube-prometheus-stack,image-pull-secret,resolved-runtime,,hx-app-dev/argo-cd,ServiceAccount image pull secret reference,data/kubara-effective-renders/current-platform/hx-app-dev/kube-prometheus-stack.yaml,v1|ServiceAccount|kube-prometheus-stack|kube-prometheus-stack-operator,imagePullSecrets[0].name
needs,hx-app-dev,hx-app-dev/kube-prometheus-stack,object,Secret,kube-prometheus-stack,image-pull-secret,resolved-runtime,,hx-app-dev/argo-cd,ServiceAccount image pull secret reference,data/kubara-effective-renders/current-platform/hx-app-dev/kube-prometheus-stack.yaml,v1|ServiceAccount|kube-prometheus-stack|kube-prometheus-stack-prometheus,imagePullSecrets[0].name
needs,hx-app-dev,hx-app-dev/kube-prometheus-stack,object,Secret,kube-prometheus-stack,kube-prometheus-stack-admission,resolved-runtime,,hx-app-dev/kube-prometheus-stack,pod volume secret reference,data/kubara-effective-renders/current-platform/hx-app-dev/kube-prometheus-stack.yaml,apps/v1|Deployment|kube-prometheus-stack|kube-prometheus-stack-operator,spec.template.spec.volumes[0].secret.secretName
needs,hx-app-dev,hx-app-dev/kube-prometheus-stack,object,ServiceAccount,kube-prometheus-stack,kube-prometheus-stack-grafana,resolved-rendered,,hx-app-dev/kube-prometheus-stack,workload service account reference,data/kubara-effective-renders/current-platform/hx-app-dev/kube-prometheus-stack.yaml,apps/v1|Deployment|kube-prometheus-stack|kube-prometheus-stack-grafana,spec.template.spec.serviceAccountName
needs,hx-app-dev,hx-app-dev/kube-prometheus-stack,object,ServiceAccount,kube-prometheus-stack,kube-prometheus-stack-grafana,resolved-rendered,,hx-app-dev/kube-prometheus-stack,RBAC ServiceAccount subject,data/kubara-effective-renders/current-platform/hx-app-dev/kube-prometheus-stack.yaml,rbac.authorization.k8s.io/v1|ClusterRoleBinding||kube-prometheus-stack-grafana-clusterrolebinding,subjects[0]
needs,hx-app-dev,hx-app-dev/kube-prometheus-stack,object,ServiceAccount,kube-prometheus-stack,kube-prometheus-stack-kube-state-metrics,resolved-rendered,,hx-app-dev/kube-prometheus-stack,RBAC ServiceAccount subject,data/kubara-effective-renders/current-platform/hx-app-dev/kube-prometheus-stack.yaml,rbac.authorization.k8s.io/v1|ClusterRoleBinding||kube-prometheus-stack-kube-state-metrics,subjects[0]
needs,hx-app-dev,hx-app-dev/kube-prometheus-stack,object,ServiceAccount,kube-prometheus-stack,kube-prometheus-stack-kube-state-metrics,resolved-rendered,,hx-app-dev/kube-prometheus-stack,workload service account reference,data/kubara-effective-renders/current-platform/hx-app-dev/kube-prometheus-stack.yaml,apps/v1|Deployment|kube-prometheus-stack|kube-prometheus-stack-kube-state-metrics,spec.template.spec.serviceAccountName
needs,hx-app-dev,hx-app-dev/kube-prometheus-stack,object,ServiceAccount,kube-prometheus-stack,kube-prometheus-stack-operator,resolved-rendered,,hx-app-dev/kube-prometheus-stack,workload service account reference,data/kubara-effective-renders/current-platform/hx-app-dev/kube-prometheus-stack.yaml,apps/v1|Deployment|kube-prometheus-stack|kube-prometheus-stack-operator,spec.template.spec.serviceAccountName
needs,hx-app-dev,hx-app-dev/kube-prometheus-stack,object,ServiceAccount,kube-prometheus-stack,kube-prometheus-stack-operator,resolved-rendered,,hx-app-dev/kube-prometheus-stack,RBAC ServiceAccount subject,data/kubara-effective-renders/current-platform/hx-app-dev/kube-prometheus-stack.yaml,rbac.authorization.k8s.io/v1|ClusterRoleBinding||kube-prometheus-stack-operator,subjects[0]
needs,hx-app-dev,hx-app-dev/kube-prometheus-stack,object,ServiceAccount,kube-prometheus-stack,kube-prometheus-stack-prometheus,resolved-rendered,,hx-app-dev/kube-prometheus-stack,RBAC ServiceAccount subject,data/kubara-effective-renders/current-platform/hx-app-dev/kube-prometheus-stack.yaml,rbac.authorization.k8s.io/v1|ClusterRoleBinding||kube-prometheus-stack-prometheus,subjects[0]
needs,hx-app-dev,hx-app-dev/kube-prometheus-stack,object,ServiceAccount,kube-prometheus-stack,kube-prometheus-stack-prometheus-blackbox-exporter,resolved-rendered,,hx-app-dev/kube-prometheus-stack,workload service account reference,data/kubara-effective-renders/current-platform/hx-app-dev/kube-prometheus-stack.yaml,apps/v1|Deployment|kube-prometheus-stack|kube-prometheus-stack-prometheus-blackbox-exporter,spec.template.spec.serviceAccountName
needs,hx-app-dev,hx-app-dev/kube-prometheus-stack,object,ServiceAccount,kube-prometheus-stack,kube-prometheus-stack-prometheus-node-exporter,resolved-rendered,,hx-app-dev/kube-prometheus-stack,workload service account reference,data/kubara-effective-renders/current-platform/hx-app-dev/kube-prometheus-stack.yaml,apps/v1|DaemonSet|kube-prometheus-stack|kube-prometheus-stack-prometheus-node-exporter,spec.template.spec.serviceAccountName
needs,hx-app-dev,hx-app-dev/kube-prometheus-stack,label-selector,Service,default,"{""matchLabels"":{""component"":""apiserver"",""provider"":""kubernetes""}}",target-prerequisite,,,ServiceMonitor selector requires at least one rendered Service match,data/kubara-effective-renders/current-platform/hx-app-dev/kube-prometheus-stack.yaml,monitoring.coreos.com/v1|ServiceMonitor|kube-prometheus-stack|kube-prometheus-stack-apiserver,spec.selector
needs,hx-app-dev,hx-app-dev/kube-prometheus-stack,label-selector,Service,kube-prometheus-stack,"{""matchLabels"":{""app"":""kube-prometheus-stack-operator"",""release"":""kube-prometheus-stack""}}",resolved-rendered,,hx-app-dev/kube-prometheus-stack,ServiceMonitor selector requires at least one rendered Service match,data/kubara-effective-renders/current-platform/hx-app-dev/kube-prometheus-stack.yaml,monitoring.coreos.com/v1|ServiceMonitor|kube-prometheus-stack|kube-prometheus-stack-operator,spec.selector
needs,hx-app-dev,hx-app-dev/kube-prometheus-stack,label-selector,Service,kube-prometheus-stack,"{""matchLabels"":{""app.kubernetes.io/instance"":""kube-prometheus-stack"",""app.kubernetes.io/name"":""kube-state-metrics""}}",resolved-rendered,,hx-app-dev/kube-prometheus-stack,ServiceMonitor selector requires at least one rendered Service match,data/kubara-effective-renders/current-platform/hx-app-dev/kube-prometheus-stack.yaml,monitoring.coreos.com/v1|ServiceMonitor|kube-prometheus-stack|kube-prometheus-stack-kube-state-metrics,spec.selector
needs,hx-app-dev,hx-app-dev/kube-prometheus-stack,label-selector,Service,kube-prometheus-stack,"{""matchLabels"":{""app"":""kube-prometheus-stack-alertmanager"",""release"":""kube-prometheus-stack"",""self-monitor"":""true""}}",resolved-rendered,,hx-app-dev/kube-prometheus-stack,ServiceMonitor selector requires at least one rendered Service match,data/kubara-effective-renders/current-platform/hx-app-dev/kube-prometheus-stack.yaml,monitoring.coreos.com/v1|ServiceMonitor|kube-prometheus-stack|kube-prometheus-stack-alertmanager,spec.selector
needs,hx-app-dev,hx-app-dev/kube-prometheus-stack,label-selector,Service,kube-prometheus-stack,"{""matchLabels"":{""app"":""kube-prometheus-stack-prometheus"",""release"":""kube-prometheus-stack"",""self-monitor"":""true""}}",resolved-rendered,,hx-app-dev/kube-prometheus-stack,ServiceMonitor selector requires at least one rendered Service match,data/kubara-effective-renders/current-platform/hx-app-dev/kube-prometheus-stack.yaml,monitoring.coreos.com/v1|ServiceMonitor|kube-prometheus-stack|kube-prometheus-stack-prometheus,spec.selector
needs,hx-app-dev,hx-app-dev/kube-prometheus-stack,label-selector,Service,kube-prometheus-stack,"{""matchLabels"":{""app.kubernetes.io/instance"":""kube-prometheus-stack"",""app.kubernetes.io/name"":""prometheus-node-exporter""}}",resolved-rendered,,hx-app-dev/kube-prometheus-stack,ServiceMonitor selector requires at least one rendered Service match,data/kubara-effective-renders/current-platform/hx-app-dev/kube-prometheus-stack.yaml,monitoring.coreos.com/v1|ServiceMonitor|kube-prometheus-stack|kube-prometheus-stack-prometheus-node-exporter,spec.selector
needs,hx-app-dev,hx-app-dev/kube-prometheus-stack,label-selector,Service,kube-system,"{""matchLabels"":{""app.kubernetes.io/name"":""kubelet"",""k8s-app"":""kubelet""}}",target-prerequisite,,,ServiceMonitor selector requires at least one rendered Service match,data/kubara-effective-renders/current-platform/hx-app-dev/kube-prometheus-stack.yaml,monitoring.coreos.com/v1|ServiceMonitor|kube-prometheus-stack|kube-prometheus-stack-kubelet,spec.selector
needs,hx-app-dev,hx-app-dev/kube-prometheus-stack,label-selector,Service,kube-system,"{""matchLabels"":{""app"":""kube-prometheus-stack-coredns"",""release"":""kube-prometheus-stack""}}",resolved-rendered,,hx-app-dev/kube-prometheus-stack,ServiceMonitor selector requires at least one rendered Service match,data/kubara-effective-renders/current-platform/hx-app-dev/kube-prometheus-stack.yaml,monitoring.coreos.com/v1|ServiceMonitor|kube-prometheus-stack|kube-prometheus-stack-coredns,spec.selector
needs,hx-app-dev,hx-app-dev/kube-prometheus-stack,label-selector,ServiceMonitor,kube-prometheus-stack,"{""matchLabels"":{""monitoring.instance"":""hx-app-dev-dev""}}",resolved-rendered,,hx-app-dev/kube-prometheus-stack,Prometheus selector requires rendered ServiceMonitor matches,data/kubara-effective-renders/current-platform/hx-app-dev/kube-prometheus-stack.yaml,monitoring.coreos.com/v1|Prometheus|kube-prometheus-stack|kube-prometheus-stack-prometheus,spec.serviceMonitorSelector
needs,hx-app-dev,hx-app-dev/kube-prometheus-stack,service-endpoint,Service,kube-prometheus-stack,kube-prometheus-stack-operator,resolved-rendered,,hx-app-dev/kube-prometheus-stack,admission webhook service reference,data/kubara-effective-renders/current-platform/hx-app-dev/kube-prometheus-stack.yaml,admissionregistration.k8s.io/v1|ValidatingWebhookConfiguration||kube-prometheus-stack-admission,webhooks[1].clientConfig.service
needs,hx-app-dev,hx-app-dev/kube-prometheus-stack,service-endpoint,Service,kube-prometheus-stack,kube-prometheus-stack-operator,resolved-rendered,,hx-app-dev/kube-prometheus-stack,admission webhook service reference,data/kubara-effective-renders/current-platform/hx-app-dev/kube-prometheus-stack.yaml,admissionregistration.k8s.io/v1|MutatingWebhookConfiguration||kube-prometheus-stack-admission,webhooks[0].clientConfig.service
needs,hx-app-dev,hx-app-dev/kube-prometheus-stack,service-endpoint,Service,kube-prometheus-stack,kube-prometheus-stack-operator,resolved-rendered,,hx-app-dev/kube-prometheus-stack,admission webhook service reference,data/kubara-effective-renders/current-platform/hx-app-dev/kube-prometheus-stack.yaml,admissionregistration.k8s.io/v1|ValidatingWebhookConfiguration||kube-prometheus-stack-admission,webhooks[0].clientConfig.service
needs,hx-app-dev,hx-app-dev/kube-prometheus-stack,service-endpoint,Service,loki,loki-headless,unresolved,,,Kubernetes service DNS endpoint reference,data/kubara-effective-renders/current-platform/hx-app-dev/kube-prometheus-stack.yaml,v1|ConfigMap|kube-prometheus-stack|kube-prometheus-stack-grafana-datasource,data.datasource.yaml
needs,hx-app-dev,hx-app-dev/metrics-server,object,ClusterRole,,system:auth-delegator,target-prerequisite,,,RBAC role reference,data/kubara-effective-renders/current-platform/hx-app-dev/metrics-server.yaml,rbac.authorization.k8s.io/v1|ClusterRoleBinding||metrics-server:system:auth-delegator,roleRef
needs,hx-app-dev,hx-app-dev/metrics-server,object,ClusterRole,,system:metrics-server,resolved-rendered,,hx-app-dev/metrics-server,RBAC role reference,data/kubara-effective-renders/current-platform/hx-app-dev/metrics-server.yaml,rbac.authorization.k8s.io/v1|ClusterRoleBinding||system:metrics-server,roleRef
needs,hx-app-dev,hx-app-dev/metrics-server,object,Role,kube-system,extension-apiserver-authentication-reader,target-prerequisite,,,RBAC role reference,data/kubara-effective-renders/current-platform/hx-app-dev/metrics-server.yaml,rbac.authorization.k8s.io/v1|RoleBinding|kube-system|metrics-server-auth-reader,roleRef
needs,hx-app-dev,hx-app-dev/metrics-server,object,Secret,metrics-server,image-pull-secret,resolved-runtime,,hx-app-dev/argo-cd,workload image pull secret reference,data/kubara-effective-renders/current-platform/hx-app-dev/metrics-server.yaml,apps/v1|Deployment|metrics-server|metrics-server,spec.template.spec.imagePullSecrets[0].name
needs,hx-app-dev,hx-app-dev/metrics-server,object,ServiceAccount,metrics-server,metrics-server,resolved-rendered,,hx-app-dev/metrics-server,RBAC ServiceAccount subject,data/kubara-effective-renders/current-platform/hx-app-dev/metrics-server.yaml,rbac.authorization.k8s.io/v1|ClusterRoleBinding||system:metrics-server,subjects[0]
needs,hx-app-dev,hx-app-dev/metrics-server,object,ServiceAccount,metrics-server,metrics-server,resolved-rendered,,hx-app-dev/metrics-server,workload service account reference,data/kubara-effective-renders/current-platform/hx-app-dev/metrics-server.yaml,apps/v1|Deployment|metrics-server|metrics-server,spec.template.spec.serviceAccountName
needs,hx-app-dev,hx-app-dev/metrics-server,object,ServiceAccount,metrics-server,metrics-server,resolved-rendered,,hx-app-dev/metrics-server,RBAC ServiceAccount subject,data/kubara-effective-renders/current-platform/hx-app-dev/metrics-server.yaml,rbac.authorization.k8s.io/v1|RoleBinding|kube-system|metrics-server-auth-reader,subjects[0]
needs,hx-app-dev,hx-app-dev/metrics-server,object,ServiceAccount,metrics-server,metrics-server,resolved-rendered,,hx-app-dev/metrics-server,RBAC ServiceAccount subject,data/kubara-effective-renders/current-platform/hx-app-dev/metrics-server.yaml,rbac.authorization.k8s.io/v1|ClusterRoleBinding||metrics-server:system:auth-delegator,subjects[0]
needs,hx-app-dev,hx-app-dev/metrics-server,service-endpoint,Service,metrics-server,metrics-server,resolved-rendered,,hx-app-dev/metrics-server,aggregated API service reference,data/kubara-effective-renders/current-platform/hx-app-dev/metrics-server.yaml,apiregistration.k8s.io/v1|APIService||v1beta1.metrics.k8s.io,spec.service
needs,hx-app-dev,hx-app-dev/traefik,api-kind,ServiceMonitor,,monitoring.coreos.com/ServiceMonitor,resolved-rendered,,hx-app-dev/kube-prometheus-stack,custom resource monitoring.coreos.com/ServiceMonitor requires its CRD,data/kubara-effective-renders/current-platform/hx-app-dev/traefik.yaml,monitoring.coreos.com/v1|ServiceMonitor|traefik|traefik,apiVersion
needs,hx-app-dev,hx-app-dev/traefik,object,ClusterRole,,traefik-traefik,resolved-rendered,,hx-app-dev/traefik,RBAC role reference,data/kubara-effective-renders/current-platform/hx-app-dev/traefik.yaml,rbac.authorization.k8s.io/v1|ClusterRoleBinding||traefik-traefik,roleRef
needs,hx-app-dev,hx-app-dev/traefik,object,Secret,traefik,image-pull-secret,resolved-runtime,,hx-app-dev/argo-cd,workload image pull secret reference,data/kubara-effective-renders/current-platform/hx-app-dev/traefik.yaml,apps/v1|Deployment|traefik|traefik,spec.template.spec.imagePullSecrets[0].name
needs,hx-app-dev,hx-app-dev/traefik,object,ServiceAccount,traefik,traefik,resolved-rendered,,hx-app-dev/traefik,RBAC ServiceAccount subject,data/kubara-effective-renders/current-platform/hx-app-dev/traefik.yaml,rbac.authorization.k8s.io/v1|ClusterRoleBinding||traefik-traefik,subjects[0]
needs,hx-app-dev,hx-app-dev/traefik,object,ServiceAccount,traefik,traefik,resolved-rendered,,hx-app-dev/traefik,workload service account reference,data/kubara-effective-renders/current-platform/hx-app-dev/traefik.yaml,apps/v1|Deployment|traefik|traefik,spec.template.spec.serviceAccountName
needs,hx-app-dev,hx-app-dev/traefik,label-selector,Service,traefik,"{""matchLabels"":{""app.kubernetes.io/instance"":""traefik-traefik"",""app.kubernetes.io/name"":""traefik""}}",resolved-rendered,,hx-app-dev/traefik,ServiceMonitor selector requires at least one rendered Service match,data/kubara-effective-renders/current-platform/hx-app-dev/traefik.yaml,monitoring.coreos.com/v1|ServiceMonitor|traefik|traefik,spec.selector
needs,hx-app-prod-a,hx-app-prod-a/cert-manager,api-kind,ClusterIssuer,,cert-manager.io/ClusterIssuer,resolved-rendered,,hx-app-prod-a/cert-manager,custom resource cert-manager.io/ClusterIssuer requires its CRD,data/kubara-effective-renders/current-platform/hx-app-prod-a/cert-manager.yaml,cert-manager.io/v1|ClusterIssuer||selfsigned-root-issuer,apiVersion
needs,hx-app-prod-a,hx-app-prod-a/cert-manager,object,ClusterRole,,cert-manager-cainjector,resolved-rendered,,hx-app-prod-a/cert-manager,RBAC role reference,data/kubara-effective-renders/current-platform/hx-app-prod-a/cert-manager.yaml,rbac.authorization.k8s.io/v1|ClusterRoleBinding||cert-manager-cainjector,roleRef
needs,hx-app-prod-a,hx-app-prod-a/cert-manager,object,ClusterRole,,cert-manager-controller-approve:cert-manager-io,resolved-rendered,,hx-app-prod-a/cert-manager,RBAC role reference,data/kubara-effective-renders/current-platform/hx-app-prod-a/cert-manager.yaml,rbac.authorization.k8s.io/v1|ClusterRoleBinding||cert-manager-controller-approve:cert-manager-io,roleRef
needs,hx-app-prod-a,hx-app-prod-a/cert-manager,object,ClusterRole,,cert-manager-controller-certificates,resolved-rendered,,hx-app-prod-a/cert-manager,RBAC role reference,data/kubara-effective-renders/current-platform/hx-app-prod-a/cert-manager.yaml,rbac.authorization.k8s.io/v1|ClusterRoleBinding||cert-manager-controller-certificates,roleRef
needs,hx-app-prod-a,hx-app-prod-a/cert-manager,object,ClusterRole,,cert-manager-controller-certificatesigningrequests,resolved-rendered,,hx-app-prod-a/cert-manager,RBAC role reference,data/kubara-effective-renders/current-platform/hx-app-prod-a/cert-manager.yaml,rbac.authorization.k8s.io/v1|ClusterRoleBinding||cert-manager-controller-certificatesigningrequests,roleRef
needs,hx-app-prod-a,hx-app-prod-a/cert-manager,object,ClusterRole,,cert-manager-controller-challenges,resolved-rendered,,hx-app-prod-a/cert-manager,RBAC role reference,data/kubara-effective-renders/current-platform/hx-app-prod-a/cert-manager.yaml,rbac.authorization.k8s.io/v1|ClusterRoleBinding||cert-manager-controller-challenges,roleRef
needs,hx-app-prod-a,hx-app-prod-a/cert-manager,object,ClusterRole,,cert-manager-controller-clusterissuers,resolved-rendered,,hx-app-prod-a/cert-manager,RBAC role reference,data/kubara-effective-renders/current-platform/hx-app-prod-a/cert-manager.yaml,rbac.authorization.k8s.io/v1|ClusterRoleBinding||cert-manager-controller-clusterissuers,roleRef
needs,hx-app-prod-a,hx-app-prod-a/cert-manager,object,ClusterRole,,cert-manager-controller-ingress-shim,resolved-rendered,,hx-app-prod-a/cert-manager,RBAC role reference,data/kubara-effective-renders/current-platform/hx-app-prod-a/cert-manager.yaml,rbac.authorization.k8s.io/v1|ClusterRoleBinding||cert-manager-controller-ingress-shim,roleRef
needs,hx-app-prod-a,hx-app-prod-a/cert-manager,object,ClusterRole,,cert-manager-controller-issuers,resolved-rendered,,hx-app-prod-a/cert-manager,RBAC role reference,data/kubara-effective-renders/current-platform/hx-app-prod-a/cert-manager.yaml,rbac.authorization.k8s.io/v1|ClusterRoleBinding||cert-manager-controller-issuers,roleRef
needs,hx-app-prod-a,hx-app-prod-a/cert-manager,object,ClusterRole,,cert-manager-controller-orders,resolved-rendered,,hx-app-prod-a/cert-manager,RBAC role reference,data/kubara-effective-renders/current-platform/hx-app-prod-a/cert-manager.yaml,rbac.authorization.k8s.io/v1|ClusterRoleBinding||cert-manager-controller-orders,roleRef
needs,hx-app-prod-a,hx-app-prod-a/cert-manager,object,ClusterRole,,cert-manager-webhook:subjectaccessreviews,resolved-rendered,,hx-app-prod-a/cert-manager,RBAC role reference,data/kubara-effective-renders/current-platform/hx-app-prod-a/cert-manager.yaml,rbac.authorization.k8s.io/v1|ClusterRoleBinding||cert-manager-webhook:subjectaccessreviews,roleRef
needs,hx-app-prod-a,hx-app-prod-a/cert-manager,object,Role,cert-manager,cert-manager-startupapicheck:create-cert,resolved-rendered,,hx-app-prod-a/cert-manager,RBAC role reference,data/kubara-effective-renders/current-platform/hx-app-prod-a/cert-manager.yaml,rbac.authorization.k8s.io/v1|RoleBinding|cert-manager|cert-manager-startupapicheck:create-cert,roleRef
needs,hx-app-prod-a,hx-app-prod-a/cert-manager,object,Role,cert-manager,cert-manager-webhook:dynamic-serving,resolved-rendered,,hx-app-prod-a/cert-manager,RBAC role reference,data/kubara-effective-renders/current-platform/hx-app-prod-a/cert-manager.yaml,rbac.authorization.k8s.io/v1|RoleBinding|cert-manager|cert-manager-webhook:dynamic-serving,roleRef
needs,hx-app-prod-a,hx-app-prod-a/cert-manager,object,Role,kube-system,cert-manager-cainjector:leaderelection,resolved-rendered,,hx-app-prod-a/cert-manager,RBAC role reference,data/kubara-effective-renders/current-platform/hx-app-prod-a/cert-manager.yaml,rbac.authorization.k8s.io/v1|RoleBinding|kube-system|cert-manager-cainjector:leaderelection,roleRef
needs,hx-app-prod-a,hx-app-prod-a/cert-manager,object,Role,kube-system,cert-manager:leaderelection,resolved-rendered,,hx-app-prod-a/cert-manager,RBAC role reference,data/kubara-effective-renders/current-platform/hx-app-prod-a/cert-manager.yaml,rbac.authorization.k8s.io/v1|RoleBinding|kube-system|cert-manager:leaderelection,roleRef
needs,hx-app-prod-a,hx-app-prod-a/cert-manager,object,Secret,cert-manager,image-pull-secret,unresolved,,,ServiceAccount image pull secret reference,data/kubara-effective-renders/current-platform/hx-app-prod-a/cert-manager.yaml,v1|ServiceAccount|cert-manager|cert-manager-webhook,imagePullSecrets[0].name
needs,hx-app-prod-a,hx-app-prod-a/cert-manager,object,Secret,cert-manager,image-pull-secret,unresolved,,,ServiceAccount image pull secret reference,data/kubara-effective-renders/current-platform/hx-app-prod-a/cert-manager.yaml,v1|ServiceAccount|cert-manager|cert-manager-startupapicheck,imagePullSecrets[0].name
needs,hx-app-prod-a,hx-app-prod-a/cert-manager,object,Secret,cert-manager,image-pull-secret,unresolved,,,ServiceAccount image pull secret reference,data/kubara-effective-renders/current-platform/hx-app-prod-a/cert-manager.yaml,v1|ServiceAccount|cert-manager|cert-manager-cainjector,imagePullSecrets[0].name
needs,hx-app-prod-a,hx-app-prod-a/cert-manager,object,Secret,cert-manager,image-pull-secret,unresolved,,,workload image pull secret reference,data/kubara-effective-renders/current-platform/hx-app-prod-a/cert-manager.yaml,batch/v1|Job|cert-manager|cert-manager-startupapicheck,spec.template.spec.imagePullSecrets[0].name
needs,hx-app-prod-a,hx-app-prod-a/cert-manager,object,Secret,cert-manager,image-pull-secret,unresolved,,,ServiceAccount image pull secret reference,data/kubara-effective-renders/current-platform/hx-app-prod-a/cert-manager.yaml,v1|ServiceAccount|cert-manager|cert-manager,imagePullSecrets[0].name
needs,hx-app-prod-a,hx-app-prod-a/cert-manager,object,ServiceAccount,cert-manager,cert-manager,resolved-rendered,,hx-app-prod-a/cert-manager,RBAC ServiceAccount subject,data/kubara-effective-renders/current-platform/hx-app-prod-a/cert-manager.yaml,rbac.authorization.k8s.io/v1|ClusterRoleBinding||cert-manager-controller-issuers,subjects[0]
needs,hx-app-prod-a,hx-app-prod-a/cert-manager,object,ServiceAccount,cert-manager,cert-manager,resolved-rendered,,hx-app-prod-a/cert-manager,workload service account reference,data/kubara-effective-renders/current-platform/hx-app-prod-a/cert-manager.yaml,apps/v1|Deployment|cert-manager|cert-manager,spec.template.spec.serviceAccountName
needs,hx-app-prod-a,hx-app-prod-a/cert-manager,object,ServiceAccount,cert-manager,cert-manager,resolved-rendered,,hx-app-prod-a/cert-manager,RBAC ServiceAccount subject,data/kubara-effective-renders/current-platform/hx-app-prod-a/cert-manager.yaml,rbac.authorization.k8s.io/v1|ClusterRoleBinding||cert-manager-controller-approve:cert-manager-io,subjects[0]
needs,hx-app-prod-a,hx-app-prod-a/cert-manager,object,ServiceAccount,cert-manager,cert-manager,resolved-rendered,,hx-app-prod-a/cert-manager,RBAC ServiceAccount subject,data/kubara-effective-renders/current-platform/hx-app-prod-a/cert-manager.yaml,rbac.authorization.k8s.io/v1|ClusterRoleBinding||cert-manager-controller-certificates,subjects[0]
needs,hx-app-prod-a,hx-app-prod-a/cert-manager,object,ServiceAccount,cert-manager,cert-manager,resolved-rendered,,hx-app-prod-a/cert-manager,RBAC ServiceAccount subject,data/kubara-effective-renders/current-platform/hx-app-prod-a/cert-manager.yaml,rbac.authorization.k8s.io/v1|ClusterRoleBinding||cert-manager-controller-challenges,subjects[0]
needs,hx-app-prod-a,hx-app-prod-a/cert-manager,object,ServiceAccount,cert-manager,cert-manager,resolved-rendered,,hx-app-prod-a/cert-manager,RBAC ServiceAccount subject,data/kubara-effective-renders/current-platform/hx-app-prod-a/cert-manager.yaml,rbac.authorization.k8s.io/v1|ClusterRoleBinding||cert-manager-controller-certificatesigningrequests,subjects[0]
needs,hx-app-prod-a,hx-app-prod-a/cert-manager,object,ServiceAccount,cert-manager,cert-manager,resolved-rendered,,hx-app-prod-a/cert-manager,RBAC ServiceAccount subject,data/kubara-effective-renders/current-platform/hx-app-prod-a/cert-manager.yaml,rbac.authorization.k8s.io/v1|RoleBinding|kube-system|cert-manager:leaderelection,subjects[0]
needs,hx-app-prod-a,hx-app-prod-a/cert-manager,object,ServiceAccount,cert-manager,cert-manager,resolved-rendered,,hx-app-prod-a/cert-manager,RBAC ServiceAccount subject,data/kubara-effective-renders/current-platform/hx-app-prod-a/cert-manager.yaml,rbac.authorization.k8s.io/v1|ClusterRoleBinding||cert-manager-controller-ingress-shim,subjects[0]
needs,hx-app-prod-a,hx-app-prod-a/cert-manager,object,ServiceAccount,cert-manager,cert-manager,resolved-rendered,,hx-app-prod-a/cert-manager,RBAC ServiceAccount subject,data/kubara-effective-renders/current-platform/hx-app-prod-a/cert-manager.yaml,rbac.authorization.k8s.io/v1|ClusterRoleBinding||cert-manager-controller-orders,subjects[0]
needs,hx-app-prod-a,hx-app-prod-a/cert-manager,object,ServiceAccount,cert-manager,cert-manager,resolved-rendered,,hx-app-prod-a/cert-manager,RBAC ServiceAccount subject,data/kubara-effective-renders/current-platform/hx-app-prod-a/cert-manager.yaml,rbac.authorization.k8s.io/v1|ClusterRoleBinding||cert-manager-controller-clusterissuers,subjects[0]
needs,hx-app-prod-a,hx-app-prod-a/cert-manager,object,ServiceAccount,cert-manager,cert-manager-cainjector,resolved-rendered,,hx-app-prod-a/cert-manager,workload service account reference,data/kubara-effective-renders/current-platform/hx-app-prod-a/cert-manager.yaml,apps/v1|Deployment|cert-manager|cert-manager-cainjector,spec.template.spec.serviceAccountName
needs,hx-app-prod-a,hx-app-prod-a/cert-manager,object,ServiceAccount,cert-manager,cert-manager-cainjector,resolved-rendered,,hx-app-prod-a/cert-manager,RBAC ServiceAccount subject,data/kubara-effective-renders/current-platform/hx-app-prod-a/cert-manager.yaml,rbac.authorization.k8s.io/v1|ClusterRoleBinding||cert-manager-cainjector,subjects[0]
needs,hx-app-prod-a,hx-app-prod-a/cert-manager,object,ServiceAccount,cert-manager,cert-manager-cainjector,resolved-rendered,,hx-app-prod-a/cert-manager,RBAC ServiceAccount subject,data/kubara-effective-renders/current-platform/hx-app-prod-a/cert-manager.yaml,rbac.authorization.k8s.io/v1|RoleBinding|kube-system|cert-manager-cainjector:leaderelection,subjects[0]
needs,hx-app-prod-a,hx-app-prod-a/cert-manager,object,ServiceAccount,cert-manager,cert-manager-startupapicheck,resolved-rendered,,hx-app-prod-a/cert-manager,RBAC ServiceAccount subject,data/kubara-effective-renders/current-platform/hx-app-prod-a/cert-manager.yaml,rbac.authorization.k8s.io/v1|RoleBinding|cert-manager|cert-manager-startupapicheck:create-cert,subjects[0]
needs,hx-app-prod-a,hx-app-prod-a/cert-manager,object,ServiceAccount,cert-manager,cert-manager-startupapicheck,resolved-rendered,,hx-app-prod-a/cert-manager,workload service account reference,data/kubara-effective-renders/current-platform/hx-app-prod-a/cert-manager.yaml,batch/v1|Job|cert-manager|cert-manager-startupapicheck,spec.template.spec.serviceAccountName
needs,hx-app-prod-a,hx-app-prod-a/cert-manager,object,ServiceAccount,cert-manager,cert-manager-webhook,resolved-rendered,,hx-app-prod-a/cert-manager,RBAC ServiceAccount subject,data/kubara-effective-renders/current-platform/hx-app-prod-a/cert-manager.yaml,rbac.authorization.k8s.io/v1|ClusterRoleBinding||cert-manager-webhook:subjectaccessreviews,subjects[0]
needs,hx-app-prod-a,hx-app-prod-a/cert-manager,object,ServiceAccount,cert-manager,cert-manager-webhook,resolved-rendered,,hx-app-prod-a/cert-manager,workload service account reference,data/kubara-effective-renders/current-platform/hx-app-prod-a/cert-manager.yaml,apps/v1|Deployment|cert-manager|cert-manager-webhook,spec.template.spec.serviceAccountName
needs,hx-app-prod-a,hx-app-prod-a/cert-manager,object,ServiceAccount,cert-manager,cert-manager-webhook,resolved-rendered,,hx-app-prod-a/cert-manager,RBAC ServiceAccount subject,data/kubara-effective-renders/current-platform/hx-app-prod-a/cert-manager.yaml,rbac.authorization.k8s.io/v1|RoleBinding|cert-manager|cert-manager-webhook:dynamic-serving,subjects[0]
needs,hx-app-prod-a,hx-app-prod-a/cert-manager,service-endpoint,Service,cert-manager,cert-manager-webhook,resolved-rendered,,hx-app-prod-a/cert-manager,admission webhook service reference,data/kubara-effective-renders/current-platform/hx-app-prod-a/cert-manager.yaml,admissionregistration.k8s.io/v1|ValidatingWebhookConfiguration||cert-manager-webhook,webhooks[0].clientConfig.service
needs,hx-app-prod-a,hx-app-prod-a/cert-manager,service-endpoint,Service,cert-manager,cert-manager-webhook,resolved-rendered,,hx-app-prod-a/cert-manager,admission webhook service reference,data/kubara-effective-renders/current-platform/hx-app-prod-a/cert-manager.yaml,admissionregistration.k8s.io/v1|MutatingWebhookConfiguration||cert-manager-webhook,webhooks[0].clientConfig.service
needs,hx-app-prod-a,hx-app-prod-a/traefik,object,ClusterRole,,traefik-traefik,resolved-rendered,,hx-app-prod-a/traefik,RBAC role reference,data/kubara-effective-renders/current-platform/hx-app-prod-a/traefik.yaml,rbac.authorization.k8s.io/v1|ClusterRoleBinding||traefik-traefik,roleRef
needs,hx-app-prod-a,hx-app-prod-a/traefik,object,Secret,traefik,image-pull-secret,unresolved,,,workload image pull secret reference,data/kubara-effective-renders/current-platform/hx-app-prod-a/traefik.yaml,apps/v1|Deployment|traefik|traefik,spec.template.spec.imagePullSecrets[0].name
needs,hx-app-prod-a,hx-app-prod-a/traefik,object,ServiceAccount,traefik,traefik,resolved-rendered,,hx-app-prod-a/traefik,RBAC ServiceAccount subject,data/kubara-effective-renders/current-platform/hx-app-prod-a/traefik.yaml,rbac.authorization.k8s.io/v1|ClusterRoleBinding||traefik-traefik,subjects[0]
needs,hx-app-prod-a,hx-app-prod-a/traefik,object,ServiceAccount,traefik,traefik,resolved-rendered,,hx-app-prod-a/traefik,workload service account reference,data/kubara-effective-renders/current-platform/hx-app-prod-a/traefik.yaml,apps/v1|Deployment|traefik|traefik,spec.template.spec.serviceAccountName
needs,hx-app-prod-b,hx-app-prod-b/cert-manager,api-kind,ClusterIssuer,,cert-manager.io/ClusterIssuer,resolved-rendered,,hx-app-prod-b/cert-manager,custom resource cert-manager.io/ClusterIssuer requires its CRD,data/kubara-effective-renders/current-platform/hx-app-prod-b/cert-manager.yaml,cert-manager.io/v1|ClusterIssuer||selfsigned-root-issuer,apiVersion
needs,hx-app-prod-b,hx-app-prod-b/cert-manager,object,ClusterRole,,cert-manager-cainjector,resolved-rendered,,hx-app-prod-b/cert-manager,RBAC role reference,data/kubara-effective-renders/current-platform/hx-app-prod-b/cert-manager.yaml,rbac.authorization.k8s.io/v1|ClusterRoleBinding||cert-manager-cainjector,roleRef
needs,hx-app-prod-b,hx-app-prod-b/cert-manager,object,ClusterRole,,cert-manager-controller-approve:cert-manager-io,resolved-rendered,,hx-app-prod-b/cert-manager,RBAC role reference,data/kubara-effective-renders/current-platform/hx-app-prod-b/cert-manager.yaml,rbac.authorization.k8s.io/v1|ClusterRoleBinding||cert-manager-controller-approve:cert-manager-io,roleRef
needs,hx-app-prod-b,hx-app-prod-b/cert-manager,object,ClusterRole,,cert-manager-controller-certificates,resolved-rendered,,hx-app-prod-b/cert-manager,RBAC role reference,data/kubara-effective-renders/current-platform/hx-app-prod-b/cert-manager.yaml,rbac.authorization.k8s.io/v1|ClusterRoleBinding||cert-manager-controller-certificates,roleRef
needs,hx-app-prod-b,hx-app-prod-b/cert-manager,object,ClusterRole,,cert-manager-controller-certificatesigningrequests,resolved-rendered,,hx-app-prod-b/cert-manager,RBAC role reference,data/kubara-effective-renders/current-platform/hx-app-prod-b/cert-manager.yaml,rbac.authorization.k8s.io/v1|ClusterRoleBinding||cert-manager-controller-certificatesigningrequests,roleRef
needs,hx-app-prod-b,hx-app-prod-b/cert-manager,object,ClusterRole,,cert-manager-controller-challenges,resolved-rendered,,hx-app-prod-b/cert-manager,RBAC role reference,data/kubara-effective-renders/current-platform/hx-app-prod-b/cert-manager.yaml,rbac.authorization.k8s.io/v1|ClusterRoleBinding||cert-manager-controller-challenges,roleRef
needs,hx-app-prod-b,hx-app-prod-b/cert-manager,object,ClusterRole,,cert-manager-controller-clusterissuers,resolved-rendered,,hx-app-prod-b/cert-manager,RBAC role reference,data/kubara-effective-renders/current-platform/hx-app-prod-b/cert-manager.yaml,rbac.authorization.k8s.io/v1|ClusterRoleBinding||cert-manager-controller-clusterissuers,roleRef
needs,hx-app-prod-b,hx-app-prod-b/cert-manager,object,ClusterRole,,cert-manager-controller-ingress-shim,resolved-rendered,,hx-app-prod-b/cert-manager,RBAC role reference,data/kubara-effective-renders/current-platform/hx-app-prod-b/cert-manager.yaml,rbac.authorization.k8s.io/v1|ClusterRoleBinding||cert-manager-controller-ingress-shim,roleRef
needs,hx-app-prod-b,hx-app-prod-b/cert-manager,object,ClusterRole,,cert-manager-controller-issuers,resolved-rendered,,hx-app-prod-b/cert-manager,RBAC role reference,data/kubara-effective-renders/current-platform/hx-app-prod-b/cert-manager.yaml,rbac.authorization.k8s.io/v1|ClusterRoleBinding||cert-manager-controller-issuers,roleRef
needs,hx-app-prod-b,hx-app-prod-b/cert-manager,object,ClusterRole,,cert-manager-controller-orders,resolved-rendered,,hx-app-prod-b/cert-manager,RBAC role reference,data/kubara-effective-renders/current-platform/hx-app-prod-b/cert-manager.yaml,rbac.authorization.k8s.io/v1|ClusterRoleBinding||cert-manager-controller-orders,roleRef
needs,hx-app-prod-b,hx-app-prod-b/cert-manager,object,ClusterRole,,cert-manager-webhook:subjectaccessreviews,resolved-rendered,,hx-app-prod-b/cert-manager,RBAC role reference,data/kubara-effective-renders/current-platform/hx-app-prod-b/cert-manager.yaml,rbac.authorization.k8s.io/v1|ClusterRoleBinding||cert-manager-webhook:subjectaccessreviews,roleRef
needs,hx-app-prod-b,hx-app-prod-b/cert-manager,object,Role,cert-manager,cert-manager-startupapicheck:create-cert,resolved-rendered,,hx-app-prod-b/cert-manager,RBAC role reference,data/kubara-effective-renders/current-platform/hx-app-prod-b/cert-manager.yaml,rbac.authorization.k8s.io/v1|RoleBinding|cert-manager|cert-manager-startupapicheck:create-cert,roleRef
needs,hx-app-prod-b,hx-app-prod-b/cert-manager,object,Role,cert-manager,cert-manager-webhook:dynamic-serving,resolved-rendered,,hx-app-prod-b/cert-manager,RBAC role reference,data/kubara-effective-renders/current-platform/hx-app-prod-b/cert-manager.yaml,rbac.authorization.k8s.io/v1|RoleBinding|cert-manager|cert-manager-webhook:dynamic-serving,roleRef
needs,hx-app-prod-b,hx-app-prod-b/cert-manager,object,Role,kube-system,cert-manager-cainjector:leaderelection,resolved-rendered,,hx-app-prod-b/cert-manager,RBAC role reference,data/kubara-effective-renders/current-platform/hx-app-prod-b/cert-manager.yaml,rbac.authorization.k8s.io/v1|RoleBinding|kube-system|cert-manager-cainjector:leaderelection,roleRef
needs,hx-app-prod-b,hx-app-prod-b/cert-manager,object,Role,kube-system,cert-manager:leaderelection,resolved-rendered,,hx-app-prod-b/cert-manager,RBAC role reference,data/kubara-effective-renders/current-platform/hx-app-prod-b/cert-manager.yaml,rbac.authorization.k8s.io/v1|RoleBinding|kube-system|cert-manager:leaderelection,roleRef
needs,hx-app-prod-b,hx-app-prod-b/cert-manager,object,Secret,cert-manager,image-pull-secret,unresolved,,,ServiceAccount image pull secret reference,data/kubara-effective-renders/current-platform/hx-app-prod-b/cert-manager.yaml,v1|ServiceAccount|cert-manager|cert-manager,imagePullSecrets[0].name
needs,hx-app-prod-b,hx-app-prod-b/cert-manager,object,Secret,cert-manager,image-pull-secret,unresolved,,,ServiceAccount image pull secret reference,data/kubara-effective-renders/current-platform/hx-app-prod-b/cert-manager.yaml,v1|ServiceAccount|cert-manager|cert-manager-startupapicheck,imagePullSecrets[0].name
needs,hx-app-prod-b,hx-app-prod-b/cert-manager,object,Secret,cert-manager,image-pull-secret,unresolved,,,ServiceAccount image pull secret reference,data/kubara-effective-renders/current-platform/hx-app-prod-b/cert-manager.yaml,v1|ServiceAccount|cert-manager|cert-manager-webhook,imagePullSecrets[0].name
needs,hx-app-prod-b,hx-app-prod-b/cert-manager,object,Secret,cert-manager,image-pull-secret,unresolved,,,workload image pull secret reference,data/kubara-effective-renders/current-platform/hx-app-prod-b/cert-manager.yaml,batch/v1|Job|cert-manager|cert-manager-startupapicheck,spec.template.spec.imagePullSecrets[0].name
needs,hx-app-prod-b,hx-app-prod-b/cert-manager,object,Secret,cert-manager,image-pull-secret,unresolved,,,ServiceAccount image pull secret reference,data/kubara-effective-renders/current-platform/hx-app-prod-b/cert-manager.yaml,v1|ServiceAccount|cert-manager|cert-manager-cainjector,imagePullSecrets[0].name
needs,hx-app-prod-b,hx-app-prod-b/cert-manager,object,ServiceAccount,cert-manager,cert-manager,resolved-rendered,,hx-app-prod-b/cert-manager,RBAC ServiceAccount subject,data/kubara-effective-renders/current-platform/hx-app-prod-b/cert-manager.yaml,rbac.authorization.k8s.io/v1|ClusterRoleBinding||cert-manager-controller-certificates,subjects[0]
needs,hx-app-prod-b,hx-app-prod-b/cert-manager,object,ServiceAccount,cert-manager,cert-manager,resolved-rendered,,hx-app-prod-b/cert-manager,RBAC ServiceAccount subject,data/kubara-effective-renders/current-platform/hx-app-prod-b/cert-manager.yaml,rbac.authorization.k8s.io/v1|RoleBinding|kube-system|cert-manager:leaderelection,subjects[0]
needs,hx-app-prod-b,hx-app-prod-b/cert-manager,object,ServiceAccount,cert-manager,cert-manager,resolved-rendered,,hx-app-prod-b/cert-manager,RBAC ServiceAccount subject,data/kubara-effective-renders/current-platform/hx-app-prod-b/cert-manager.yaml,rbac.authorization.k8s.io/v1|ClusterRoleBinding||cert-manager-controller-challenges,subjects[0]
needs,hx-app-prod-b,hx-app-prod-b/cert-manager,object,ServiceAccount,cert-manager,cert-manager,resolved-rendered,,hx-app-prod-b/cert-manager,RBAC ServiceAccount subject,data/kubara-effective-renders/current-platform/hx-app-prod-b/cert-manager.yaml,rbac.authorization.k8s.io/v1|ClusterRoleBinding||cert-manager-controller-orders,subjects[0]
needs,hx-app-prod-b,hx-app-prod-b/cert-manager,object,ServiceAccount,cert-manager,cert-manager,resolved-rendered,,hx-app-prod-b/cert-manager,RBAC ServiceAccount subject,data/kubara-effective-renders/current-platform/hx-app-prod-b/cert-manager.yaml,rbac.authorization.k8s.io/v1|ClusterRoleBinding||cert-manager-controller-clusterissuers,subjects[0]
needs,hx-app-prod-b,hx-app-prod-b/cert-manager,object,ServiceAccount,cert-manager,cert-manager,resolved-rendered,,hx-app-prod-b/cert-manager,workload service account reference,data/kubara-effective-renders/current-platform/hx-app-prod-b/cert-manager.yaml,apps/v1|Deployment|cert-manager|cert-manager,spec.template.spec.serviceAccountName
needs,hx-app-prod-b,hx-app-prod-b/cert-manager,object,ServiceAccount,cert-manager,cert-manager,resolved-rendered,,hx-app-prod-b/cert-manager,RBAC ServiceAccount subject,data/kubara-effective-renders/current-platform/hx-app-prod-b/cert-manager.yaml,rbac.authorization.k8s.io/v1|ClusterRoleBinding||cert-manager-controller-approve:cert-manager-io,subjects[0]
needs,hx-app-prod-b,hx-app-prod-b/cert-manager,object,ServiceAccount,cert-manager,cert-manager,resolved-rendered,,hx-app-prod-b/cert-manager,RBAC ServiceAccount subject,data/kubara-effective-renders/current-platform/hx-app-prod-b/cert-manager.yaml,rbac.authorization.k8s.io/v1|ClusterRoleBinding||cert-manager-controller-ingress-shim,subjects[0]
needs,hx-app-prod-b,hx-app-prod-b/cert-manager,object,ServiceAccount,cert-manager,cert-manager,resolved-rendered,,hx-app-prod-b/cert-manager,RBAC ServiceAccount subject,data/kubara-effective-renders/current-platform/hx-app-prod-b/cert-manager.yaml,rbac.authorization.k8s.io/v1|ClusterRoleBinding||cert-manager-controller-issuers,subjects[0]
needs,hx-app-prod-b,hx-app-prod-b/cert-manager,object,ServiceAccount,cert-manager,cert-manager,resolved-rendered,,hx-app-prod-b/cert-manager,RBAC ServiceAccount subject,data/kubara-effective-renders/current-platform/hx-app-prod-b/cert-manager.yaml,rbac.authorization.k8s.io/v1|ClusterRoleBinding||cert-manager-controller-certificatesigningrequests,subjects[0]
needs,hx-app-prod-b,hx-app-prod-b/cert-manager,object,ServiceAccount,cert-manager,cert-manager-cainjector,resolved-rendered,,hx-app-prod-b/cert-manager,workload service account reference,data/kubara-effective-renders/current-platform/hx-app-prod-b/cert-manager.yaml,apps/v1|Deployment|cert-manager|cert-manager-cainjector,spec.template.spec.serviceAccountName
needs,hx-app-prod-b,hx-app-prod-b/cert-manager,object,ServiceAccount,cert-manager,cert-manager-cainjector,resolved-rendered,,hx-app-prod-b/cert-manager,RBAC ServiceAccount subject,data/kubara-effective-renders/current-platform/hx-app-prod-b/cert-manager.yaml,rbac.authorization.k8s.io/v1|ClusterRoleBinding||cert-manager-cainjector,subjects[0]
needs,hx-app-prod-b,hx-app-prod-b/cert-manager,object,ServiceAccount,cert-manager,cert-manager-cainjector,resolved-rendered,,hx-app-prod-b/cert-manager,RBAC ServiceAccount subject,data/kubara-effective-renders/current-platform/hx-app-prod-b/cert-manager.yaml,rbac.authorization.k8s.io/v1|RoleBinding|kube-system|cert-manager-cainjector:leaderelection,subjects[0]
needs,hx-app-prod-b,hx-app-prod-b/cert-manager,object,ServiceAccount,cert-manager,cert-manager-startupapicheck,resolved-rendered,,hx-app-prod-b/cert-manager,workload service account reference,data/kubara-effective-renders/current-platform/hx-app-prod-b/cert-manager.yaml,batch/v1|Job|cert-manager|cert-manager-startupapicheck,spec.template.spec.serviceAccountName
needs,hx-app-prod-b,hx-app-prod-b/cert-manager,object,ServiceAccount,cert-manager,cert-manager-startupapicheck,resolved-rendered,,hx-app-prod-b/cert-manager,RBAC ServiceAccount subject,data/kubara-effective-renders/current-platform/hx-app-prod-b/cert-manager.yaml,rbac.authorization.k8s.io/v1|RoleBinding|cert-manager|cert-manager-startupapicheck:create-cert,subjects[0]
needs,hx-app-prod-b,hx-app-prod-b/cert-manager,object,ServiceAccount,cert-manager,cert-manager-webhook,resolved-rendered,,hx-app-prod-b/cert-manager,RBAC ServiceAccount subject,data/kubara-effective-renders/current-platform/hx-app-prod-b/cert-manager.yaml,rbac.authorization.k8s.io/v1|ClusterRoleBinding||cert-manager-webhook:subjectaccessreviews,subjects[0]
needs,hx-app-prod-b,hx-app-prod-b/cert-manager,object,ServiceAccount,cert-manager,cert-manager-webhook,resolved-rendered,,hx-app-prod-b/cert-manager,workload service account reference,data/kubara-effective-renders/current-platform/hx-app-prod-b/cert-manager.yaml,apps/v1|Deployment|cert-manager|cert-manager-webhook,spec.template.spec.serviceAccountName
needs,hx-app-prod-b,hx-app-prod-b/cert-manager,object,ServiceAccount,cert-manager,cert-manager-webhook,resolved-rendered,,hx-app-prod-b/cert-manager,RBAC ServiceAccount subject,data/kubara-effective-renders/current-platform/hx-app-prod-b/cert-manager.yaml,rbac.authorization.k8s.io/v1|RoleBinding|cert-manager|cert-manager-webhook:dynamic-serving,subjects[0]
needs,hx-app-prod-b,hx-app-prod-b/cert-manager,service-endpoint,Service,cert-manager,cert-manager-webhook,resolved-rendered,,hx-app-prod-b/cert-manager,admission webhook service reference,data/kubara-effective-renders/current-platform/hx-app-prod-b/cert-manager.yaml,admissionregistration.k8s.io/v1|ValidatingWebhookConfiguration||cert-manager-webhook,webhooks[0].clientConfig.service
needs,hx-app-prod-b,hx-app-prod-b/cert-manager,service-endpoint,Service,cert-manager,cert-manager-webhook,resolved-rendered,,hx-app-prod-b/cert-manager,admission webhook service reference,data/kubara-effective-renders/current-platform/hx-app-prod-b/cert-manager.yaml,admissionregistration.k8s.io/v1|MutatingWebhookConfiguration||cert-manager-webhook,webhooks[0].clientConfig.service
needs,hx-app-prod-b,hx-app-prod-b/traefik,object,ClusterRole,,traefik-traefik,resolved-rendered,,hx-app-prod-b/traefik,RBAC role reference,data/kubara-effective-renders/current-platform/hx-app-prod-b/traefik.yaml,rbac.authorization.k8s.io/v1|ClusterRoleBinding||traefik-traefik,roleRef
needs,hx-app-prod-b,hx-app-prod-b/traefik,object,Secret,traefik,image-pull-secret,unresolved,,,workload image pull secret reference,data/kubara-effective-renders/current-platform/hx-app-prod-b/traefik.yaml,apps/v1|Deployment|traefik|traefik,spec.template.spec.imagePullSecrets[0].name
needs,hx-app-prod-b,hx-app-prod-b/traefik,object,ServiceAccount,traefik,traefik,resolved-rendered,,hx-app-prod-b/traefik,workload service account reference,data/kubara-effective-renders/current-platform/hx-app-prod-b/traefik.yaml,apps/v1|Deployment|traefik|traefik,spec.template.spec.serviceAccountName
needs,hx-app-prod-b,hx-app-prod-b/traefik,object,ServiceAccount,traefik,traefik,resolved-rendered,,hx-app-prod-b/traefik,RBAC ServiceAccount subject,data/kubara-effective-renders/current-platform/hx-app-prod-b/traefik.yaml,rbac.authorization.k8s.io/v1|ClusterRoleBinding||traefik-traefik,subjects[0]
needs,hx-app-staging,hx-app-staging/cert-manager,api-kind,ClusterIssuer,,cert-manager.io/ClusterIssuer,resolved-rendered,,hx-app-staging/cert-manager,custom resource cert-manager.io/ClusterIssuer requires its CRD,data/kubara-effective-renders/current-platform/hx-app-staging/cert-manager.yaml,cert-manager.io/v1|ClusterIssuer||selfsigned-root-issuer,apiVersion
needs,hx-app-staging,hx-app-staging/cert-manager,object,ClusterRole,,cert-manager-cainjector,resolved-rendered,,hx-app-staging/cert-manager,RBAC role reference,data/kubara-effective-renders/current-platform/hx-app-staging/cert-manager.yaml,rbac.authorization.k8s.io/v1|ClusterRoleBinding||cert-manager-cainjector,roleRef
needs,hx-app-staging,hx-app-staging/cert-manager,object,ClusterRole,,cert-manager-controller-approve:cert-manager-io,resolved-rendered,,hx-app-staging/cert-manager,RBAC role reference,data/kubara-effective-renders/current-platform/hx-app-staging/cert-manager.yaml,rbac.authorization.k8s.io/v1|ClusterRoleBinding||cert-manager-controller-approve:cert-manager-io,roleRef
needs,hx-app-staging,hx-app-staging/cert-manager,object,ClusterRole,,cert-manager-controller-certificates,resolved-rendered,,hx-app-staging/cert-manager,RBAC role reference,data/kubara-effective-renders/current-platform/hx-app-staging/cert-manager.yaml,rbac.authorization.k8s.io/v1|ClusterRoleBinding||cert-manager-controller-certificates,roleRef
needs,hx-app-staging,hx-app-staging/cert-manager,object,ClusterRole,,cert-manager-controller-certificatesigningrequests,resolved-rendered,,hx-app-staging/cert-manager,RBAC role reference,data/kubara-effective-renders/current-platform/hx-app-staging/cert-manager.yaml,rbac.authorization.k8s.io/v1|ClusterRoleBinding||cert-manager-controller-certificatesigningrequests,roleRef
needs,hx-app-staging,hx-app-staging/cert-manager,object,ClusterRole,,cert-manager-controller-challenges,resolved-rendered,,hx-app-staging/cert-manager,RBAC role reference,data/kubara-effective-renders/current-platform/hx-app-staging/cert-manager.yaml,rbac.authorization.k8s.io/v1|ClusterRoleBinding||cert-manager-controller-challenges,roleRef
needs,hx-app-staging,hx-app-staging/cert-manager,object,ClusterRole,,cert-manager-controller-clusterissuers,resolved-rendered,,hx-app-staging/cert-manager,RBAC role reference,data/kubara-effective-renders/current-platform/hx-app-staging/cert-manager.yaml,rbac.authorization.k8s.io/v1|ClusterRoleBinding||cert-manager-controller-clusterissuers,roleRef
needs,hx-app-staging,hx-app-staging/cert-manager,object,ClusterRole,,cert-manager-controller-ingress-shim,resolved-rendered,,hx-app-staging/cert-manager,RBAC role reference,data/kubara-effective-renders/current-platform/hx-app-staging/cert-manager.yaml,rbac.authorization.k8s.io/v1|ClusterRoleBinding||cert-manager-controller-ingress-shim,roleRef
needs,hx-app-staging,hx-app-staging/cert-manager,object,ClusterRole,,cert-manager-controller-issuers,resolved-rendered,,hx-app-staging/cert-manager,RBAC role reference,data/kubara-effective-renders/current-platform/hx-app-staging/cert-manager.yaml,rbac.authorization.k8s.io/v1|ClusterRoleBinding||cert-manager-controller-issuers,roleRef
needs,hx-app-staging,hx-app-staging/cert-manager,object,ClusterRole,,cert-manager-controller-orders,resolved-rendered,,hx-app-staging/cert-manager,RBAC role reference,data/kubara-effective-renders/current-platform/hx-app-staging/cert-manager.yaml,rbac.authorization.k8s.io/v1|ClusterRoleBinding||cert-manager-controller-orders,roleRef
needs,hx-app-staging,hx-app-staging/cert-manager,object,ClusterRole,,cert-manager-webhook:subjectaccessreviews,resolved-rendered,,hx-app-staging/cert-manager,RBAC role reference,data/kubara-effective-renders/current-platform/hx-app-staging/cert-manager.yaml,rbac.authorization.k8s.io/v1|ClusterRoleBinding||cert-manager-webhook:subjectaccessreviews,roleRef
needs,hx-app-staging,hx-app-staging/cert-manager,object,Role,cert-manager,cert-manager-startupapicheck:create-cert,resolved-rendered,,hx-app-staging/cert-manager,RBAC role reference,data/kubara-effective-renders/current-platform/hx-app-staging/cert-manager.yaml,rbac.authorization.k8s.io/v1|RoleBinding|cert-manager|cert-manager-startupapicheck:create-cert,roleRef
needs,hx-app-staging,hx-app-staging/cert-manager,object,Role,cert-manager,cert-manager-webhook:dynamic-serving,resolved-rendered,,hx-app-staging/cert-manager,RBAC role reference,data/kubara-effective-renders/current-platform/hx-app-staging/cert-manager.yaml,rbac.authorization.k8s.io/v1|RoleBinding|cert-manager|cert-manager-webhook:dynamic-serving,roleRef
needs,hx-app-staging,hx-app-staging/cert-manager,object,Role,kube-system,cert-manager-cainjector:leaderelection,resolved-rendered,,hx-app-staging/cert-manager,RBAC role reference,data/kubara-effective-renders/current-platform/hx-app-staging/cert-manager.yaml,rbac.authorization.k8s.io/v1|RoleBinding|kube-system|cert-manager-cainjector:leaderelection,roleRef
needs,hx-app-staging,hx-app-staging/cert-manager,object,Role,kube-system,cert-manager:leaderelection,resolved-rendered,,hx-app-staging/cert-manager,RBAC role reference,data/kubara-effective-renders/current-platform/hx-app-staging/cert-manager.yaml,rbac.authorization.k8s.io/v1|RoleBinding|kube-system|cert-manager:leaderelection,roleRef
needs,hx-app-staging,hx-app-staging/cert-manager,object,Secret,cert-manager,image-pull-secret,unresolved,,,workload image pull secret reference,data/kubara-effective-renders/current-platform/hx-app-staging/cert-manager.yaml,batch/v1|Job|cert-manager|cert-manager-startupapicheck,spec.template.spec.imagePullSecrets[0].name
needs,hx-app-staging,hx-app-staging/cert-manager,object,Secret,cert-manager,image-pull-secret,unresolved,,,ServiceAccount image pull secret reference,data/kubara-effective-renders/current-platform/hx-app-staging/cert-manager.yaml,v1|ServiceAccount|cert-manager|cert-manager-cainjector,imagePullSecrets[0].name
needs,hx-app-staging,hx-app-staging/cert-manager,object,Secret,cert-manager,image-pull-secret,unresolved,,,ServiceAccount image pull secret reference,data/kubara-effective-renders/current-platform/hx-app-staging/cert-manager.yaml,v1|ServiceAccount|cert-manager|cert-manager-startupapicheck,imagePullSecrets[0].name
needs,hx-app-staging,hx-app-staging/cert-manager,object,Secret,cert-manager,image-pull-secret,unresolved,,,ServiceAccount image pull secret reference,data/kubara-effective-renders/current-platform/hx-app-staging/cert-manager.yaml,v1|ServiceAccount|cert-manager|cert-manager-webhook,imagePullSecrets[0].name
needs,hx-app-staging,hx-app-staging/cert-manager,object,Secret,cert-manager,image-pull-secret,unresolved,,,ServiceAccount image pull secret reference,data/kubara-effective-renders/current-platform/hx-app-staging/cert-manager.yaml,v1|ServiceAccount|cert-manager|cert-manager,imagePullSecrets[0].name
needs,hx-app-staging,hx-app-staging/cert-manager,object,ServiceAccount,cert-manager,cert-manager,resolved-rendered,,hx-app-staging/cert-manager,RBAC ServiceAccount subject,data/kubara-effective-renders/current-platform/hx-app-staging/cert-manager.yaml,rbac.authorization.k8s.io/v1|ClusterRoleBinding||cert-manager-controller-clusterissuers,subjects[0]
needs,hx-app-staging,hx-app-staging/cert-manager,object,ServiceAccount,cert-manager,cert-manager,resolved-rendered,,hx-app-staging/cert-manager,RBAC ServiceAccount subject,data/kubara-effective-renders/current-platform/hx-app-staging/cert-manager.yaml,rbac.authorization.k8s.io/v1|ClusterRoleBinding||cert-manager-controller-certificatesigningrequests,subjects[0]
needs,hx-app-staging,hx-app-staging/cert-manager,object,ServiceAccount,cert-manager,cert-manager,resolved-rendered,,hx-app-staging/cert-manager,RBAC ServiceAccount subject,data/kubara-effective-renders/current-platform/hx-app-staging/cert-manager.yaml,rbac.authorization.k8s.io/v1|ClusterRoleBinding||cert-manager-controller-approve:cert-manager-io,subjects[0]
needs,hx-app-staging,hx-app-staging/cert-manager,object,ServiceAccount,cert-manager,cert-manager,resolved-rendered,,hx-app-staging/cert-manager,RBAC ServiceAccount subject,data/kubara-effective-renders/current-platform/hx-app-staging/cert-manager.yaml,rbac.authorization.k8s.io/v1|ClusterRoleBinding||cert-manager-controller-orders,subjects[0]
needs,hx-app-staging,hx-app-staging/cert-manager,object,ServiceAccount,cert-manager,cert-manager,resolved-rendered,,hx-app-staging/cert-manager,RBAC ServiceAccount subject,data/kubara-effective-renders/current-platform/hx-app-staging/cert-manager.yaml,rbac.authorization.k8s.io/v1|ClusterRoleBinding||cert-manager-controller-issuers,subjects[0]
needs,hx-app-staging,hx-app-staging/cert-manager,object,ServiceAccount,cert-manager,cert-manager,resolved-rendered,,hx-app-staging/cert-manager,workload service account reference,data/kubara-effective-renders/current-platform/hx-app-staging/cert-manager.yaml,apps/v1|Deployment|cert-manager|cert-manager,spec.template.spec.serviceAccountName
needs,hx-app-staging,hx-app-staging/cert-manager,object,ServiceAccount,cert-manager,cert-manager,resolved-rendered,,hx-app-staging/cert-manager,RBAC ServiceAccount subject,data/kubara-effective-renders/current-platform/hx-app-staging/cert-manager.yaml,rbac.authorization.k8s.io/v1|ClusterRoleBinding||cert-manager-controller-challenges,subjects[0]
needs,hx-app-staging,hx-app-staging/cert-manager,object,ServiceAccount,cert-manager,cert-manager,resolved-rendered,,hx-app-staging/cert-manager,RBAC ServiceAccount subject,data/kubara-effective-renders/current-platform/hx-app-staging/cert-manager.yaml,rbac.authorization.k8s.io/v1|ClusterRoleBinding||cert-manager-controller-certificates,subjects[0]
needs,hx-app-staging,hx-app-staging/cert-manager,object,ServiceAccount,cert-manager,cert-manager,resolved-rendered,,hx-app-staging/cert-manager,RBAC ServiceAccount subject,data/kubara-effective-renders/current-platform/hx-app-staging/cert-manager.yaml,rbac.authorization.k8s.io/v1|ClusterRoleBinding||cert-manager-controller-ingress-shim,subjects[0]
needs,hx-app-staging,hx-app-staging/cert-manager,object,ServiceAccount,cert-manager,cert-manager,resolved-rendered,,hx-app-staging/cert-manager,RBAC ServiceAccount subject,data/kubara-effective-renders/current-platform/hx-app-staging/cert-manager.yaml,rbac.authorization.k8s.io/v1|RoleBinding|kube-system|cert-manager:leaderelection,subjects[0]
needs,hx-app-staging,hx-app-staging/cert-manager,object,ServiceAccount,cert-manager,cert-manager-cainjector,resolved-rendered,,hx-app-staging/cert-manager,RBAC ServiceAccount subject,data/kubara-effective-renders/current-platform/hx-app-staging/cert-manager.yaml,rbac.authorization.k8s.io/v1|ClusterRoleBinding||cert-manager-cainjector,subjects[0]
needs,hx-app-staging,hx-app-staging/cert-manager,object,ServiceAccount,cert-manager,cert-manager-cainjector,resolved-rendered,,hx-app-staging/cert-manager,RBAC ServiceAccount subject,data/kubara-effective-renders/current-platform/hx-app-staging/cert-manager.yaml,rbac.authorization.k8s.io/v1|RoleBinding|kube-system|cert-manager-cainjector:leaderelection,subjects[0]
needs,hx-app-staging,hx-app-staging/cert-manager,object,ServiceAccount,cert-manager,cert-manager-cainjector,resolved-rendered,,hx-app-staging/cert-manager,workload service account reference,data/kubara-effective-renders/current-platform/hx-app-staging/cert-manager.yaml,apps/v1|Deployment|cert-manager|cert-manager-cainjector,spec.template.spec.serviceAccountName
needs,hx-app-staging,hx-app-staging/cert-manager,object,ServiceAccount,cert-manager,cert-manager-startupapicheck,resolved-rendered,,hx-app-staging/cert-manager,workload service account reference,data/kubara-effective-renders/current-platform/hx-app-staging/cert-manager.yaml,batch/v1|Job|cert-manager|cert-manager-startupapicheck,spec.template.spec.serviceAccountName
needs,hx-app-staging,hx-app-staging/cert-manager,object,ServiceAccount,cert-manager,cert-manager-startupapicheck,resolved-rendered,,hx-app-staging/cert-manager,RBAC ServiceAccount subject,data/kubara-effective-renders/current-platform/hx-app-staging/cert-manager.yaml,rbac.authorization.k8s.io/v1|RoleBinding|cert-manager|cert-manager-startupapicheck:create-cert,subjects[0]
needs,hx-app-staging,hx-app-staging/cert-manager,object,ServiceAccount,cert-manager,cert-manager-webhook,resolved-rendered,,hx-app-staging/cert-manager,RBAC ServiceAccount subject,data/kubara-effective-renders/current-platform/hx-app-staging/cert-manager.yaml,rbac.authorization.k8s.io/v1|RoleBinding|cert-manager|cert-manager-webhook:dynamic-serving,subjects[0]
needs,hx-app-staging,hx-app-staging/cert-manager,object,ServiceAccount,cert-manager,cert-manager-webhook,resolved-rendered,,hx-app-staging/cert-manager,RBAC ServiceAccount subject,data/kubara-effective-renders/current-platform/hx-app-staging/cert-manager.yaml,rbac.authorization.k8s.io/v1|ClusterRoleBinding||cert-manager-webhook:subjectaccessreviews,subjects[0]
needs,hx-app-staging,hx-app-staging/cert-manager,object,ServiceAccount,cert-manager,cert-manager-webhook,resolved-rendered,,hx-app-staging/cert-manager,workload service account reference,data/kubara-effective-renders/current-platform/hx-app-staging/cert-manager.yaml,apps/v1|Deployment|cert-manager|cert-manager-webhook,spec.template.spec.serviceAccountName
needs,hx-app-staging,hx-app-staging/cert-manager,service-endpoint,Service,cert-manager,cert-manager-webhook,resolved-rendered,,hx-app-staging/cert-manager,admission webhook service reference,data/kubara-effective-renders/current-platform/hx-app-staging/cert-manager.yaml,admissionregistration.k8s.io/v1|MutatingWebhookConfiguration||cert-manager-webhook,webhooks[0].clientConfig.service
needs,hx-app-staging,hx-app-staging/cert-manager,service-endpoint,Service,cert-manager,cert-manager-webhook,resolved-rendered,,hx-app-staging/cert-manager,admission webhook service reference,data/kubara-effective-renders/current-platform/hx-app-staging/cert-manager.yaml,admissionregistration.k8s.io/v1|ValidatingWebhookConfiguration||cert-manager-webhook,webhooks[0].clientConfig.service
needs,hx-app-staging,hx-app-staging/traefik,object,ClusterRole,,traefik-traefik,resolved-rendered,,hx-app-staging/traefik,RBAC role reference,data/kubara-effective-renders/current-platform/hx-app-staging/traefik.yaml,rbac.authorization.k8s.io/v1|ClusterRoleBinding||traefik-traefik,roleRef
needs,hx-app-staging,hx-app-staging/traefik,object,Secret,traefik,image-pull-secret,unresolved,,,workload image pull secret reference,data/kubara-effective-renders/current-platform/hx-app-staging/traefik.yaml,apps/v1|Deployment|traefik|traefik,spec.template.spec.imagePullSecrets[0].name
needs,hx-app-staging,hx-app-staging/traefik,object,ServiceAccount,traefik,traefik,resolved-rendered,,hx-app-staging/traefik,workload service account reference,data/kubara-effective-renders/current-platform/hx-app-staging/traefik.yaml,apps/v1|Deployment|traefik|traefik,spec.template.spec.serviceAccountName
needs,hx-app-staging,hx-app-staging/traefik,object,ServiceAccount,traefik,traefik,resolved-rendered,,hx-app-staging/traefik,RBAC ServiceAccount subject,data/kubara-effective-renders/current-platform/hx-app-staging/traefik.yaml,rbac.authorization.k8s.io/v1|ClusterRoleBinding||traefik-traefik,subjects[0]
provides,hx-app-dev,hx-app-dev/argo-cd,api-kind,Application,,argoproj.io/Application,rendered,rendered-crd,hx-app-dev/argo-cd,CRD in the effective render declares this API kind,data/kubara-effective-renders/current-platform/hx-app-dev/argo-cd.yaml,apiextensions.k8s.io/v1|CustomResourceDefinition||applications.argoproj.io,spec.names.kind
provides,hx-app-dev,hx-app-dev/argo-cd,api-kind,ApplicationSet,,argoproj.io/ApplicationSet,rendered,rendered-crd,hx-app-dev/argo-cd,CRD in the effective render declares this API kind,data/kubara-effective-renders/current-platform/hx-app-dev/argo-cd.yaml,apiextensions.k8s.io/v1|CustomResourceDefinition||applicationsets.argoproj.io,spec.names.kind
provides,hx-app-dev,hx-app-dev/argo-cd,api-kind,AppProject,,argoproj.io/AppProject,rendered,rendered-crd,hx-app-dev/argo-cd,CRD in the effective render declares this API kind,data/kubara-effective-renders/current-platform/hx-app-dev/argo-cd.yaml,apiextensions.k8s.io/v1|CustomResourceDefinition||appprojects.argoproj.io,spec.names.kind
provides,hx-app-dev,hx-app-dev/argo-cd,helm-hook,Job,argocd,argo-cd-argocd-redis-secret-init,rendered,rendered-hook,hx-app-dev/argo-cd,rendered object carries a Helm hook annotation,data/kubara-effective-renders/current-platform/hx-app-dev/argo-cd.yaml,batch/v1|Job|argocd|argo-cd-argocd-redis-secret-init,metadata.annotations.helm.sh/hook
provides,hx-app-dev,hx-app-dev/argo-cd,helm-hook,Job,argocd,dex-restarter,rendered,rendered-hook,hx-app-dev/argo-cd,rendered object carries a Helm hook annotation,data/kubara-effective-renders/current-platform/hx-app-dev/argo-cd.yaml,batch/v1|Job|argocd|dex-restarter,metadata.annotations.helm.sh/hook
provides,hx-app-dev,hx-app-dev/argo-cd,helm-hook,Role,argocd,argo-cd-argocd-redis-secret-init,rendered,rendered-hook,hx-app-dev/argo-cd,rendered object carries a Helm hook annotation,data/kubara-effective-renders/current-platform/hx-app-dev/argo-cd.yaml,rbac.authorization.k8s.io/v1|Role|argocd|argo-cd-argocd-redis-secret-init,metadata.annotations.helm.sh/hook
provides,hx-app-dev,hx-app-dev/argo-cd,helm-hook,RoleBinding,argocd,argo-cd-argocd-redis-secret-init,rendered,rendered-hook,hx-app-dev/argo-cd,rendered object carries a Helm hook annotation,data/kubara-effective-renders/current-platform/hx-app-dev/argo-cd.yaml,rbac.authorization.k8s.io/v1|RoleBinding|argocd|argo-cd-argocd-redis-secret-init,metadata.annotations.helm.sh/hook
provides,hx-app-dev,hx-app-dev/argo-cd,helm-hook,ServiceAccount,argocd,argo-cd-argocd-redis-secret-init,rendered,rendered-hook,hx-app-dev/argo-cd,rendered object carries a Helm hook annotation,data/kubara-effective-renders/current-platform/hx-app-dev/argo-cd.yaml,v1|ServiceAccount|argocd|argo-cd-argocd-redis-secret-init,metadata.annotations.helm.sh/hook
provides,hx-app-dev,hx-app-dev/argo-cd,object,ApplicationSet,argocd,argocd,rendered,rendered-object,hx-app-dev/argo-cd,object exists in the committed effective render,data/kubara-effective-renders/current-platform/hx-app-dev/argo-cd.yaml,argoproj.io/v1alpha1|ApplicationSet|argocd|argocd,metadata.name
provides,hx-app-dev,hx-app-dev/argo-cd,object,ApplicationSet,argocd,cert-manager,rendered,rendered-object,hx-app-dev/argo-cd,object exists in the committed effective render,data/kubara-effective-renders/current-platform/hx-app-dev/argo-cd.yaml,argoproj.io/v1alpha1|ApplicationSet|argocd|cert-manager,metadata.name
provides,hx-app-dev,hx-app-dev/argo-cd,object,ApplicationSet,argocd,external-dns,rendered,rendered-object,hx-app-dev/argo-cd,object exists in the committed effective render,data/kubara-effective-renders/current-platform/hx-app-dev/argo-cd.yaml,argoproj.io/v1alpha1|ApplicationSet|argocd|external-dns,metadata.name
provides,hx-app-dev,hx-app-dev/argo-cd,object,ApplicationSet,argocd,external-secrets,rendered,rendered-object,hx-app-dev/argo-cd,object exists in the committed effective render,data/kubara-effective-renders/current-platform/hx-app-dev/argo-cd.yaml,argoproj.io/v1alpha1|ApplicationSet|argocd|external-secrets,metadata.name
provides,hx-app-dev,hx-app-dev/argo-cd,object,ApplicationSet,argocd,homer-dashboard,rendered,rendered-object,hx-app-dev/argo-cd,object exists in the committed effective render,data/kubara-effective-renders/current-platform/hx-app-dev/argo-cd.yaml,argoproj.io/v1alpha1|ApplicationSet|argocd|homer-dashboard,metadata.name
provides,hx-app-dev,hx-app-dev/argo-cd,object,ApplicationSet,argocd,kube-prometheus-stack,rendered,rendered-object,hx-app-dev/argo-cd,object exists in the committed effective render,data/kubara-effective-renders/current-platform/hx-app-dev/argo-cd.yaml,argoproj.io/v1alpha1|ApplicationSet|argocd|kube-prometheus-stack,metadata.name
provides,hx-app-dev,hx-app-dev/argo-cd,object,ApplicationSet,argocd,kyverno,rendered,rendered-object,hx-app-dev/argo-cd,object exists in the committed effective render,data/kubara-effective-renders/current-platform/hx-app-dev/argo-cd.yaml,argoproj.io/v1alpha1|ApplicationSet|argocd|kyverno,metadata.name
provides,hx-app-dev,hx-app-dev/argo-cd,object,ApplicationSet,argocd,kyverno-policies,rendered,rendered-object,hx-app-dev/argo-cd,object exists in the committed effective render,data/kubara-effective-renders/current-platform/hx-app-dev/argo-cd.yaml,argoproj.io/v1alpha1|ApplicationSet|argocd|kyverno-policies,metadata.name
provides,hx-app-dev,hx-app-dev/argo-cd,object,ApplicationSet,argocd,kyverno-policy-reporter,rendered,rendered-object,hx-app-dev/argo-cd,object exists in the committed effective render,data/kubara-effective-renders/current-platform/hx-app-dev/argo-cd.yaml,argoproj.io/v1alpha1|ApplicationSet|argocd|kyverno-policy-reporter,metadata.name
provides,hx-app-dev,hx-app-dev/argo-cd,object,ApplicationSet,argocd,loki,rendered,rendered-object,hx-app-dev/argo-cd,object exists in the committed effective render,data/kubara-effective-renders/current-platform/hx-app-dev/argo-cd.yaml,argoproj.io/v1alpha1|ApplicationSet|argocd|loki,metadata.name
provides,hx-app-dev,hx-app-dev/argo-cd,object,ApplicationSet,argocd,longhorn,rendered,rendered-object,hx-app-dev/argo-cd,object exists in the committed effective render,data/kubara-effective-renders/current-platform/hx-app-dev/argo-cd.yaml,argoproj.io/v1alpha1|ApplicationSet|argocd|longhorn,metadata.name
provides,hx-app-dev,hx-app-dev/argo-cd,object,ApplicationSet,argocd,metallb,rendered,rendered-object,hx-app-dev/argo-cd,object exists in the committed effective render,data/kubara-effective-renders/current-platform/hx-app-dev/argo-cd.yaml,argoproj.io/v1alpha1|ApplicationSet|argocd|metallb,metadata.name
provides,hx-app-dev,hx-app-dev/argo-cd,object,ApplicationSet,argocd,metrics-server,rendered,rendered-object,hx-app-dev/argo-cd,object exists in the committed effective render,data/kubara-effective-renders/current-platform/hx-app-dev/argo-cd.yaml,argoproj.io/v1alpha1|ApplicationSet|argocd|metrics-server,metadata.name
provides,hx-app-dev,hx-app-dev/argo-cd,object,ApplicationSet,argocd,oauth2-proxy,rendered,rendered-object,hx-app-dev/argo-cd,object exists in the committed effective render,data/kubara-effective-renders/current-platform/hx-app-dev/argo-cd.yaml,argoproj.io/v1alpha1|ApplicationSet|argocd|oauth2-proxy,metadata.name
provides,hx-app-dev,hx-app-dev/argo-cd,object,ApplicationSet,argocd,reloader,rendered,rendered-object,hx-app-dev/argo-cd,object exists in the committed effective render,data/kubara-effective-renders/current-platform/hx-app-dev/argo-cd.yaml,argoproj.io/v1alpha1|ApplicationSet|argocd|reloader,metadata.name
provides,hx-app-dev,hx-app-dev/argo-cd,object,ApplicationSet,argocd,traefik,rendered,rendered-object,hx-app-dev/argo-cd,object exists in the committed effective render,data/kubara-effective-renders/current-platform/hx-app-dev/argo-cd.yaml,argoproj.io/v1alpha1|ApplicationSet|argocd|traefik,metadata.name
provides,hx-app-dev,hx-app-dev/argo-cd,object,ApplicationSet,argocd,velero,rendered,rendered-object,hx-app-dev/argo-cd,object exists in the committed effective render,data/kubara-effective-renders/current-platform/hx-app-dev/argo-cd.yaml,argoproj.io/v1alpha1|ApplicationSet|argocd|velero,metadata.name
provides,hx-app-dev,hx-app-dev/argo-cd,object,AppProject,argocd,default,rendered,rendered-object,hx-app-dev/argo-cd,object exists in the committed effective render,data/kubara-effective-renders/current-platform/hx-app-dev/argo-cd.yaml,argoproj.io/v1alpha1|AppProject|argocd|default,metadata.name
provides,hx-app-dev,hx-app-dev/argo-cd,object,AppProject,argocd,hx-app-dev-dev,rendered,rendered-object,hx-app-dev/argo-cd,object exists in the committed effective render,data/kubara-effective-renders/current-platform/hx-app-dev/argo-cd.yaml,argoproj.io/v1alpha1|AppProject|argocd|hx-app-dev-dev,metadata.name
provides,hx-app-dev,hx-app-dev/argo-cd,object,ClusterRole,,argo-cd-argocd-aggregate-to-admin,rendered,rendered-object,hx-app-dev/argo-cd,object exists in the committed effective render,data/kubara-effective-renders/current-platform/hx-app-dev/argo-cd.yaml,rbac.authorization.k8s.io/v1|ClusterRole||argo-cd-argocd-aggregate-to-admin,metadata.name
provides,hx-app-dev,hx-app-dev/argo-cd,object,ClusterRole,,argo-cd-argocd-aggregate-to-edit,rendered,rendered-object,hx-app-dev/argo-cd,object exists in the committed effective render,data/kubara-effective-renders/current-platform/hx-app-dev/argo-cd.yaml,rbac.authorization.k8s.io/v1|ClusterRole||argo-cd-argocd-aggregate-to-edit,metadata.name
provides,hx-app-dev,hx-app-dev/argo-cd,object,ClusterRole,,argo-cd-argocd-aggregate-to-view,rendered,rendered-object,hx-app-dev/argo-cd,object exists in the committed effective render,data/kubara-effective-renders/current-platform/hx-app-dev/argo-cd.yaml,rbac.authorization.k8s.io/v1|ClusterRole||argo-cd-argocd-aggregate-to-view,metadata.name
provides,hx-app-dev,hx-app-dev/argo-cd,object,ClusterRole,,argo-cd-argocd-application-controller,rendered,rendered-object,hx-app-dev/argo-cd,object exists in the committed effective render,data/kubara-effective-renders/current-platform/hx-app-dev/argo-cd.yaml,rbac.authorization.k8s.io/v1|ClusterRole||argo-cd-argocd-application-controller,metadata.name
provides,hx-app-dev,hx-app-dev/argo-cd,object,ClusterRole,,argo-cd-argocd-server,rendered,rendered-object,hx-app-dev/argo-cd,object exists in the committed effective render,data/kubara-effective-renders/current-platform/hx-app-dev/argo-cd.yaml,rbac.authorization.k8s.io/v1|ClusterRole||argo-cd-argocd-server,metadata.name
provides,hx-app-dev,hx-app-dev/argo-cd,object,ConfigMap,argocd,argo-cd-argocd-redis-health-configmap,rendered,rendered-object,hx-app-dev/argo-cd,object exists in the committed effective render,data/kubara-effective-renders/current-platform/hx-app-dev/argo-cd.yaml,v1|ConfigMap|argocd|argo-cd-argocd-redis-health-configmap,metadata.name
provides,hx-app-dev,hx-app-dev/argo-cd,object,ConfigMap,argocd,argocd-cm,rendered,rendered-object,hx-app-dev/argo-cd,object exists in the committed effective render,data/kubara-effective-renders/current-platform/hx-app-dev/argo-cd.yaml,v1|ConfigMap|argocd|argocd-cm,metadata.name
provides,hx-app-dev,hx-app-dev/argo-cd,object,ConfigMap,argocd,argocd-cmd-params-cm,rendered,rendered-object,hx-app-dev/argo-cd,object exists in the committed effective render,data/kubara-effective-renders/current-platform/hx-app-dev/argo-cd.yaml,v1|ConfigMap|argocd|argocd-cmd-params-cm,metadata.name
provides,hx-app-dev,hx-app-dev/argo-cd,object,ConfigMap,argocd,argocd-gpg-keys-cm,rendered,rendered-object,hx-app-dev/argo-cd,object exists in the committed effective render,data/kubara-effective-renders/current-platform/hx-app-dev/argo-cd.yaml,v1|ConfigMap|argocd|argocd-gpg-keys-cm,metadata.name
provides,hx-app-dev,hx-app-dev/argo-cd,object,ConfigMap,argocd,argocd-rbac-cm,rendered,rendered-object,hx-app-dev/argo-cd,object exists in the committed effective render,data/kubara-effective-renders/current-platform/hx-app-dev/argo-cd.yaml,v1|ConfigMap|argocd|argocd-rbac-cm,metadata.name
provides,hx-app-dev,hx-app-dev/argo-cd,object,ConfigMap,argocd,argocd-ssh-known-hosts-cm,rendered,rendered-object,hx-app-dev/argo-cd,object exists in the committed effective render,data/kubara-effective-renders/current-platform/hx-app-dev/argo-cd.yaml,v1|ConfigMap|argocd|argocd-ssh-known-hosts-cm,metadata.name
provides,hx-app-dev,hx-app-dev/argo-cd,object,ConfigMap,argocd,argocd-tls-certs-cm,rendered,rendered-object,hx-app-dev/argo-cd,object exists in the committed effective render,data/kubara-effective-renders/current-platform/hx-app-dev/argo-cd.yaml,v1|ConfigMap|argocd|argocd-tls-certs-cm,metadata.name
provides,hx-app-dev,hx-app-dev/argo-cd,object,ConfigMap,argocd,restart-script,rendered,rendered-object,hx-app-dev/argo-cd,object exists in the committed effective render,data/kubara-effective-renders/current-platform/hx-app-dev/argo-cd.yaml,v1|ConfigMap|argocd|restart-script,metadata.name
provides,hx-app-dev,hx-app-dev/argo-cd,object,Deployment,argocd,argo-cd-argocd-applicationset-controller,rendered,rendered-object,hx-app-dev/argo-cd,object exists in the committed effective render,data/kubara-effective-renders/current-platform/hx-app-dev/argo-cd.yaml,apps/v1|Deployment|argocd|argo-cd-argocd-applicationset-controller,metadata.name
provides,hx-app-dev,hx-app-dev/argo-cd,object,Deployment,argocd,argo-cd-argocd-dex-server,rendered,rendered-object,hx-app-dev/argo-cd,object exists in the committed effective render,data/kubara-effective-renders/current-platform/hx-app-dev/argo-cd.yaml,apps/v1|Deployment|argocd|argo-cd-argocd-dex-server,metadata.name
provides,hx-app-dev,hx-app-dev/argo-cd,object,Deployment,argocd,argo-cd-argocd-redis,rendered,rendered-object,hx-app-dev/argo-cd,object exists in the committed effective render,data/kubara-effective-renders/current-platform/hx-app-dev/argo-cd.yaml,apps/v1|Deployment|argocd|argo-cd-argocd-redis,metadata.name
provides,hx-app-dev,hx-app-dev/argo-cd,object,Deployment,argocd,argo-cd-argocd-repo-server,rendered,rendered-object,hx-app-dev/argo-cd,object exists in the committed effective render,data/kubara-effective-renders/current-platform/hx-app-dev/argo-cd.yaml,apps/v1|Deployment|argocd|argo-cd-argocd-repo-server,metadata.name
provides,hx-app-dev,hx-app-dev/argo-cd,object,Deployment,argocd,argo-cd-argocd-server,rendered,rendered-object,hx-app-dev/argo-cd,object exists in the committed effective render,data/kubara-effective-renders/current-platform/hx-app-dev/argo-cd.yaml,apps/v1|Deployment|argocd|argo-cd-argocd-server,metadata.name
provides,hx-app-dev,hx-app-dev/argo-cd,object,Namespace,,argocd,rendered,rendered-object,hx-app-dev/argo-cd,object exists in the committed effective render,data/kubara-effective-renders/current-platform/hx-app-dev/argo-cd.yaml,v1|Namespace||argocd,metadata.name
provides,hx-app-dev,hx-app-dev/argo-cd,object,Role,argocd,argo-cd-argocd-application-controller,rendered,rendered-object,hx-app-dev/argo-cd,object exists in the committed effective render,data/kubara-effective-renders/current-platform/hx-app-dev/argo-cd.yaml,rbac.authorization.k8s.io/v1|Role|argocd|argo-cd-argocd-application-controller,metadata.name
provides,hx-app-dev,hx-app-dev/argo-cd,object,Role,argocd,argo-cd-argocd-applicationset-controller,rendered,rendered-object,hx-app-dev/argo-cd,object exists in the committed effective render,data/kubara-effective-renders/current-platform/hx-app-dev/argo-cd.yaml,rbac.authorization.k8s.io/v1|Role|argocd|argo-cd-argocd-applicationset-controller,metadata.name
provides,hx-app-dev,hx-app-dev/argo-cd,object,Role,argocd,argo-cd-argocd-dex-server,rendered,rendered-object,hx-app-dev/argo-cd,object exists in the committed effective render,data/kubara-effective-renders/current-platform/hx-app-dev/argo-cd.yaml,rbac.authorization.k8s.io/v1|Role|argocd|argo-cd-argocd-dex-server,metadata.name
provides,hx-app-dev,hx-app-dev/argo-cd,object,Role,argocd,argo-cd-argocd-redis-secret-init,rendered,rendered-object,hx-app-dev/argo-cd,object exists in the committed effective render,data/kubara-effective-renders/current-platform/hx-app-dev/argo-cd.yaml,rbac.authorization.k8s.io/v1|Role|argocd|argo-cd-argocd-redis-secret-init,metadata.name
provides,hx-app-dev,hx-app-dev/argo-cd,object,Role,argocd,argo-cd-argocd-repo-server,rendered,rendered-object,hx-app-dev/argo-cd,object exists in the committed effective render,data/kubara-effective-renders/current-platform/hx-app-dev/argo-cd.yaml,rbac.authorization.k8s.io/v1|Role|argocd|argo-cd-argocd-repo-server,metadata.name
provides,hx-app-dev,hx-app-dev/argo-cd,object,Role,argocd,argo-cd-argocd-server,rendered,rendered-object,hx-app-dev/argo-cd,object exists in the committed effective render,data/kubara-effective-renders/current-platform/hx-app-dev/argo-cd.yaml,rbac.authorization.k8s.io/v1|Role|argocd|argo-cd-argocd-server,metadata.name
provides,hx-app-dev,hx-app-dev/argo-cd,object,Role,argocd,dex-restarter,rendered,rendered-object,hx-app-dev/argo-cd,object exists in the committed effective render,data/kubara-effective-renders/current-platform/hx-app-dev/argo-cd.yaml,rbac.authorization.k8s.io/v1|Role|argocd|dex-restarter,metadata.name
provides,hx-app-dev,hx-app-dev/argo-cd,object,Secret,argocd,argocd-redis,declared-runtime,declared-hook-output,hx-app-dev/argo-cd,rendered Helm hook command declares this output; hook execution is not observed here,data/kubara-effective-renders/current-platform/hx-app-dev/argo-cd.yaml,batch/v1|Job|argocd|argo-cd-argocd-redis-secret-init,spec.template.spec.containers[].command
provides,hx-app-dev,hx-app-dev/argo-cd,object,Secret,argocd,argocd-secret,rendered,rendered-object,hx-app-dev/argo-cd,object exists in the committed effective render,data/kubara-effective-renders/current-platform/hx-app-dev/argo-cd.yaml,v1|Secret|argocd|argocd-secret,metadata.name
provides,hx-app-dev,hx-app-dev/argo-cd,object,Secret,argocd,argocd-server-grpc-tls,declared-runtime,declared-controller-output,hx-app-dev/argo-cd,rendered controller contract declares this output; materialization is not observed here,data/kubara-effective-renders/current-platform/hx-app-dev/argo-cd.yaml,networking.k8s.io/v1|Ingress|argocd|argo-cd-argocd-server-grpc,spec.tls[0].secretName
provides,hx-app-dev,hx-app-dev/argo-cd,object,Secret,argocd,cluster-kubernetes.default.svc,rendered,rendered-object,hx-app-dev/argo-cd,object exists in the committed effective render,data/kubara-effective-renders/current-platform/hx-app-dev/argo-cd.yaml,v1|Secret|argocd|cluster-kubernetes.default.svc,metadata.name
provides,hx-app-dev,hx-app-dev/argo-cd,object,Secret,argocd,hx-app-prod-a-cluster-secret,declared-runtime,declared-controller-output,hx-app-dev/argo-cd,rendered controller contract declares this output; materialization is not observed here,data/kubara-effective-renders/current-platform/hx-app-dev/argo-cd.yaml,external-secrets.io/v1|ExternalSecret|argocd|hx-app-prod-a-es,spec.target.name
provides,hx-app-dev,hx-app-dev/argo-cd,object,Secret,argocd,hx-app-prod-b-cluster-secret,declared-runtime,declared-controller-output,hx-app-dev/argo-cd,rendered controller contract declares this output; materialization is not observed here,data/kubara-effective-renders/current-platform/hx-app-dev/argo-cd.yaml,external-secrets.io/v1|ExternalSecret|argocd|hx-app-prod-b-es,spec.target.name
provides,hx-app-dev,hx-app-dev/argo-cd,object,Secret,argocd,hx-app-staging-cluster-secret,declared-runtime,declared-controller-output,hx-app-dev/argo-cd,rendered controller contract declares this output; materialization is not observed here,data/kubara-effective-renders/current-platform/hx-app-dev/argo-cd.yaml,external-secrets.io/v1|ExternalSecret|argocd|hx-app-staging-es,spec.target.name
provides,hx-app-dev,hx-app-dev/argo-cd,object,Secret,argocd,image-pull-secret,declared-runtime,declared-controller-output,hx-app-dev/argo-cd,rendered controller contract declares this output; materialization is not observed here,data/kubara-effective-renders/current-platform/hx-app-dev/argo-cd.yaml,external-secrets.io/v1|ClusterExternalSecret||image-pull-secret-ces,spec.namespaceSelectors[0]
provides,hx-app-dev,hx-app-dev/argo-cd,object,Secret,cert-manager,image-pull-secret,declared-runtime,declared-controller-output,hx-app-dev/argo-cd,rendered controller contract declares this output; materialization is not observed here,data/kubara-effective-renders/current-platform/hx-app-dev/argo-cd.yaml,external-secrets.io/v1|ClusterExternalSecret||image-pull-secret-ces,spec.namespaceSelectors[0]
provides,hx-app-dev,hx-app-dev/argo-cd,object,Secret,external-secrets,image-pull-secret,declared-runtime,declared-controller-output,hx-app-dev/argo-cd,rendered controller contract declares this output; materialization is not observed here,data/kubara-effective-renders/current-platform/hx-app-dev/argo-cd.yaml,external-secrets.io/v1|ClusterExternalSecret||image-pull-secret-ces,spec.namespaceSelectors[0]
provides,hx-app-dev,hx-app-dev/argo-cd,object,Secret,homer-dashboard,image-pull-secret,declared-runtime,declared-controller-output,hx-app-dev/argo-cd,rendered controller contract declares this output; materialization is not observed here,data/kubara-effective-renders/current-platform/hx-app-dev/argo-cd.yaml,external-secrets.io/v1|ClusterExternalSecret||image-pull-secret-ces,spec.namespaceSelectors[0]
provides,hx-app-dev,hx-app-dev/argo-cd,object,Secret,kube-prometheus-stack,image-pull-secret,declared-runtime,declared-controller-output,hx-app-dev/argo-cd,rendered controller contract declares this output; materialization is not observed here,data/kubara-effective-renders/current-platform/hx-app-dev/argo-cd.yaml,external-secrets.io/v1|ClusterExternalSecret||image-pull-secret-ces,spec.namespaceSelectors[0]
provides,hx-app-dev,hx-app-dev/argo-cd,object,Secret,metrics-server,image-pull-secret,declared-runtime,declared-controller-output,hx-app-dev/argo-cd,rendered controller contract declares this output; materialization is not observed here,data/kubara-effective-renders/current-platform/hx-app-dev/argo-cd.yaml,external-secrets.io/v1|ClusterExternalSecret||image-pull-secret-ces,spec.namespaceSelectors[0]
provides,hx-app-dev,hx-app-dev/argo-cd,object,Secret,traefik,image-pull-secret,declared-runtime,declared-controller-output,hx-app-dev/argo-cd,rendered controller contract declares this output; materialization is not observed here,data/kubara-effective-renders/current-platform/hx-app-dev/argo-cd.yaml,external-secrets.io/v1|ClusterExternalSecret||image-pull-secret-ces,spec.namespaceSelectors[0]
provides,hx-app-dev,hx-app-dev/argo-cd,object,Service,argocd,argo-cd-argocd-application-controller-metrics,rendered,rendered-object,hx-app-dev/argo-cd,object exists in the committed effective render,data/kubara-effective-renders/current-platform/hx-app-dev/argo-cd.yaml,v1|Service|argocd|argo-cd-argocd-application-controller-metrics,metadata.name
provides,hx-app-dev,hx-app-dev/argo-cd,object,Service,argocd,argo-cd-argocd-applicationset-controller,rendered,rendered-object,hx-app-dev/argo-cd,object exists in the committed effective render,data/kubara-effective-renders/current-platform/hx-app-dev/argo-cd.yaml,v1|Service|argocd|argo-cd-argocd-applicationset-controller,metadata.name
provides,hx-app-dev,hx-app-dev/argo-cd,object,Service,argocd,argo-cd-argocd-dex-server,rendered,rendered-object,hx-app-dev/argo-cd,object exists in the committed effective render,data/kubara-effective-renders/current-platform/hx-app-dev/argo-cd.yaml,v1|Service|argocd|argo-cd-argocd-dex-server,metadata.name
provides,hx-app-dev,hx-app-dev/argo-cd,object,Service,argocd,argo-cd-argocd-redis,rendered,rendered-object,hx-app-dev/argo-cd,object exists in the committed effective render,data/kubara-effective-renders/current-platform/hx-app-dev/argo-cd.yaml,v1|Service|argocd|argo-cd-argocd-redis,metadata.name
provides,hx-app-dev,hx-app-dev/argo-cd,object,Service,argocd,argo-cd-argocd-repo-server,rendered,rendered-object,hx-app-dev/argo-cd,object exists in the committed effective render,data/kubara-effective-renders/current-platform/hx-app-dev/argo-cd.yaml,v1|Service|argocd|argo-cd-argocd-repo-server,metadata.name
provides,hx-app-dev,hx-app-dev/argo-cd,object,Service,argocd,argo-cd-argocd-server,rendered,rendered-object,hx-app-dev/argo-cd,object exists in the committed effective render,data/kubara-effective-renders/current-platform/hx-app-dev/argo-cd.yaml,v1|Service|argocd|argo-cd-argocd-server,metadata.name
provides,hx-app-dev,hx-app-dev/argo-cd,object,ServiceAccount,argocd,argo-cd-argocd-redis-secret-init,rendered,rendered-object,hx-app-dev/argo-cd,object exists in the committed effective render,data/kubara-effective-renders/current-platform/hx-app-dev/argo-cd.yaml,v1|ServiceAccount|argocd|argo-cd-argocd-redis-secret-init,metadata.name
provides,hx-app-dev,hx-app-dev/argo-cd,object,ServiceAccount,argocd,argo-cd-argocd-repo-server,rendered,rendered-object,hx-app-dev/argo-cd,object exists in the committed effective render,data/kubara-effective-renders/current-platform/hx-app-dev/argo-cd.yaml,v1|ServiceAccount|argocd|argo-cd-argocd-repo-server,metadata.name
provides,hx-app-dev,hx-app-dev/argo-cd,object,ServiceAccount,argocd,argocd-application-controller,rendered,rendered-object,hx-app-dev/argo-cd,object exists in the committed effective render,data/kubara-effective-renders/current-platform/hx-app-dev/argo-cd.yaml,v1|ServiceAccount|argocd|argocd-application-controller,metadata.name
provides,hx-app-dev,hx-app-dev/argo-cd,object,ServiceAccount,argocd,argocd-applicationset-controller,rendered,rendered-object,hx-app-dev/argo-cd,object exists in the committed effective render,data/kubara-effective-renders/current-platform/hx-app-dev/argo-cd.yaml,v1|ServiceAccount|argocd|argocd-applicationset-controller,metadata.name
provides,hx-app-dev,hx-app-dev/argo-cd,object,ServiceAccount,argocd,argocd-dex-server,rendered,rendered-object,hx-app-dev/argo-cd,object exists in the committed effective render,data/kubara-effective-renders/current-platform/hx-app-dev/argo-cd.yaml,v1|ServiceAccount|argocd|argocd-dex-server,metadata.name
provides,hx-app-dev,hx-app-dev/argo-cd,object,ServiceAccount,argocd,argocd-server,rendered,rendered-object,hx-app-dev/argo-cd,object exists in the committed effective render,data/kubara-effective-renders/current-platform/hx-app-dev/argo-cd.yaml,v1|ServiceAccount|argocd|argocd-server,metadata.name
provides,hx-app-dev,hx-app-dev/argo-cd,object,ServiceAccount,argocd,dex-restarter,rendered,rendered-object,hx-app-dev/argo-cd,object exists in the committed effective render,data/kubara-effective-renders/current-platform/hx-app-dev/argo-cd.yaml,v1|ServiceAccount|argocd|dex-restarter,metadata.name
provides,hx-app-dev,hx-app-dev/argo-cd,object,ServiceMonitor,argocd,argo-cd-argocd-application-controller,rendered,rendered-object,hx-app-dev/argo-cd,object exists in the committed effective render,data/kubara-effective-renders/current-platform/hx-app-dev/argo-cd.yaml,monitoring.coreos.com/v1|ServiceMonitor|argocd|argo-cd-argocd-application-controller,metadata.name
provides,hx-app-dev,hx-app-dev/argo-cd,object,StatefulSet,argocd,argo-cd-argocd-application-controller,rendered,rendered-object,hx-app-dev/argo-cd,object exists in the committed effective render,data/kubara-effective-renders/current-platform/hx-app-dev/argo-cd.yaml,apps/v1|StatefulSet|argocd|argo-cd-argocd-application-controller,metadata.name
provides,hx-app-dev,hx-app-dev/argo-cd,label-selector,Namespace,_cluster,"{""matchLabels"":{""project-name"":""hx-app-dev"",""stage"":""dev""}}",rendered,rendered-selector-match,hx-app-dev/argo-cd,rendered object labels match the consuming selector,data/kubara-effective-renders/current-platform/hx-app-dev/argo-cd.yaml,v1|Namespace||argocd,metadata.labels
provides,hx-app-dev,hx-app-dev/argo-cd,label-selector,Service,argocd,"{""matchLabels"":{""app.kubernetes.io/component"":""application-controller"",""app.kubernetes.io/instance"":""argo-cd"",""app.kubernetes.io/name"":""argocd-metrics""}}",rendered,rendered-selector-match,hx-app-dev/argo-cd,rendered object labels match the consuming selector,data/kubara-effective-renders/current-platform/hx-app-dev/argo-cd.yaml,v1|Service|argocd|argo-cd-argocd-application-controller-metrics,metadata.labels
provides,hx-app-dev,hx-app-dev/argo-cd,service-endpoint,Service,argocd,argo-cd-argocd-application-controller-metrics,rendered,rendered-object,hx-app-dev/argo-cd,object exists in the committed effective render,data/kubara-effective-renders/current-platform/hx-app-dev/argo-cd.yaml,v1|Service|argocd|argo-cd-argocd-application-controller-metrics,spec.ports[0].port
provides,hx-app-dev,hx-app-dev/argo-cd,service-endpoint,Service,argocd,argo-cd-argocd-application-controller-metrics,rendered,rendered-object,hx-app-dev/argo-cd,object exists in the committed effective render,data/kubara-effective-renders/current-platform/hx-app-dev/argo-cd.yaml,v1|Service|argocd|argo-cd-argocd-application-controller-metrics,spec.ports[0].name
provides,hx-app-dev,hx-app-dev/argo-cd,service-endpoint,Service,argocd,argo-cd-argocd-applicationset-controller,rendered,rendered-object,hx-app-dev/argo-cd,object exists in the committed effective render,data/kubara-effective-renders/current-platform/hx-app-dev/argo-cd.yaml,v1|Service|argocd|argo-cd-argocd-applicationset-controller,spec.ports[0].port
provides,hx-app-dev,hx-app-dev/argo-cd,service-endpoint,Service,argocd,argo-cd-argocd-applicationset-controller,rendered,rendered-object,hx-app-dev/argo-cd,object exists in the committed effective render,data/kubara-effective-renders/current-platform/hx-app-dev/argo-cd.yaml,v1|Service|argocd|argo-cd-argocd-applicationset-controller,spec.ports[0].name
provides,hx-app-dev,hx-app-dev/argo-cd,service-endpoint,Service,argocd,argo-cd-argocd-dex-server,rendered,rendered-object,hx-app-dev/argo-cd,object exists in the committed effective render,data/kubara-effective-renders/current-platform/hx-app-dev/argo-cd.yaml,v1|Service|argocd|argo-cd-argocd-dex-server,spec.ports[0].port
provides,hx-app-dev,hx-app-dev/argo-cd,service-endpoint,Service,argocd,argo-cd-argocd-dex-server,rendered,rendered-object,hx-app-dev/argo-cd,object exists in the committed effective render,data/kubara-effective-renders/current-platform/hx-app-dev/argo-cd.yaml,v1|Service|argocd|argo-cd-argocd-dex-server,spec.ports[1].port
provides,hx-app-dev,hx-app-dev/argo-cd,service-endpoint,Service,argocd,argo-cd-argocd-dex-server,rendered,rendered-object,hx-app-dev/argo-cd,object exists in the committed effective render,data/kubara-effective-renders/current-platform/hx-app-dev/argo-cd.yaml,v1|Service|argocd|argo-cd-argocd-dex-server,spec.ports[1].name
provides,hx-app-dev,hx-app-dev/argo-cd,service-endpoint,Service,argocd,argo-cd-argocd-dex-server,rendered,rendered-object,hx-app-dev/argo-cd,object exists in the committed effective render,data/kubara-effective-renders/current-platform/hx-app-dev/argo-cd.yaml,v1|Service|argocd|argo-cd-argocd-dex-server,spec.ports[0].name
provides,hx-app-dev,hx-app-dev/argo-cd,service-endpoint,Service,argocd,argo-cd-argocd-redis,rendered,rendered-object,hx-app-dev/argo-cd,object exists in the committed effective render,data/kubara-effective-renders/current-platform/hx-app-dev/argo-cd.yaml,v1|Service|argocd|argo-cd-argocd-redis,spec.ports[0].port
provides,hx-app-dev,hx-app-dev/argo-cd,service-endpoint,Service,argocd,argo-cd-argocd-redis,rendered,rendered-object,hx-app-dev/argo-cd,object exists in the committed effective render,data/kubara-effective-renders/current-platform/hx-app-dev/argo-cd.yaml,v1|Service|argocd|argo-cd-argocd-redis,spec.ports[0].name
provides,hx-app-dev,hx-app-dev/argo-cd,service-endpoint,Service,argocd,argo-cd-argocd-repo-server,rendered,rendered-object,hx-app-dev/argo-cd,object exists in the committed effective render,data/kubara-effective-renders/current-platform/hx-app-dev/argo-cd.yaml,v1|Service|argocd|argo-cd-argocd-repo-server,spec.ports[0].port
provides,hx-app-dev,hx-app-dev/argo-cd,service-endpoint,Service,argocd,argo-cd-argocd-repo-server,rendered,rendered-object,hx-app-dev/argo-cd,object exists in the committed effective render,data/kubara-effective-renders/current-platform/hx-app-dev/argo-cd.yaml,v1|Service|argocd|argo-cd-argocd-repo-server,spec.ports[0].name
provides,hx-app-dev,hx-app-dev/argo-cd,service-endpoint,Service,argocd,argo-cd-argocd-server,rendered,rendered-object,hx-app-dev/argo-cd,object exists in the committed effective render,data/kubara-effective-renders/current-platform/hx-app-dev/argo-cd.yaml,v1|Service|argocd|argo-cd-argocd-server,spec.ports[1].port
provides,hx-app-dev,hx-app-dev/argo-cd,service-endpoint,Service,argocd,argo-cd-argocd-server,rendered,rendered-object,hx-app-dev/argo-cd,object exists in the committed effective render,data/kubara-effective-renders/current-platform/hx-app-dev/argo-cd.yaml,v1|Service|argocd|argo-cd-argocd-server,spec.ports[0].port
provides,hx-app-dev,hx-app-dev/argo-cd,service-endpoint,Service,argocd,argo-cd-argocd-server,rendered,rendered-object,hx-app-dev/argo-cd,object exists in the committed effective render,data/kubara-effective-renders/current-platform/hx-app-dev/argo-cd.yaml,v1|Service|argocd|argo-cd-argocd-server,spec.ports[0].name
provides,hx-app-dev,hx-app-dev/argo-cd,service-endpoint,Service,argocd,argo-cd-argocd-server,rendered,rendered-object,hx-app-dev/argo-cd,object exists in the committed effective render,data/kubara-effective-renders/current-platform/hx-app-dev/argo-cd.yaml,v1|Service|argocd|argo-cd-argocd-server,spec.ports[1].name
provides,hx-app-dev,hx-app-dev/cert-manager,api-kind,Challenge,,acme.cert-manager.io/Challenge,rendered,rendered-crd,hx-app-dev/cert-manager,CRD in the effective render declares this API kind,data/kubara-effective-renders/current-platform/hx-app-dev/cert-manager.yaml,apiextensions.k8s.io/v1|CustomResourceDefinition||challenges.acme.cert-manager.io,spec.names.kind
provides,hx-app-dev,hx-app-dev/cert-manager,api-kind,Order,,acme.cert-manager.io/Order,rendered,rendered-crd,hx-app-dev/cert-manager,CRD in the effective render declares this API kind,data/kubara-effective-renders/current-platform/hx-app-dev/cert-manager.yaml,apiextensions.k8s.io/v1|CustomResourceDefinition||orders.acme.cert-manager.io,spec.names.kind
provides,hx-app-dev,hx-app-dev/cert-manager,api-kind,Certificate,,cert-manager.io/Certificate,rendered,rendered-crd,hx-app-dev/cert-manager,CRD in the effective render declares this API kind,data/kubara-effective-renders/current-platform/hx-app-dev/cert-manager.yaml,apiextensions.k8s.io/v1|CustomResourceDefinition||certificates.cert-manager.io,spec.names.kind
provides,hx-app-dev,hx-app-dev/cert-manager,api-kind,CertificateRequest,,cert-manager.io/CertificateRequest,rendered,rendered-crd,hx-app-dev/cert-manager,CRD in the effective render declares this API kind,data/kubara-effective-renders/current-platform/hx-app-dev/cert-manager.yaml,apiextensions.k8s.io/v1|CustomResourceDefinition||certificaterequests.cert-manager.io,spec.names.kind
provides,hx-app-dev,hx-app-dev/cert-manager,api-kind,ClusterIssuer,,cert-manager.io/ClusterIssuer,rendered,rendered-crd,hx-app-dev/cert-manager,CRD in the effective render declares this API kind,data/kubara-effective-renders/current-platform/hx-app-dev/cert-manager.yaml,apiextensions.k8s.io/v1|CustomResourceDefinition||clusterissuers.cert-manager.io,spec.names.kind
provides,hx-app-dev,hx-app-dev/cert-manager,api-kind,Issuer,,cert-manager.io/Issuer,rendered,rendered-crd,hx-app-dev/cert-manager,CRD in the effective render declares this API kind,data/kubara-effective-renders/current-platform/hx-app-dev/cert-manager.yaml,apiextensions.k8s.io/v1|CustomResourceDefinition||issuers.cert-manager.io,spec.names.kind
provides,hx-app-dev,hx-app-dev/cert-manager,helm-hook,Job,cert-manager,cert-manager-startupapicheck,rendered,rendered-hook,hx-app-dev/cert-manager,rendered object carries a Helm hook annotation,data/kubara-effective-renders/current-platform/hx-app-dev/cert-manager.yaml,batch/v1|Job|cert-manager|cert-manager-startupapicheck,metadata.annotations.helm.sh/hook
provides,hx-app-dev,hx-app-dev/cert-manager,helm-hook,Role,cert-manager,cert-manager-startupapicheck:create-cert,rendered,rendered-hook,hx-app-dev/cert-manager,rendered object carries a Helm hook annotation,data/kubara-effective-renders/current-platform/hx-app-dev/cert-manager.yaml,rbac.authorization.k8s.io/v1|Role|cert-manager|cert-manager-startupapicheck:create-cert,metadata.annotations.helm.sh/hook
provides,hx-app-dev,hx-app-dev/cert-manager,helm-hook,RoleBinding,cert-manager,cert-manager-startupapicheck:create-cert,rendered,rendered-hook,hx-app-dev/cert-manager,rendered object carries a Helm hook annotation,data/kubara-effective-renders/current-platform/hx-app-dev/cert-manager.yaml,rbac.authorization.k8s.io/v1|RoleBinding|cert-manager|cert-manager-startupapicheck:create-cert,metadata.annotations.helm.sh/hook
provides,hx-app-dev,hx-app-dev/cert-manager,helm-hook,ServiceAccount,cert-manager,cert-manager-startupapicheck,rendered,rendered-hook,hx-app-dev/cert-manager,rendered object carries a Helm hook annotation,data/kubara-effective-renders/current-platform/hx-app-dev/cert-manager.yaml,v1|ServiceAccount|cert-manager|cert-manager-startupapicheck,metadata.annotations.helm.sh/hook
provides,hx-app-dev,hx-app-dev/cert-manager,object,ClusterIssuer,,selfsigned-root-issuer,rendered,rendered-object,hx-app-dev/cert-manager,object exists in the committed effective render,data/kubara-effective-renders/current-platform/hx-app-dev/cert-manager.yaml,cert-manager.io/v1|ClusterIssuer||selfsigned-root-issuer,metadata.name
provides,hx-app-dev,hx-app-dev/cert-manager,object,ClusterRole,,cert-manager-cainjector,rendered,rendered-object,hx-app-dev/cert-manager,object exists in the committed effective render,data/kubara-effective-renders/current-platform/hx-app-dev/cert-manager.yaml,rbac.authorization.k8s.io/v1|ClusterRole||cert-manager-cainjector,metadata.name
provides,hx-app-dev,hx-app-dev/cert-manager,object,ClusterRole,,cert-manager-cluster-view,rendered,rendered-object,hx-app-dev/cert-manager,object exists in the committed effective render,data/kubara-effective-renders/current-platform/hx-app-dev/cert-manager.yaml,rbac.authorization.k8s.io/v1|ClusterRole||cert-manager-cluster-view,metadata.name
provides,hx-app-dev,hx-app-dev/cert-manager,object,ClusterRole,,cert-manager-controller-approve:cert-manager-io,rendered,rendered-object,hx-app-dev/cert-manager,object exists in the committed effective render,data/kubara-effective-renders/current-platform/hx-app-dev/cert-manager.yaml,rbac.authorization.k8s.io/v1|ClusterRole||cert-manager-controller-approve:cert-manager-io,metadata.name
provides,hx-app-dev,hx-app-dev/cert-manager,object,ClusterRole,,cert-manager-controller-certificates,rendered,rendered-object,hx-app-dev/cert-manager,object exists in the committed effective render,data/kubara-effective-renders/current-platform/hx-app-dev/cert-manager.yaml,rbac.authorization.k8s.io/v1|ClusterRole||cert-manager-controller-certificates,metadata.name
provides,hx-app-dev,hx-app-dev/cert-manager,object,ClusterRole,,cert-manager-controller-certificatesigningrequests,rendered,rendered-object,hx-app-dev/cert-manager,object exists in the committed effective render,data/kubara-effective-renders/current-platform/hx-app-dev/cert-manager.yaml,rbac.authorization.k8s.io/v1|ClusterRole||cert-manager-controller-certificatesigningrequests,metadata.name
provides,hx-app-dev,hx-app-dev/cert-manager,object,ClusterRole,,cert-manager-controller-challenges,rendered,rendered-object,hx-app-dev/cert-manager,object exists in the committed effective render,data/kubara-effective-renders/current-platform/hx-app-dev/cert-manager.yaml,rbac.authorization.k8s.io/v1|ClusterRole||cert-manager-controller-challenges,metadata.name
provides,hx-app-dev,hx-app-dev/cert-manager,object,ClusterRole,,cert-manager-controller-clusterissuers,rendered,rendered-object,hx-app-dev/cert-manager,object exists in the committed effective render,data/kubara-effective-renders/current-platform/hx-app-dev/cert-manager.yaml,rbac.authorization.k8s.io/v1|ClusterRole||cert-manager-controller-clusterissuers,metadata.name
provides,hx-app-dev,hx-app-dev/cert-manager,object,ClusterRole,,cert-manager-controller-ingress-shim,rendered,rendered-object,hx-app-dev/cert-manager,object exists in the committed effective render,data/kubara-effective-renders/current-platform/hx-app-dev/cert-manager.yaml,rbac.authorization.k8s.io/v1|ClusterRole||cert-manager-controller-ingress-shim,metadata.name
provides,hx-app-dev,hx-app-dev/cert-manager,object,ClusterRole,,cert-manager-controller-issuers,rendered,rendered-object,hx-app-dev/cert-manager,object exists in the committed effective render,data/kubara-effective-renders/current-platform/hx-app-dev/cert-manager.yaml,rbac.authorization.k8s.io/v1|ClusterRole||cert-manager-controller-issuers,metadata.name
provides,hx-app-dev,hx-app-dev/cert-manager,object,ClusterRole,,cert-manager-controller-orders,rendered,rendered-object,hx-app-dev/cert-manager,object exists in the committed effective render,data/kubara-effective-renders/current-platform/hx-app-dev/cert-manager.yaml,rbac.authorization.k8s.io/v1|ClusterRole||cert-manager-controller-orders,metadata.name
provides,hx-app-dev,hx-app-dev/cert-manager,object,ClusterRole,,cert-manager-edit,rendered,rendered-object,hx-app-dev/cert-manager,object exists in the committed effective render,data/kubara-effective-renders/current-platform/hx-app-dev/cert-manager.yaml,rbac.authorization.k8s.io/v1|ClusterRole||cert-manager-edit,metadata.name
provides,hx-app-dev,hx-app-dev/cert-manager,object,ClusterRole,,cert-manager-view,rendered,rendered-object,hx-app-dev/cert-manager,object exists in the committed effective render,data/kubara-effective-renders/current-platform/hx-app-dev/cert-manager.yaml,rbac.authorization.k8s.io/v1|ClusterRole||cert-manager-view,metadata.name
provides,hx-app-dev,hx-app-dev/cert-manager,object,ClusterRole,,cert-manager-webhook:subjectaccessreviews,rendered,rendered-object,hx-app-dev/cert-manager,object exists in the committed effective render,data/kubara-effective-renders/current-platform/hx-app-dev/cert-manager.yaml,rbac.authorization.k8s.io/v1|ClusterRole||cert-manager-webhook:subjectaccessreviews,metadata.name
provides,hx-app-dev,hx-app-dev/cert-manager,object,Deployment,cert-manager,cert-manager,rendered,rendered-object,hx-app-dev/cert-manager,object exists in the committed effective render,data/kubara-effective-renders/current-platform/hx-app-dev/cert-manager.yaml,apps/v1|Deployment|cert-manager|cert-manager,metadata.name
provides,hx-app-dev,hx-app-dev/cert-manager,object,Deployment,cert-manager,cert-manager-cainjector,rendered,rendered-object,hx-app-dev/cert-manager,object exists in the committed effective render,data/kubara-effective-renders/current-platform/hx-app-dev/cert-manager.yaml,apps/v1|Deployment|cert-manager|cert-manager-cainjector,metadata.name
provides,hx-app-dev,hx-app-dev/cert-manager,object,Deployment,cert-manager,cert-manager-webhook,rendered,rendered-object,hx-app-dev/cert-manager,object exists in the committed effective render,data/kubara-effective-renders/current-platform/hx-app-dev/cert-manager.yaml,apps/v1|Deployment|cert-manager|cert-manager-webhook,metadata.name
provides,hx-app-dev,hx-app-dev/cert-manager,object,Namespace,,cert-manager,rendered,rendered-object,hx-app-dev/cert-manager,object exists in the committed effective render,data/kubara-effective-renders/current-platform/hx-app-dev/cert-manager.yaml,v1|Namespace||cert-manager,metadata.name
provides,hx-app-dev,hx-app-dev/cert-manager,object,Role,cert-manager,cert-manager-startupapicheck:create-cert,rendered,rendered-object,hx-app-dev/cert-manager,object exists in the committed effective render,data/kubara-effective-renders/current-platform/hx-app-dev/cert-manager.yaml,rbac.authorization.k8s.io/v1|Role|cert-manager|cert-manager-startupapicheck:create-cert,metadata.name
provides,hx-app-dev,hx-app-dev/cert-manager,object,Role,cert-manager,cert-manager-webhook:dynamic-serving,rendered,rendered-object,hx-app-dev/cert-manager,object exists in the committed effective render,data/kubara-effective-renders/current-platform/hx-app-dev/cert-manager.yaml,rbac.authorization.k8s.io/v1|Role|cert-manager|cert-manager-webhook:dynamic-serving,metadata.name
provides,hx-app-dev,hx-app-dev/cert-manager,object,Role,kube-system,cert-manager-cainjector:leaderelection,rendered,rendered-object,hx-app-dev/cert-manager,object exists in the committed effective render,data/kubara-effective-renders/current-platform/hx-app-dev/cert-manager.yaml,rbac.authorization.k8s.io/v1|Role|kube-system|cert-manager-cainjector:leaderelection,metadata.name
provides,hx-app-dev,hx-app-dev/cert-manager,object,Role,kube-system,cert-manager:leaderelection,rendered,rendered-object,hx-app-dev/cert-manager,object exists in the committed effective render,data/kubara-effective-renders/current-platform/hx-app-dev/cert-manager.yaml,rbac.authorization.k8s.io/v1|Role|kube-system|cert-manager:leaderelection,metadata.name
provides,hx-app-dev,hx-app-dev/cert-manager,object,Service,cert-manager,cert-manager,rendered,rendered-object,hx-app-dev/cert-manager,object exists in the committed effective render,data/kubara-effective-renders/current-platform/hx-app-dev/cert-manager.yaml,v1|Service|cert-manager|cert-manager,metadata.name
provides,hx-app-dev,hx-app-dev/cert-manager,object,Service,cert-manager,cert-manager-cainjector,rendered,rendered-object,hx-app-dev/cert-manager,object exists in the committed effective render,data/kubara-effective-renders/current-platform/hx-app-dev/cert-manager.yaml,v1|Service|cert-manager|cert-manager-cainjector,metadata.name
provides,hx-app-dev,hx-app-dev/cert-manager,object,Service,cert-manager,cert-manager-webhook,rendered,rendered-object,hx-app-dev/cert-manager,object exists in the committed effective render,data/kubara-effective-renders/current-platform/hx-app-dev/cert-manager.yaml,v1|Service|cert-manager|cert-manager-webhook,metadata.name
provides,hx-app-dev,hx-app-dev/cert-manager,object,ServiceAccount,cert-manager,cert-manager,rendered,rendered-object,hx-app-dev/cert-manager,object exists in the committed effective render,data/kubara-effective-renders/current-platform/hx-app-dev/cert-manager.yaml,v1|ServiceAccount|cert-manager|cert-manager,metadata.name
provides,hx-app-dev,hx-app-dev/cert-manager,object,ServiceAccount,cert-manager,cert-manager-cainjector,rendered,rendered-object,hx-app-dev/cert-manager,object exists in the committed effective render,data/kubara-effective-renders/current-platform/hx-app-dev/cert-manager.yaml,v1|ServiceAccount|cert-manager|cert-manager-cainjector,metadata.name
provides,hx-app-dev,hx-app-dev/cert-manager,object,ServiceAccount,cert-manager,cert-manager-startupapicheck,rendered,rendered-object,hx-app-dev/cert-manager,object exists in the committed effective render,data/kubara-effective-renders/current-platform/hx-app-dev/cert-manager.yaml,v1|ServiceAccount|cert-manager|cert-manager-startupapicheck,metadata.name
provides,hx-app-dev,hx-app-dev/cert-manager,object,ServiceAccount,cert-manager,cert-manager-webhook,rendered,rendered-object,hx-app-dev/cert-manager,object exists in the committed effective render,data/kubara-effective-renders/current-platform/hx-app-dev/cert-manager.yaml,v1|ServiceAccount|cert-manager|cert-manager-webhook,metadata.name
provides,hx-app-dev,hx-app-dev/cert-manager,object,ServiceMonitor,cert-manager,cert-manager,rendered,rendered-object,hx-app-dev/cert-manager,object exists in the committed effective render,data/kubara-effective-renders/current-platform/hx-app-dev/cert-manager.yaml,monitoring.coreos.com/v1|ServiceMonitor|cert-manager|cert-manager,metadata.name
provides,hx-app-dev,hx-app-dev/cert-manager,label-selector,Namespace,_cluster,"{""matchLabels"":{""project-name"":""hx-app-dev"",""stage"":""dev""}}",rendered,rendered-selector-match,hx-app-dev/cert-manager,rendered object labels match the consuming selector,data/kubara-effective-renders/current-platform/hx-app-dev/cert-manager.yaml,v1|Namespace||cert-manager,metadata.labels
provides,hx-app-dev,hx-app-dev/cert-manager,label-selector,Service,cert-manager,"{""matchExpressions"":[{""key"":""app.kubernetes.io/name"",""operator"":""In"",""values"":[""cainjector"",""cert-manager"",""webhook""]},{""key"":""app.kubernetes.io/instance"",""operator"":""In"",""values"":[""cert-manager""]},{""key"":""app.kubernetes.io/component"",""operator"":""In"",""values"":[""cainjector"",""controller"",""webhook""]}]}",rendered,rendered-selector-match,hx-app-dev/cert-manager,rendered object labels match the consuming selector,data/kubara-effective-renders/current-platform/hx-app-dev/cert-manager.yaml,v1|Service|cert-manager|cert-manager,metadata.labels
provides,hx-app-dev,hx-app-dev/cert-manager,label-selector,Service,cert-manager,"{""matchExpressions"":[{""key"":""app.kubernetes.io/name"",""operator"":""In"",""values"":[""cainjector"",""cert-manager"",""webhook""]},{""key"":""app.kubernetes.io/instance"",""operator"":""In"",""values"":[""cert-manager""]},{""key"":""app.kubernetes.io/component"",""operator"":""In"",""values"":[""cainjector"",""controller"",""webhook""]}]}",rendered,rendered-selector-match,hx-app-dev/cert-manager,rendered object labels match the consuming selector,data/kubara-effective-renders/current-platform/hx-app-dev/cert-manager.yaml,v1|Service|cert-manager|cert-manager-webhook,metadata.labels
provides,hx-app-dev,hx-app-dev/cert-manager,label-selector,Service,cert-manager,"{""matchExpressions"":[{""key"":""app.kubernetes.io/name"",""operator"":""In"",""values"":[""cainjector"",""cert-manager"",""webhook""]},{""key"":""app.kubernetes.io/instance"",""operator"":""In"",""values"":[""cert-manager""]},{""key"":""app.kubernetes.io/component"",""operator"":""In"",""values"":[""cainjector"",""controller"",""webhook""]}]}",rendered,rendered-selector-match,hx-app-dev/cert-manager,rendered object labels match the consuming selector,data/kubara-effective-renders/current-platform/hx-app-dev/cert-manager.yaml,v1|Service|cert-manager|cert-manager-cainjector,metadata.labels
provides,hx-app-dev,hx-app-dev/cert-manager,service-endpoint,Service,cert-manager,cert-manager-cainjector,rendered,rendered-object,hx-app-dev/cert-manager,object exists in the committed effective render,data/kubara-effective-renders/current-platform/hx-app-dev/cert-manager.yaml,v1|Service|cert-manager|cert-manager-cainjector,spec.ports[0].port
provides,hx-app-dev,hx-app-dev/cert-manager,service-endpoint,Service,cert-manager,cert-manager-cainjector,rendered,rendered-object,hx-app-dev/cert-manager,object exists in the committed effective render,data/kubara-effective-renders/current-platform/hx-app-dev/cert-manager.yaml,v1|Service|cert-manager|cert-manager-cainjector,spec.ports[0].name
provides,hx-app-dev,hx-app-dev/cert-manager,service-endpoint,Service,cert-manager,cert-manager-webhook,rendered,rendered-object,hx-app-dev/cert-manager,object exists in the committed effective render,data/kubara-effective-renders/current-platform/hx-app-dev/cert-manager.yaml,v1|Service|cert-manager|cert-manager-webhook,spec.ports[0].port
provides,hx-app-dev,hx-app-dev/cert-manager,service-endpoint,Service,cert-manager,cert-manager-webhook,rendered,rendered-object,hx-app-dev/cert-manager,object exists in the committed effective render,data/kubara-effective-renders/current-platform/hx-app-dev/cert-manager.yaml,v1|Service|cert-manager|cert-manager-webhook,spec.ports[1].port
provides,hx-app-dev,hx-app-dev/cert-manager,service-endpoint,Service,cert-manager,cert-manager-webhook,rendered,rendered-object,hx-app-dev/cert-manager,object exists in the committed effective render,data/kubara-effective-renders/current-platform/hx-app-dev/cert-manager.yaml,v1|Service|cert-manager|cert-manager-webhook,spec.ports[0].name
provides,hx-app-dev,hx-app-dev/cert-manager,service-endpoint,Service,cert-manager,cert-manager-webhook,rendered,rendered-object,hx-app-dev/cert-manager,object exists in the committed effective render,data/kubara-effective-renders/current-platform/hx-app-dev/cert-manager.yaml,v1|Service|cert-manager|cert-manager-webhook,spec.ports[1].name
provides,hx-app-dev,hx-app-dev/cert-manager,service-endpoint,Service,cert-manager,cert-manager,rendered,rendered-object,hx-app-dev/cert-manager,object exists in the committed effective render,data/kubara-effective-renders/current-platform/hx-app-dev/cert-manager.yaml,v1|Service|cert-manager|cert-manager,spec.ports[0].port
provides,hx-app-dev,hx-app-dev/cert-manager,service-endpoint,Service,cert-manager,cert-manager,rendered,rendered-object,hx-app-dev/cert-manager,object exists in the committed effective render,data/kubara-effective-renders/current-platform/hx-app-dev/cert-manager.yaml,v1|Service|cert-manager|cert-manager,spec.ports[0].name
provides,hx-app-dev,hx-app-dev/external-secrets,api-kind,ClusterExternalSecret,,external-secrets.io/ClusterExternalSecret,rendered,rendered-crd,hx-app-dev/external-secrets,CRD in the effective render declares this API kind,data/kubara-effective-renders/current-platform/hx-app-dev/external-secrets.yaml,apiextensions.k8s.io/v1|CustomResourceDefinition||clusterexternalsecrets.external-secrets.io,spec.names.kind
provides,hx-app-dev,hx-app-dev/external-secrets,api-kind,ClusterPushSecret,,external-secrets.io/ClusterPushSecret,rendered,rendered-crd,hx-app-dev/external-secrets,CRD in the effective render declares this API kind,data/kubara-effective-renders/current-platform/hx-app-dev/external-secrets.yaml,apiextensions.k8s.io/v1|CustomResourceDefinition||clusterpushsecrets.external-secrets.io,spec.names.kind
provides,hx-app-dev,hx-app-dev/external-secrets,api-kind,ClusterSecretStore,,external-secrets.io/ClusterSecretStore,rendered,rendered-crd,hx-app-dev/external-secrets,CRD in the effective render declares this API kind,data/kubara-effective-renders/current-platform/hx-app-dev/external-secrets.yaml,apiextensions.k8s.io/v1|CustomResourceDefinition||clustersecretstores.external-secrets.io,spec.names.kind
provides,hx-app-dev,hx-app-dev/external-secrets,api-kind,ExternalSecret,,external-secrets.io/ExternalSecret,rendered,rendered-crd,hx-app-dev/external-secrets,CRD in the effective render declares this API kind,data/kubara-effective-renders/current-platform/hx-app-dev/external-secrets.yaml,apiextensions.k8s.io/v1|CustomResourceDefinition||externalsecrets.external-secrets.io,spec.names.kind
provides,hx-app-dev,hx-app-dev/external-secrets,api-kind,PushSecret,,external-secrets.io/PushSecret,rendered,rendered-crd,hx-app-dev/external-secrets,CRD in the effective render declares this API kind,data/kubara-effective-renders/current-platform/hx-app-dev/external-secrets.yaml,apiextensions.k8s.io/v1|CustomResourceDefinition||pushsecrets.external-secrets.io,spec.names.kind
provides,hx-app-dev,hx-app-dev/external-secrets,api-kind,SecretStore,,external-secrets.io/SecretStore,rendered,rendered-crd,hx-app-dev/external-secrets,CRD in the effective render declares this API kind,data/kubara-effective-renders/current-platform/hx-app-dev/external-secrets.yaml,apiextensions.k8s.io/v1|CustomResourceDefinition||secretstores.external-secrets.io,spec.names.kind
provides,hx-app-dev,hx-app-dev/external-secrets,api-kind,ACRAccessToken,,generators.external-secrets.io/ACRAccessToken,rendered,rendered-crd,hx-app-dev/external-secrets,CRD in the effective render declares this API kind,data/kubara-effective-renders/current-platform/hx-app-dev/external-secrets.yaml,apiextensions.k8s.io/v1|CustomResourceDefinition||acraccesstokens.generators.external-secrets.io,spec.names.kind
provides,hx-app-dev,hx-app-dev/external-secrets,api-kind,BeyondtrustWorkloadCredentialsDynamicSecret,,generators.external-secrets.io/BeyondtrustWorkloadCredentialsDynamicSecret,rendered,rendered-crd,hx-app-dev/external-secrets,CRD in the effective render declares this API kind,data/kubara-effective-renders/current-platform/hx-app-dev/external-secrets.yaml,apiextensions.k8s.io/v1|CustomResourceDefinition||beyondtrustworkloadcredentialsdynamicsecrets.generators.external-secrets.io,spec.names.kind
provides,hx-app-dev,hx-app-dev/external-secrets,api-kind,CloudsmithAccessToken,,generators.external-secrets.io/CloudsmithAccessToken,rendered,rendered-crd,hx-app-dev/external-secrets,CRD in the effective render declares this API kind,data/kubara-effective-renders/current-platform/hx-app-dev/external-secrets.yaml,apiextensions.k8s.io/v1|CustomResourceDefinition||cloudsmithaccesstokens.generators.external-secrets.io,spec.names.kind
provides,hx-app-dev,hx-app-dev/external-secrets,api-kind,ClusterGenerator,,generators.external-secrets.io/ClusterGenerator,rendered,rendered-crd,hx-app-dev/external-secrets,CRD in the effective render declares this API kind,data/kubara-effective-renders/current-platform/hx-app-dev/external-secrets.yaml,apiextensions.k8s.io/v1|CustomResourceDefinition||clustergenerators.generators.external-secrets.io,spec.names.kind
provides,hx-app-dev,hx-app-dev/external-secrets,api-kind,ECRAuthorizationToken,,generators.external-secrets.io/ECRAuthorizationToken,rendered,rendered-crd,hx-app-dev/external-secrets,CRD in the effective render declares this API kind,data/kubara-effective-renders/current-platform/hx-app-dev/external-secrets.yaml,apiextensions.k8s.io/v1|CustomResourceDefinition||ecrauthorizationtokens.generators.external-secrets.io,spec.names.kind
provides,hx-app-dev,hx-app-dev/external-secrets,api-kind,Fake,,generators.external-secrets.io/Fake,rendered,rendered-crd,hx-app-dev/external-secrets,CRD in the effective render declares this API kind,data/kubara-effective-renders/current-platform/hx-app-dev/external-secrets.yaml,apiextensions.k8s.io/v1|CustomResourceDefinition||fakes.generators.external-secrets.io,spec.names.kind
provides,hx-app-dev,hx-app-dev/external-secrets,api-kind,GCRAccessToken,,generators.external-secrets.io/GCRAccessToken,rendered,rendered-crd,hx-app-dev/external-secrets,CRD in the effective render declares this API kind,data/kubara-effective-renders/current-platform/hx-app-dev/external-secrets.yaml,apiextensions.k8s.io/v1|CustomResourceDefinition||gcraccesstokens.generators.external-secrets.io,spec.names.kind
provides,hx-app-dev,hx-app-dev/external-secrets,api-kind,GeneratorState,,generators.external-secrets.io/GeneratorState,rendered,rendered-crd,hx-app-dev/external-secrets,CRD in the effective render declares this API kind,data/kubara-effective-renders/current-platform/hx-app-dev/external-secrets.yaml,apiextensions.k8s.io/v1|CustomResourceDefinition||generatorstates.generators.external-secrets.io,spec.names.kind
provides,hx-app-dev,hx-app-dev/external-secrets,api-kind,GithubAccessToken,,generators.external-secrets.io/GithubAccessToken,rendered,rendered-crd,hx-app-dev/external-secrets,CRD in the effective render declares this API kind,data/kubara-effective-renders/current-platform/hx-app-dev/external-secrets.yaml,apiextensions.k8s.io/v1|CustomResourceDefinition||githubaccesstokens.generators.external-secrets.io,spec.names.kind
provides,hx-app-dev,hx-app-dev/external-secrets,api-kind,GitlabDeployToken,,generators.external-secrets.io/GitlabDeployToken,rendered,rendered-crd,hx-app-dev/external-secrets,CRD in the effective render declares this API kind,data/kubara-effective-renders/current-platform/hx-app-dev/external-secrets.yaml,apiextensions.k8s.io/v1|CustomResourceDefinition||gitlabdeploytokens.generators.external-secrets.io,spec.names.kind
provides,hx-app-dev,hx-app-dev/external-secrets,api-kind,Grafana,,generators.external-secrets.io/Grafana,rendered,rendered-crd,hx-app-dev/external-secrets,CRD in the effective render declares this API kind,data/kubara-effective-renders/current-platform/hx-app-dev/external-secrets.yaml,apiextensions.k8s.io/v1|CustomResourceDefinition||grafanas.generators.external-secrets.io,spec.names.kind
provides,hx-app-dev,hx-app-dev/external-secrets,api-kind,MFA,,generators.external-secrets.io/MFA,rendered,rendered-crd,hx-app-dev/external-secrets,CRD in the effective render declares this API kind,data/kubara-effective-renders/current-platform/hx-app-dev/external-secrets.yaml,apiextensions.k8s.io/v1|CustomResourceDefinition||mfas.generators.external-secrets.io,spec.names.kind
provides,hx-app-dev,hx-app-dev/external-secrets,api-kind,Password,,generators.external-secrets.io/Password,rendered,rendered-crd,hx-app-dev/external-secrets,CRD in the effective render declares this API kind,data/kubara-effective-renders/current-platform/hx-app-dev/external-secrets.yaml,apiextensions.k8s.io/v1|CustomResourceDefinition||passwords.generators.external-secrets.io,spec.names.kind
provides,hx-app-dev,hx-app-dev/external-secrets,api-kind,QuayAccessToken,,generators.external-secrets.io/QuayAccessToken,rendered,rendered-crd,hx-app-dev/external-secrets,CRD in the effective render declares this API kind,data/kubara-effective-renders/current-platform/hx-app-dev/external-secrets.yaml,apiextensions.k8s.io/v1|CustomResourceDefinition||quayaccesstokens.generators.external-secrets.io,spec.names.kind
provides,hx-app-dev,hx-app-dev/external-secrets,api-kind,SSHKey,,generators.external-secrets.io/SSHKey,rendered,rendered-crd,hx-app-dev/external-secrets,CRD in the effective render declares this API kind,data/kubara-effective-renders/current-platform/hx-app-dev/external-secrets.yaml,apiextensions.k8s.io/v1|CustomResourceDefinition||sshkeys.generators.external-secrets.io,spec.names.kind
provides,hx-app-dev,hx-app-dev/external-secrets,api-kind,STSSessionToken,,generators.external-secrets.io/STSSessionToken,rendered,rendered-crd,hx-app-dev/external-secrets,CRD in the effective render declares this API kind,data/kubara-effective-renders/current-platform/hx-app-dev/external-secrets.yaml,apiextensions.k8s.io/v1|CustomResourceDefinition||stssessiontokens.generators.external-secrets.io,spec.names.kind
provides,hx-app-dev,hx-app-dev/external-secrets,api-kind,UUID,,generators.external-secrets.io/UUID,rendered,rendered-crd,hx-app-dev/external-secrets,CRD in the effective render declares this API kind,data/kubara-effective-renders/current-platform/hx-app-dev/external-secrets.yaml,apiextensions.k8s.io/v1|CustomResourceDefinition||uuids.generators.external-secrets.io,spec.names.kind
provides,hx-app-dev,hx-app-dev/external-secrets,api-kind,VaultDynamicSecret,,generators.external-secrets.io/VaultDynamicSecret,rendered,rendered-crd,hx-app-dev/external-secrets,CRD in the effective render declares this API kind,data/kubara-effective-renders/current-platform/hx-app-dev/external-secrets.yaml,apiextensions.k8s.io/v1|CustomResourceDefinition||vaultdynamicsecrets.generators.external-secrets.io,spec.names.kind
provides,hx-app-dev,hx-app-dev/external-secrets,api-kind,Webhook,,generators.external-secrets.io/Webhook,rendered,rendered-crd,hx-app-dev/external-secrets,CRD in the effective render declares this API kind,data/kubara-effective-renders/current-platform/hx-app-dev/external-secrets.yaml,apiextensions.k8s.io/v1|CustomResourceDefinition||webhooks.generators.external-secrets.io,spec.names.kind
provides,hx-app-dev,hx-app-dev/external-secrets,object,ClusterRole,,external-secrets-cert-controller,rendered,rendered-object,hx-app-dev/external-secrets,object exists in the committed effective render,data/kubara-effective-renders/current-platform/hx-app-dev/external-secrets.yaml,rbac.authorization.k8s.io/v1|ClusterRole||external-secrets-cert-controller,metadata.name
provides,hx-app-dev,hx-app-dev/external-secrets,object,ClusterRole,,external-secrets-controller,rendered,rendered-object,hx-app-dev/external-secrets,object exists in the committed effective render,data/kubara-effective-renders/current-platform/hx-app-dev/external-secrets.yaml,rbac.authorization.k8s.io/v1|ClusterRole||external-secrets-controller,metadata.name
provides,hx-app-dev,hx-app-dev/external-secrets,object,ClusterRole,,external-secrets-edit,rendered,rendered-object,hx-app-dev/external-secrets,object exists in the committed effective render,data/kubara-effective-renders/current-platform/hx-app-dev/external-secrets.yaml,rbac.authorization.k8s.io/v1|ClusterRole||external-secrets-edit,metadata.name
provides,hx-app-dev,hx-app-dev/external-secrets,object,ClusterRole,,external-secrets-servicebindings,rendered,rendered-object,hx-app-dev/external-secrets,object exists in the committed effective render,data/kubara-effective-renders/current-platform/hx-app-dev/external-secrets.yaml,rbac.authorization.k8s.io/v1|ClusterRole||external-secrets-servicebindings,metadata.name
provides,hx-app-dev,hx-app-dev/external-secrets,object,ClusterRole,,external-secrets-view,rendered,rendered-object,hx-app-dev/external-secrets,object exists in the committed effective render,data/kubara-effective-renders/current-platform/hx-app-dev/external-secrets.yaml,rbac.authorization.k8s.io/v1|ClusterRole||external-secrets-view,metadata.name
provides,hx-app-dev,hx-app-dev/external-secrets,object,Deployment,external-secrets,external-secrets,rendered,rendered-object,hx-app-dev/external-secrets,object exists in the committed effective render,data/kubara-effective-renders/current-platform/hx-app-dev/external-secrets.yaml,apps/v1|Deployment|external-secrets|external-secrets,metadata.name
provides,hx-app-dev,hx-app-dev/external-secrets,object,Deployment,external-secrets,external-secrets-cert-controller,rendered,rendered-object,hx-app-dev/external-secrets,object exists in the committed effective render,data/kubara-effective-renders/current-platform/hx-app-dev/external-secrets.yaml,apps/v1|Deployment|external-secrets|external-secrets-cert-controller,metadata.name
provides,hx-app-dev,hx-app-dev/external-secrets,object,Deployment,external-secrets,external-secrets-webhook,rendered,rendered-object,hx-app-dev/external-secrets,object exists in the committed effective render,data/kubara-effective-renders/current-platform/hx-app-dev/external-secrets.yaml,apps/v1|Deployment|external-secrets|external-secrets-webhook,metadata.name
provides,hx-app-dev,hx-app-dev/external-secrets,object,Namespace,,external-secrets,rendered,rendered-object,hx-app-dev/external-secrets,object exists in the committed effective render,data/kubara-effective-renders/current-platform/hx-app-dev/external-secrets.yaml,v1|Namespace||external-secrets,metadata.name
provides,hx-app-dev,hx-app-dev/external-secrets,object,Role,external-secrets,external-secrets-leaderelection,rendered,rendered-object,hx-app-dev/external-secrets,object exists in the committed effective render,data/kubara-effective-renders/current-platform/hx-app-dev/external-secrets.yaml,rbac.authorization.k8s.io/v1|Role|external-secrets|external-secrets-leaderelection,metadata.name
provides,hx-app-dev,hx-app-dev/external-secrets,object,Secret,external-secrets,external-secrets-webhook,rendered,rendered-object,hx-app-dev/external-secrets,object exists in the committed effective render,data/kubara-effective-renders/current-platform/hx-app-dev/external-secrets.yaml,v1|Secret|external-secrets|external-secrets-webhook,metadata.name
provides,hx-app-dev,hx-app-dev/external-secrets,object,Service,external-secrets,external-secrets-cert-controller-metrics,rendered,rendered-object,hx-app-dev/external-secrets,object exists in the committed effective render,data/kubara-effective-renders/current-platform/hx-app-dev/external-secrets.yaml,v1|Service|external-secrets|external-secrets-cert-controller-metrics,metadata.name
provides,hx-app-dev,hx-app-dev/external-secrets,object,Service,external-secrets,external-secrets-metrics,rendered,rendered-object,hx-app-dev/external-secrets,object exists in the committed effective render,data/kubara-effective-renders/current-platform/hx-app-dev/external-secrets.yaml,v1|Service|external-secrets|external-secrets-metrics,metadata.name
provides,hx-app-dev,hx-app-dev/external-secrets,object,Service,external-secrets,external-secrets-webhook,rendered,rendered-object,hx-app-dev/external-secrets,object exists in the committed effective render,data/kubara-effective-renders/current-platform/hx-app-dev/external-secrets.yaml,v1|Service|external-secrets|external-secrets-webhook,metadata.name
provides,hx-app-dev,hx-app-dev/external-secrets,object,ServiceAccount,external-secrets,external-secrets,rendered,rendered-object,hx-app-dev/external-secrets,object exists in the committed effective render,data/kubara-effective-renders/current-platform/hx-app-dev/external-secrets.yaml,v1|ServiceAccount|external-secrets|external-secrets,metadata.name
provides,hx-app-dev,hx-app-dev/external-secrets,object,ServiceAccount,external-secrets,external-secrets-cert-controller,rendered,rendered-object,hx-app-dev/external-secrets,object exists in the committed effective render,data/kubara-effective-renders/current-platform/hx-app-dev/external-secrets.yaml,v1|ServiceAccount|external-secrets|external-secrets-cert-controller,metadata.name
provides,hx-app-dev,hx-app-dev/external-secrets,object,ServiceAccount,external-secrets,external-secrets-webhook,rendered,rendered-object,hx-app-dev/external-secrets,object exists in the committed effective render,data/kubara-effective-renders/current-platform/hx-app-dev/external-secrets.yaml,v1|ServiceAccount|external-secrets|external-secrets-webhook,metadata.name
provides,hx-app-dev,hx-app-dev/external-secrets,object,ServiceMonitor,external-secrets,external-secrets-cert-controller-metrics,rendered,rendered-object,hx-app-dev/external-secrets,object exists in the committed effective render,data/kubara-effective-renders/current-platform/hx-app-dev/external-secrets.yaml,monitoring.coreos.com/v1|ServiceMonitor|external-secrets|external-secrets-cert-controller-metrics,metadata.name
provides,hx-app-dev,hx-app-dev/external-secrets,object,ServiceMonitor,external-secrets,external-secrets-metrics,rendered,rendered-object,hx-app-dev/external-secrets,object exists in the committed effective render,data/kubara-effective-renders/current-platform/hx-app-dev/external-secrets.yaml,monitoring.coreos.com/v1|ServiceMonitor|external-secrets|external-secrets-metrics,metadata.name
provides,hx-app-dev,hx-app-dev/external-secrets,object,ServiceMonitor,external-secrets,external-secrets-webhook-metrics,rendered,rendered-object,hx-app-dev/external-secrets,object exists in the committed effective render,data/kubara-effective-renders/current-platform/hx-app-dev/external-secrets.yaml,monitoring.coreos.com/v1|ServiceMonitor|external-secrets|external-secrets-webhook-metrics,metadata.name
provides,hx-app-dev,hx-app-dev/external-secrets,label-selector,Namespace,_cluster,"{""matchLabels"":{""project-name"":""hx-app-dev"",""stage"":""dev""}}",rendered,rendered-selector-match,hx-app-dev/external-secrets,rendered object labels match the consuming selector,data/kubara-effective-renders/current-platform/hx-app-dev/external-secrets.yaml,v1|Namespace||external-secrets,metadata.labels
provides,hx-app-dev,hx-app-dev/external-secrets,label-selector,Service,external-secrets,"{""matchLabels"":{""app.kubernetes.io/instance"":""external-secrets"",""app.kubernetes.io/name"":""external-secrets""}}",rendered,rendered-selector-match,hx-app-dev/external-secrets,rendered object labels match the consuming selector,data/kubara-effective-renders/current-platform/hx-app-dev/external-secrets.yaml,v1|Service|external-secrets|external-secrets-metrics,metadata.labels
provides,hx-app-dev,hx-app-dev/external-secrets,label-selector,Service,external-secrets,"{""matchLabels"":{""app.kubernetes.io/instance"":""external-secrets"",""app.kubernetes.io/metrics"":""webhook"",""app.kubernetes.io/name"":""external-secrets-webhook""}}",rendered,rendered-selector-match,hx-app-dev/external-secrets,rendered object labels match the consuming selector,data/kubara-effective-renders/current-platform/hx-app-dev/external-secrets.yaml,v1|Service|external-secrets|external-secrets-webhook,metadata.labels
provides,hx-app-dev,hx-app-dev/external-secrets,label-selector,Service,external-secrets,"{""matchLabels"":{""app.kubernetes.io/instance"":""external-secrets"",""app.kubernetes.io/metrics"":""cert-controller"",""app.kubernetes.io/name"":""external-secrets-cert-controller""}}",rendered,rendered-selector-match,hx-app-dev/external-secrets,rendered object labels match the consuming selector,data/kubara-effective-renders/current-platform/hx-app-dev/external-secrets.yaml,v1|Service|external-secrets|external-secrets-cert-controller-metrics,metadata.labels
provides,hx-app-dev,hx-app-dev/external-secrets,service-endpoint,Service,external-secrets,external-secrets-cert-controller-metrics,rendered,rendered-object,hx-app-dev/external-secrets,object exists in the committed effective render,data/kubara-effective-renders/current-platform/hx-app-dev/external-secrets.yaml,v1|Service|external-secrets|external-secrets-cert-controller-metrics,spec.ports[0].port
provides,hx-app-dev,hx-app-dev/external-secrets,service-endpoint,Service,external-secrets,external-secrets-cert-controller-metrics,rendered,rendered-object,hx-app-dev/external-secrets,object exists in the committed effective render,data/kubara-effective-renders/current-platform/hx-app-dev/external-secrets.yaml,v1|Service|external-secrets|external-secrets-cert-controller-metrics,spec.ports[0].name
provides,hx-app-dev,hx-app-dev/external-secrets,service-endpoint,Service,external-secrets,external-secrets-metrics,rendered,rendered-object,hx-app-dev/external-secrets,object exists in the committed effective render,data/kubara-effective-renders/current-platform/hx-app-dev/external-secrets.yaml,v1|Service|external-secrets|external-secrets-metrics,spec.ports[0].port
provides,hx-app-dev,hx-app-dev/external-secrets,service-endpoint,Service,external-secrets,external-secrets-metrics,rendered,rendered-object,hx-app-dev/external-secrets,object exists in the committed effective render,data/kubara-effective-renders/current-platform/hx-app-dev/external-secrets.yaml,v1|Service|external-secrets|external-secrets-metrics,spec.ports[0].name
provides,hx-app-dev,hx-app-dev/external-secrets,service-endpoint,Service,external-secrets,external-secrets-webhook,rendered,rendered-object,hx-app-dev/external-secrets,object exists in the committed effective render,data/kubara-effective-renders/current-platform/hx-app-dev/external-secrets.yaml,v1|Service|external-secrets|external-secrets-webhook,spec.ports[0].port
provides,hx-app-dev,hx-app-dev/external-secrets,service-endpoint,Service,external-secrets,external-secrets-webhook,rendered,rendered-object,hx-app-dev/external-secrets,object exists in the committed effective render,data/kubara-effective-renders/current-platform/hx-app-dev/external-secrets.yaml,v1|Service|external-secrets|external-secrets-webhook,spec.ports[1].port
provides,hx-app-dev,hx-app-dev/external-secrets,service-endpoint,Service,external-secrets,external-secrets-webhook,rendered,rendered-object,hx-app-dev/external-secrets,object exists in the committed effective render,data/kubara-effective-renders/current-platform/hx-app-dev/external-secrets.yaml,v1|Service|external-secrets|external-secrets-webhook,spec.ports[1].name
provides,hx-app-dev,hx-app-dev/external-secrets,service-endpoint,Service,external-secrets,external-secrets-webhook,rendered,rendered-object,hx-app-dev/external-secrets,object exists in the committed effective render,data/kubara-effective-renders/current-platform/hx-app-dev/external-secrets.yaml,v1|Service|external-secrets|external-secrets-webhook,spec.ports[0].name
provides,hx-app-dev,hx-app-dev/homer-dashboard,object,ConfigMap,homer-dashboard,homer-assets-icons,rendered,rendered-object,hx-app-dev/homer-dashboard,object exists in the committed effective render,data/kubara-effective-renders/current-platform/hx-app-dev/homer-dashboard.yaml,v1|ConfigMap|homer-dashboard|homer-assets-icons,metadata.name
provides,hx-app-dev,hx-app-dev/homer-dashboard,object,ConfigMap,homer-dashboard,homer-assets-tools,rendered,rendered-object,hx-app-dev/homer-dashboard,object exists in the committed effective render,data/kubara-effective-renders/current-platform/hx-app-dev/homer-dashboard.yaml,v1|ConfigMap|homer-dashboard|homer-assets-tools,metadata.name
provides,hx-app-dev,hx-app-dev/homer-dashboard,object,ConfigMap,homer-dashboard,homer-config,rendered,rendered-object,hx-app-dev/homer-dashboard,object exists in the committed effective render,data/kubara-effective-renders/current-platform/hx-app-dev/homer-dashboard.yaml,v1|ConfigMap|homer-dashboard|homer-config,metadata.name
provides,hx-app-dev,hx-app-dev/homer-dashboard,object,ConfigMap,homer-dashboard,lighttpd-config,rendered,rendered-object,hx-app-dev/homer-dashboard,object exists in the committed effective render,data/kubara-effective-renders/current-platform/hx-app-dev/homer-dashboard.yaml,v1|ConfigMap|homer-dashboard|lighttpd-config,metadata.name
provides,hx-app-dev,hx-app-dev/homer-dashboard,object,Deployment,homer-dashboard,homer-dashboard,rendered,rendered-object,hx-app-dev/homer-dashboard,object exists in the committed effective render,data/kubara-effective-renders/current-platform/hx-app-dev/homer-dashboard.yaml,apps/v1|Deployment|homer-dashboard|homer-dashboard,metadata.name
provides,hx-app-dev,hx-app-dev/homer-dashboard,object,Namespace,,homer-dashboard,rendered,rendered-object,hx-app-dev/homer-dashboard,object exists in the committed effective render,data/kubara-effective-renders/current-platform/hx-app-dev/homer-dashboard.yaml,v1|Namespace||homer-dashboard,metadata.name
provides,hx-app-dev,hx-app-dev/homer-dashboard,object,Service,homer-dashboard,homer-dashboard,rendered,rendered-object,hx-app-dev/homer-dashboard,object exists in the committed effective render,data/kubara-effective-renders/current-platform/hx-app-dev/homer-dashboard.yaml,v1|Service|homer-dashboard|homer-dashboard,metadata.name
provides,hx-app-dev,hx-app-dev/homer-dashboard,object,ServiceMonitor,homer-dashboard,homer-dashboard-metrics,rendered,rendered-object,hx-app-dev/homer-dashboard,object exists in the committed effective render,data/kubara-effective-renders/current-platform/hx-app-dev/homer-dashboard.yaml,monitoring.coreos.com/v1|ServiceMonitor|homer-dashboard|homer-dashboard-metrics,metadata.name
provides,hx-app-dev,hx-app-dev/homer-dashboard,label-selector,Namespace,_cluster,"{""matchLabels"":{""project-name"":""hx-app-dev"",""stage"":""dev""}}",rendered,rendered-selector-match,hx-app-dev/homer-dashboard,rendered object labels match the consuming selector,data/kubara-effective-renders/current-platform/hx-app-dev/homer-dashboard.yaml,v1|Namespace||homer-dashboard,metadata.labels
provides,hx-app-dev,hx-app-dev/homer-dashboard,service-endpoint,Service,homer-dashboard,homer-dashboard,rendered,rendered-object,hx-app-dev/homer-dashboard,object exists in the committed effective render,data/kubara-effective-renders/current-platform/hx-app-dev/homer-dashboard.yaml,v1|Service|homer-dashboard|homer-dashboard,spec.ports[0].port
provides,hx-app-dev,hx-app-dev/homer-dashboard,service-endpoint,Service,homer-dashboard,homer-dashboard,rendered,rendered-object,hx-app-dev/homer-dashboard,object exists in the committed effective render,data/kubara-effective-renders/current-platform/hx-app-dev/homer-dashboard.yaml,v1|Service|homer-dashboard|homer-dashboard,spec.ports[0].name
provides,hx-app-dev,hx-app-dev/kube-prometheus-stack,api-kind,Alertmanager,,monitoring.coreos.com/Alertmanager,rendered,rendered-crd,hx-app-dev/kube-prometheus-stack,CRD in the effective render declares this API kind,data/kubara-effective-renders/current-platform/hx-app-dev/kube-prometheus-stack.yaml,apiextensions.k8s.io/v1|CustomResourceDefinition||alertmanagers.monitoring.coreos.com,spec.names.kind
provides,hx-app-dev,hx-app-dev/kube-prometheus-stack,api-kind,AlertmanagerConfig,,monitoring.coreos.com/AlertmanagerConfig,rendered,rendered-crd,hx-app-dev/kube-prometheus-stack,CRD in the effective render declares this API kind,data/kubara-effective-renders/current-platform/hx-app-dev/kube-prometheus-stack.yaml,apiextensions.k8s.io/v1|CustomResourceDefinition||alertmanagerconfigs.monitoring.coreos.com,spec.names.kind
provides,hx-app-dev,hx-app-dev/kube-prometheus-stack,api-kind,PodMonitor,,monitoring.coreos.com/PodMonitor,rendered,rendered-crd,hx-app-dev/kube-prometheus-stack,CRD in the effective render declares this API kind,data/kubara-effective-renders/current-platform/hx-app-dev/kube-prometheus-stack.yaml,apiextensions.k8s.io/v1|CustomResourceDefinition||podmonitors.monitoring.coreos.com,spec.names.kind
provides,hx-app-dev,hx-app-dev/kube-prometheus-stack,api-kind,Probe,,monitoring.coreos.com/Probe,rendered,rendered-crd,hx-app-dev/kube-prometheus-stack,CRD in the effective render declares this API kind,data/kubara-effective-renders/current-platform/hx-app-dev/kube-prometheus-stack.yaml,apiextensions.k8s.io/v1|CustomResourceDefinition||probes.monitoring.coreos.com,spec.names.kind
provides,hx-app-dev,hx-app-dev/kube-prometheus-stack,api-kind,Prometheus,,monitoring.coreos.com/Prometheus,rendered,rendered-crd,hx-app-dev/kube-prometheus-stack,CRD in the effective render declares this API kind,data/kubara-effective-renders/current-platform/hx-app-dev/kube-prometheus-stack.yaml,apiextensions.k8s.io/v1|CustomResourceDefinition||prometheuses.monitoring.coreos.com,spec.names.kind
provides,hx-app-dev,hx-app-dev/kube-prometheus-stack,api-kind,PrometheusAgent,,monitoring.coreos.com/PrometheusAgent,rendered,rendered-crd,hx-app-dev/kube-prometheus-stack,CRD in the effective render declares this API kind,data/kubara-effective-renders/current-platform/hx-app-dev/kube-prometheus-stack.yaml,apiextensions.k8s.io/v1|CustomResourceDefinition||prometheusagents.monitoring.coreos.com,spec.names.kind
provides,hx-app-dev,hx-app-dev/kube-prometheus-stack,api-kind,PrometheusRule,,monitoring.coreos.com/PrometheusRule,rendered,rendered-crd,hx-app-dev/kube-prometheus-stack,CRD in the effective render declares this API kind,data/kubara-effective-renders/current-platform/hx-app-dev/kube-prometheus-stack.yaml,apiextensions.k8s.io/v1|CustomResourceDefinition||prometheusrules.monitoring.coreos.com,spec.names.kind
provides,hx-app-dev,hx-app-dev/kube-prometheus-stack,api-kind,ScrapeConfig,,monitoring.coreos.com/ScrapeConfig,rendered,rendered-crd,hx-app-dev/kube-prometheus-stack,CRD in the effective render declares this API kind,data/kubara-effective-renders/current-platform/hx-app-dev/kube-prometheus-stack.yaml,apiextensions.k8s.io/v1|CustomResourceDefinition||scrapeconfigs.monitoring.coreos.com,spec.names.kind
provides,hx-app-dev,hx-app-dev/kube-prometheus-stack,api-kind,ServiceMonitor,,monitoring.coreos.com/ServiceMonitor,rendered,rendered-crd,hx-app-dev/kube-prometheus-stack,CRD in the effective render declares this API kind,data/kubara-effective-renders/current-platform/hx-app-dev/kube-prometheus-stack.yaml,apiextensions.k8s.io/v1|CustomResourceDefinition||servicemonitors.monitoring.coreos.com,spec.names.kind
provides,hx-app-dev,hx-app-dev/kube-prometheus-stack,api-kind,ThanosRuler,,monitoring.coreos.com/ThanosRuler,rendered,rendered-crd,hx-app-dev/kube-prometheus-stack,CRD in the effective render declares this API kind,data/kubara-effective-renders/current-platform/hx-app-dev/kube-prometheus-stack.yaml,apiextensions.k8s.io/v1|CustomResourceDefinition||thanosrulers.monitoring.coreos.com,spec.names.kind
provides,hx-app-dev,hx-app-dev/kube-prometheus-stack,object,ClusterRole,,kube-prometheus-stack-grafana-clusterrole,rendered,rendered-object,hx-app-dev/kube-prometheus-stack,object exists in the committed effective render,data/kubara-effective-renders/current-platform/hx-app-dev/kube-prometheus-stack.yaml,rbac.authorization.k8s.io/v1|ClusterRole||kube-prometheus-stack-grafana-clusterrole,metadata.name
provides,hx-app-dev,hx-app-dev/kube-prometheus-stack,object,ClusterRole,,kube-prometheus-stack-kube-state-metrics,rendered,rendered-object,hx-app-dev/kube-prometheus-stack,object exists in the committed effective render,data/kubara-effective-renders/current-platform/hx-app-dev/kube-prometheus-stack.yaml,rbac.authorization.k8s.io/v1|ClusterRole||kube-prometheus-stack-kube-state-metrics,metadata.name
provides,hx-app-dev,hx-app-dev/kube-prometheus-stack,object,ClusterRole,,kube-prometheus-stack-operator,rendered,rendered-object,hx-app-dev/kube-prometheus-stack,object exists in the committed effective render,data/kubara-effective-renders/current-platform/hx-app-dev/kube-prometheus-stack.yaml,rbac.authorization.k8s.io/v1|ClusterRole||kube-prometheus-stack-operator,metadata.name
provides,hx-app-dev,hx-app-dev/kube-prometheus-stack,object,ClusterRole,,kube-prometheus-stack-prometheus,rendered,rendered-object,hx-app-dev/kube-prometheus-stack,object exists in the committed effective render,data/kubara-effective-renders/current-platform/hx-app-dev/kube-prometheus-stack.yaml,rbac.authorization.k8s.io/v1|ClusterRole||kube-prometheus-stack-prometheus,metadata.name
provides,hx-app-dev,hx-app-dev/kube-prometheus-stack,object,ConfigMap,kube-prometheus-stack,kube-prometheus-stack-alertmanager-overview,rendered,rendered-object,hx-app-dev/kube-prometheus-stack,object exists in the committed effective render,data/kubara-effective-renders/current-platform/hx-app-dev/kube-prometheus-stack.yaml,v1|ConfigMap|kube-prometheus-stack|kube-prometheus-stack-alertmanager-overview,metadata.name
provides,hx-app-dev,hx-app-dev/kube-prometheus-stack,object,ConfigMap,kube-prometheus-stack,kube-prometheus-stack-apiserver,rendered,rendered-object,hx-app-dev/kube-prometheus-stack,object exists in the committed effective render,data/kubara-effective-renders/current-platform/hx-app-dev/kube-prometheus-stack.yaml,v1|ConfigMap|kube-prometheus-stack|kube-prometheus-stack-apiserver,metadata.name
provides,hx-app-dev,hx-app-dev/kube-prometheus-stack,object,ConfigMap,kube-prometheus-stack,kube-prometheus-stack-cluster-total,rendered,rendered-object,hx-app-dev/kube-prometheus-stack,object exists in the committed effective render,data/kubara-effective-renders/current-platform/hx-app-dev/kube-prometheus-stack.yaml,v1|ConfigMap|kube-prometheus-stack|kube-prometheus-stack-cluster-total,metadata.name
provides,hx-app-dev,hx-app-dev/kube-prometheus-stack,object,ConfigMap,kube-prometheus-stack,kube-prometheus-stack-grafana,rendered,rendered-object,hx-app-dev/kube-prometheus-stack,object exists in the committed effective render,data/kubara-effective-renders/current-platform/hx-app-dev/kube-prometheus-stack.yaml,v1|ConfigMap|kube-prometheus-stack|kube-prometheus-stack-grafana,metadata.name
provides,hx-app-dev,hx-app-dev/kube-prometheus-stack,object,ConfigMap,kube-prometheus-stack,kube-prometheus-stack-grafana-config-dashboards,rendered,rendered-object,hx-app-dev/kube-prometheus-stack,object exists in the committed effective render,data/kubara-effective-renders/current-platform/hx-app-dev/kube-prometheus-stack.yaml,v1|ConfigMap|kube-prometheus-stack|kube-prometheus-stack-grafana-config-dashboards,metadata.name
provides,hx-app-dev,hx-app-dev/kube-prometheus-stack,object,ConfigMap,kube-prometheus-stack,kube-prometheus-stack-grafana-datasource,rendered,rendered-object,hx-app-dev/kube-prometheus-stack,object exists in the committed effective render,data/kubara-effective-renders/current-platform/hx-app-dev/kube-prometheus-stack.yaml,v1|ConfigMap|kube-prometheus-stack|kube-prometheus-stack-grafana-datasource,metadata.name
provides,hx-app-dev,hx-app-dev/kube-prometheus-stack,object,ConfigMap,kube-prometheus-stack,kube-prometheus-stack-grafana-overview,rendered,rendered-object,hx-app-dev/kube-prometheus-stack,object exists in the committed effective render,data/kubara-effective-renders/current-platform/hx-app-dev/kube-prometheus-stack.yaml,v1|ConfigMap|kube-prometheus-stack|kube-prometheus-stack-grafana-overview,metadata.name
provides,hx-app-dev,hx-app-dev/kube-prometheus-stack,object,ConfigMap,kube-prometheus-stack,kube-prometheus-stack-k8s-coredns,rendered,rendered-object,hx-app-dev/kube-prometheus-stack,object exists in the committed effective render,data/kubara-effective-renders/current-platform/hx-app-dev/kube-prometheus-stack.yaml,v1|ConfigMap|kube-prometheus-stack|kube-prometheus-stack-k8s-coredns,metadata.name
provides,hx-app-dev,hx-app-dev/kube-prometheus-stack,object,ConfigMap,kube-prometheus-stack,kube-prometheus-stack-k8s-resources-cluster,rendered,rendered-object,hx-app-dev/kube-prometheus-stack,object exists in the committed effective render,data/kubara-effective-renders/current-platform/hx-app-dev/kube-prometheus-stack.yaml,v1|ConfigMap|kube-prometheus-stack|kube-prometheus-stack-k8s-resources-cluster,metadata.name
provides,hx-app-dev,hx-app-dev/kube-prometheus-stack,object,ConfigMap,kube-prometheus-stack,kube-prometheus-stack-k8s-resources-multicluster,rendered,rendered-object,hx-app-dev/kube-prometheus-stack,object exists in the committed effective render,data/kubara-effective-renders/current-platform/hx-app-dev/kube-prometheus-stack.yaml,v1|ConfigMap|kube-prometheus-stack|kube-prometheus-stack-k8s-resources-multicluster,metadata.name
provides,hx-app-dev,hx-app-dev/kube-prometheus-stack,object,ConfigMap,kube-prometheus-stack,kube-prometheus-stack-k8s-resources-namespace,rendered,rendered-object,hx-app-dev/kube-prometheus-stack,object exists in the committed effective render,data/kubara-effective-renders/current-platform/hx-app-dev/kube-prometheus-stack.yaml,v1|ConfigMap|kube-prometheus-stack|kube-prometheus-stack-k8s-resources-namespace,metadata.name
provides,hx-app-dev,hx-app-dev/kube-prometheus-stack,object,ConfigMap,kube-prometheus-stack,kube-prometheus-stack-k8s-resources-node,rendered,rendered-object,hx-app-dev/kube-prometheus-stack,object exists in the committed effective render,data/kubara-effective-renders/current-platform/hx-app-dev/kube-prometheus-stack.yaml,v1|ConfigMap|kube-prometheus-stack|kube-prometheus-stack-k8s-resources-node,metadata.name
provides,hx-app-dev,hx-app-dev/kube-prometheus-stack,object,ConfigMap,kube-prometheus-stack,kube-prometheus-stack-k8s-resources-nodes-overview,rendered,rendered-object,hx-app-dev/kube-prometheus-stack,object exists in the committed effective render,data/kubara-effective-renders/current-platform/hx-app-dev/kube-prometheus-stack.yaml,v1|ConfigMap|kube-prometheus-stack|kube-prometheus-stack-k8s-resources-nodes-overview,metadata.name
provides,hx-app-dev,hx-app-dev/kube-prometheus-stack,object,ConfigMap,kube-prometheus-stack,kube-prometheus-stack-k8s-resources-pod,rendered,rendered-object,hx-app-dev/kube-prometheus-stack,object exists in the committed effective render,data/kubara-effective-renders/current-platform/hx-app-dev/kube-prometheus-stack.yaml,v1|ConfigMap|kube-prometheus-stack|kube-prometheus-stack-k8s-resources-pod,metadata.name
provides,hx-app-dev,hx-app-dev/kube-prometheus-stack,object,ConfigMap,kube-prometheus-stack,kube-prometheus-stack-k8s-resources-workload,rendered,rendered-object,hx-app-dev/kube-prometheus-stack,object exists in the committed effective render,data/kubara-effective-renders/current-platform/hx-app-dev/kube-prometheus-stack.yaml,v1|ConfigMap|kube-prometheus-stack|kube-prometheus-stack-k8s-resources-workload,metadata.name
provides,hx-app-dev,hx-app-dev/kube-prometheus-stack,object,ConfigMap,kube-prometheus-stack,kube-prometheus-stack-k8s-resources-workloads-namespace,rendered,rendered-object,hx-app-dev/kube-prometheus-stack,object exists in the committed effective render,data/kubara-effective-renders/current-platform/hx-app-dev/kube-prometheus-stack.yaml,v1|ConfigMap|kube-prometheus-stack|kube-prometheus-stack-k8s-resources-workloads-namespace,metadata.name
provides,hx-app-dev,hx-app-dev/kube-prometheus-stack,object,ConfigMap,kube-prometheus-stack,kube-prometheus-stack-kubelet,rendered,rendered-object,hx-app-dev/kube-prometheus-stack,object exists in the committed effective render,data/kubara-effective-renders/current-platform/hx-app-dev/kube-prometheus-stack.yaml,v1|ConfigMap|kube-prometheus-stack|kube-prometheus-stack-kubelet,metadata.name
provides,hx-app-dev,hx-app-dev/kube-prometheus-stack,object,ConfigMap,kube-prometheus-stack,kube-prometheus-stack-namespace-by-pod,rendered,rendered-object,hx-app-dev/kube-prometheus-stack,object exists in the committed effective render,data/kubara-effective-renders/current-platform/hx-app-dev/kube-prometheus-stack.yaml,v1|ConfigMap|kube-prometheus-stack|kube-prometheus-stack-namespace-by-pod,metadata.name
provides,hx-app-dev,hx-app-dev/kube-prometheus-stack,object,ConfigMap,kube-prometheus-stack,kube-prometheus-stack-namespace-by-workload,rendered,rendered-object,hx-app-dev/kube-prometheus-stack,object exists in the committed effective render,data/kubara-effective-renders/current-platform/hx-app-dev/kube-prometheus-stack.yaml,v1|ConfigMap|kube-prometheus-stack|kube-prometheus-stack-namespace-by-workload,metadata.name
provides,hx-app-dev,hx-app-dev/kube-prometheus-stack,object,ConfigMap,kube-prometheus-stack,kube-prometheus-stack-node-cluster-rsrc-use,rendered,rendered-object,hx-app-dev/kube-prometheus-stack,object exists in the committed effective render,data/kubara-effective-renders/current-platform/hx-app-dev/kube-prometheus-stack.yaml,v1|ConfigMap|kube-prometheus-stack|kube-prometheus-stack-node-cluster-rsrc-use,metadata.name
provides,hx-app-dev,hx-app-dev/kube-prometheus-stack,object,ConfigMap,kube-prometheus-stack,kube-prometheus-stack-node-rsrc-use,rendered,rendered-object,hx-app-dev/kube-prometheus-stack,object exists in the committed effective render,data/kubara-effective-renders/current-platform/hx-app-dev/kube-prometheus-stack.yaml,v1|ConfigMap|kube-prometheus-stack|kube-prometheus-stack-node-rsrc-use,metadata.name
provides,hx-app-dev,hx-app-dev/kube-prometheus-stack,object,ConfigMap,kube-prometheus-stack,kube-prometheus-stack-nodes,rendered,rendered-object,hx-app-dev/kube-prometheus-stack,object exists in the committed effective render,data/kubara-effective-renders/current-platform/hx-app-dev/kube-prometheus-stack.yaml,v1|ConfigMap|kube-prometheus-stack|kube-prometheus-stack-nodes,metadata.name
provides,hx-app-dev,hx-app-dev/kube-prometheus-stack,object,ConfigMap,kube-prometheus-stack,kube-prometheus-stack-nodes-aix,rendered,rendered-object,hx-app-dev/kube-prometheus-stack,object exists in the committed effective render,data/kubara-effective-renders/current-platform/hx-app-dev/kube-prometheus-stack.yaml,v1|ConfigMap|kube-prometheus-stack|kube-prometheus-stack-nodes-aix,metadata.name
provides,hx-app-dev,hx-app-dev/kube-prometheus-stack,object,ConfigMap,kube-prometheus-stack,kube-prometheus-stack-nodes-darwin,rendered,rendered-object,hx-app-dev/kube-prometheus-stack,object exists in the committed effective render,data/kubara-effective-renders/current-platform/hx-app-dev/kube-prometheus-stack.yaml,v1|ConfigMap|kube-prometheus-stack|kube-prometheus-stack-nodes-darwin,metadata.name
provides,hx-app-dev,hx-app-dev/kube-prometheus-stack,object,ConfigMap,kube-prometheus-stack,kube-prometheus-stack-persistentvolumesusage,rendered,rendered-object,hx-app-dev/kube-prometheus-stack,object exists in the committed effective render,data/kubara-effective-renders/current-platform/hx-app-dev/kube-prometheus-stack.yaml,v1|ConfigMap|kube-prometheus-stack|kube-prometheus-stack-persistentvolumesusage,metadata.name
provides,hx-app-dev,hx-app-dev/kube-prometheus-stack,object,ConfigMap,kube-prometheus-stack,kube-prometheus-stack-pod-total,rendered,rendered-object,hx-app-dev/kube-prometheus-stack,object exists in the committed effective render,data/kubara-effective-renders/current-platform/hx-app-dev/kube-prometheus-stack.yaml,v1|ConfigMap|kube-prometheus-stack|kube-prometheus-stack-pod-total,metadata.name
provides,hx-app-dev,hx-app-dev/kube-prometheus-stack,object,ConfigMap,kube-prometheus-stack,kube-prometheus-stack-prometheus,rendered,rendered-object,hx-app-dev/kube-prometheus-stack,object exists in the committed effective render,data/kubara-effective-renders/current-platform/hx-app-dev/kube-prometheus-stack.yaml,v1|ConfigMap|kube-prometheus-stack|kube-prometheus-stack-prometheus,metadata.name
provides,hx-app-dev,hx-app-dev/kube-prometheus-stack,object,ConfigMap,kube-prometheus-stack,kube-prometheus-stack-prometheus-blackbox-exporter,rendered,rendered-object,hx-app-dev/kube-prometheus-stack,object exists in the committed effective render,data/kubara-effective-renders/current-platform/hx-app-dev/kube-prometheus-stack.yaml,v1|ConfigMap|kube-prometheus-stack|kube-prometheus-stack-prometheus-blackbox-exporter,metadata.name
provides,hx-app-dev,hx-app-dev/kube-prometheus-stack,object,ConfigMap,kube-prometheus-stack,kube-prometheus-stack-workload-total,rendered,rendered-object,hx-app-dev/kube-prometheus-stack,object exists in the committed effective render,data/kubara-effective-renders/current-platform/hx-app-dev/kube-prometheus-stack.yaml,v1|ConfigMap|kube-prometheus-stack|kube-prometheus-stack-workload-total,metadata.name
provides,hx-app-dev,hx-app-dev/kube-prometheus-stack,object,DaemonSet,kube-prometheus-stack,kube-prometheus-stack-prometheus-node-exporter,rendered,rendered-object,hx-app-dev/kube-prometheus-stack,object exists in the committed effective render,data/kubara-effective-renders/current-platform/hx-app-dev/kube-prometheus-stack.yaml,apps/v1|DaemonSet|kube-prometheus-stack|kube-prometheus-stack-prometheus-node-exporter,metadata.name
provides,hx-app-dev,hx-app-dev/kube-prometheus-stack,object,Deployment,kube-prometheus-stack,kube-prometheus-stack-grafana,rendered,rendered-object,hx-app-dev/kube-prometheus-stack,object exists in the committed effective render,data/kubara-effective-renders/current-platform/hx-app-dev/kube-prometheus-stack.yaml,apps/v1|Deployment|kube-prometheus-stack|kube-prometheus-stack-grafana,metadata.name
provides,hx-app-dev,hx-app-dev/kube-prometheus-stack,object,Deployment,kube-prometheus-stack,kube-prometheus-stack-kube-state-metrics,rendered,rendered-object,hx-app-dev/kube-prometheus-stack,object exists in the committed effective render,data/kubara-effective-renders/current-platform/hx-app-dev/kube-prometheus-stack.yaml,apps/v1|Deployment|kube-prometheus-stack|kube-prometheus-stack-kube-state-metrics,metadata.name
provides,hx-app-dev,hx-app-dev/kube-prometheus-stack,object,Deployment,kube-prometheus-stack,kube-prometheus-stack-operator,rendered,rendered-object,hx-app-dev/kube-prometheus-stack,object exists in the committed effective render,data/kubara-effective-renders/current-platform/hx-app-dev/kube-prometheus-stack.yaml,apps/v1|Deployment|kube-prometheus-stack|kube-prometheus-stack-operator,metadata.name
provides,hx-app-dev,hx-app-dev/kube-prometheus-stack,object,Deployment,kube-prometheus-stack,kube-prometheus-stack-prometheus-blackbox-exporter,rendered,rendered-object,hx-app-dev/kube-prometheus-stack,object exists in the committed effective render,data/kubara-effective-renders/current-platform/hx-app-dev/kube-prometheus-stack.yaml,apps/v1|Deployment|kube-prometheus-stack|kube-prometheus-stack-prometheus-blackbox-exporter,metadata.name
provides,hx-app-dev,hx-app-dev/kube-prometheus-stack,object,Issuer,kube-prometheus-stack,kube-prometheus-stack-root-issuer,rendered,rendered-object,hx-app-dev/kube-prometheus-stack,object exists in the committed effective render,data/kubara-effective-renders/current-platform/hx-app-dev/kube-prometheus-stack.yaml,cert-manager.io/v1|Issuer|kube-prometheus-stack|kube-prometheus-stack-root-issuer,metadata.name
provides,hx-app-dev,hx-app-dev/kube-prometheus-stack,object,Issuer,kube-prometheus-stack,kube-prometheus-stack-self-signed-issuer,rendered,rendered-object,hx-app-dev/kube-prometheus-stack,object exists in the committed effective render,data/kubara-effective-renders/current-platform/hx-app-dev/kube-prometheus-stack.yaml,cert-manager.io/v1|Issuer|kube-prometheus-stack|kube-prometheus-stack-self-signed-issuer,metadata.name
provides,hx-app-dev,hx-app-dev/kube-prometheus-stack,object,Namespace,,kube-prometheus-stack,rendered,rendered-object,hx-app-dev/kube-prometheus-stack,object exists in the committed effective render,data/kubara-effective-renders/current-platform/hx-app-dev/kube-prometheus-stack.yaml,v1|Namespace||kube-prometheus-stack,metadata.name
provides,hx-app-dev,hx-app-dev/kube-prometheus-stack,object,Prometheus,kube-prometheus-stack,kube-prometheus-stack-prometheus,rendered,rendered-object,hx-app-dev/kube-prometheus-stack,object exists in the committed effective render,data/kubara-effective-renders/current-platform/hx-app-dev/kube-prometheus-stack.yaml,monitoring.coreos.com/v1|Prometheus|kube-prometheus-stack|kube-prometheus-stack-prometheus,metadata.name
provides,hx-app-dev,hx-app-dev/kube-prometheus-stack,object,Secret,kube-prometheus-stack,alertmanager-kube-prometheus-stack-alertmanager,rendered,rendered-object,hx-app-dev/kube-prometheus-stack,object exists in the committed effective render,data/kubara-effective-renders/current-platform/hx-app-dev/kube-prometheus-stack.yaml,v1|Secret|kube-prometheus-stack|alertmanager-kube-prometheus-stack-alertmanager,metadata.name
provides,hx-app-dev,hx-app-dev/kube-prometheus-stack,object,Secret,kube-prometheus-stack,grafana-admin-credentials,declared-runtime,declared-controller-output,hx-app-dev/kube-prometheus-stack,rendered controller contract declares this output; materialization is not observed here,data/kubara-effective-renders/current-platform/hx-app-dev/kube-prometheus-stack.yaml,external-secrets.io/v1|ExternalSecret|kube-prometheus-stack|grafana-admin-credentials-es,spec.target.name
provides,hx-app-dev,hx-app-dev/kube-prometheus-stack,object,Secret,kube-prometheus-stack,kube-prometheus-stack-admission,declared-runtime,declared-controller-output,hx-app-dev/kube-prometheus-stack,rendered controller contract declares this output; materialization is not observed here,data/kubara-effective-renders/current-platform/hx-app-dev/kube-prometheus-stack.yaml,cert-manager.io/v1|Certificate|kube-prometheus-stack|kube-prometheus-stack-admission,spec.secretName
provides,hx-app-dev,hx-app-dev/kube-prometheus-stack,object,Secret,kube-prometheus-stack,kube-prometheus-stack-root-cert,declared-runtime,declared-controller-output,hx-app-dev/kube-prometheus-stack,rendered controller contract declares this output; materialization is not observed here,data/kubara-effective-renders/current-platform/hx-app-dev/kube-prometheus-stack.yaml,cert-manager.io/v1|Certificate|kube-prometheus-stack|kube-prometheus-stack-root-cert,spec.secretName
provides,hx-app-dev,hx-app-dev/kube-prometheus-stack,object,Service,kube-prometheus-stack,kube-prometheus-stack-alertmanager,rendered,rendered-object,hx-app-dev/kube-prometheus-stack,object exists in the committed effective render,data/kubara-effective-renders/current-platform/hx-app-dev/kube-prometheus-stack.yaml,v1|Service|kube-prometheus-stack|kube-prometheus-stack-alertmanager,metadata.name
provides,hx-app-dev,hx-app-dev/kube-prometheus-stack,object,Service,kube-prometheus-stack,kube-prometheus-stack-grafana,rendered,rendered-object,hx-app-dev/kube-prometheus-stack,object exists in the committed effective render,data/kubara-effective-renders/current-platform/hx-app-dev/kube-prometheus-stack.yaml,v1|Service|kube-prometheus-stack|kube-prometheus-stack-grafana,metadata.name
provides,hx-app-dev,hx-app-dev/kube-prometheus-stack,object,Service,kube-prometheus-stack,kube-prometheus-stack-kube-state-metrics,rendered,rendered-object,hx-app-dev/kube-prometheus-stack,object exists in the committed effective render,data/kubara-effective-renders/current-platform/hx-app-dev/kube-prometheus-stack.yaml,v1|Service|kube-prometheus-stack|kube-prometheus-stack-kube-state-metrics,metadata.name
provides,hx-app-dev,hx-app-dev/kube-prometheus-stack,object,Service,kube-prometheus-stack,kube-prometheus-stack-operator,rendered,rendered-object,hx-app-dev/kube-prometheus-stack,object exists in the committed effective render,data/kubara-effective-renders/current-platform/hx-app-dev/kube-prometheus-stack.yaml,v1|Service|kube-prometheus-stack|kube-prometheus-stack-operator,metadata.name
provides,hx-app-dev,hx-app-dev/kube-prometheus-stack,object,Service,kube-prometheus-stack,kube-prometheus-stack-prometheus,rendered,rendered-object,hx-app-dev/kube-prometheus-stack,object exists in the committed effective render,data/kubara-effective-renders/current-platform/hx-app-dev/kube-prometheus-stack.yaml,v1|Service|kube-prometheus-stack|kube-prometheus-stack-prometheus,metadata.name
provides,hx-app-dev,hx-app-dev/kube-prometheus-stack,object,Service,kube-prometheus-stack,kube-prometheus-stack-prometheus-blackbox-exporter,rendered,rendered-object,hx-app-dev/kube-prometheus-stack,object exists in the committed effective render,data/kubara-effective-renders/current-platform/hx-app-dev/kube-prometheus-stack.yaml,v1|Service|kube-prometheus-stack|kube-prometheus-stack-prometheus-blackbox-exporter,metadata.name
provides,hx-app-dev,hx-app-dev/kube-prometheus-stack,object,Service,kube-prometheus-stack,kube-prometheus-stack-prometheus-node-exporter,rendered,rendered-object,hx-app-dev/kube-prometheus-stack,object exists in the committed effective render,data/kubara-effective-renders/current-platform/hx-app-dev/kube-prometheus-stack.yaml,v1|Service|kube-prometheus-stack|kube-prometheus-stack-prometheus-node-exporter,metadata.name
provides,hx-app-dev,hx-app-dev/kube-prometheus-stack,object,Service,kube-system,kube-prometheus-stack-coredns,rendered,rendered-object,hx-app-dev/kube-prometheus-stack,object exists in the committed effective render,data/kubara-effective-renders/current-platform/hx-app-dev/kube-prometheus-stack.yaml,v1|Service|kube-system|kube-prometheus-stack-coredns,metadata.name
provides,hx-app-dev,hx-app-dev/kube-prometheus-stack,object,ServiceAccount,kube-prometheus-stack,kube-prometheus-stack-alertmanager,rendered,rendered-object,hx-app-dev/kube-prometheus-stack,object exists in the committed effective render,data/kubara-effective-renders/current-platform/hx-app-dev/kube-prometheus-stack.yaml,v1|ServiceAccount|kube-prometheus-stack|kube-prometheus-stack-alertmanager,metadata.name
provides,hx-app-dev,hx-app-dev/kube-prometheus-stack,object,ServiceAccount,kube-prometheus-stack,kube-prometheus-stack-grafana,rendered,rendered-object,hx-app-dev/kube-prometheus-stack,object exists in the committed effective render,data/kubara-effective-renders/current-platform/hx-app-dev/kube-prometheus-stack.yaml,v1|ServiceAccount|kube-prometheus-stack|kube-prometheus-stack-grafana,metadata.name
provides,hx-app-dev,hx-app-dev/kube-prometheus-stack,object,ServiceAccount,kube-prometheus-stack,kube-prometheus-stack-kube-state-metrics,rendered,rendered-object,hx-app-dev/kube-prometheus-stack,object exists in the committed effective render,data/kubara-effective-renders/current-platform/hx-app-dev/kube-prometheus-stack.yaml,v1|ServiceAccount|kube-prometheus-stack|kube-prometheus-stack-kube-state-metrics,metadata.name
provides,hx-app-dev,hx-app-dev/kube-prometheus-stack,object,ServiceAccount,kube-prometheus-stack,kube-prometheus-stack-operator,rendered,rendered-object,hx-app-dev/kube-prometheus-stack,object exists in the committed effective render,data/kubara-effective-renders/current-platform/hx-app-dev/kube-prometheus-stack.yaml,v1|ServiceAccount|kube-prometheus-stack|kube-prometheus-stack-operator,metadata.name
provides,hx-app-dev,hx-app-dev/kube-prometheus-stack,object,ServiceAccount,kube-prometheus-stack,kube-prometheus-stack-prometheus,rendered,rendered-object,hx-app-dev/kube-prometheus-stack,object exists in the committed effective render,data/kubara-effective-renders/current-platform/hx-app-dev/kube-prometheus-stack.yaml,v1|ServiceAccount|kube-prometheus-stack|kube-prometheus-stack-prometheus,metadata.name
provides,hx-app-dev,hx-app-dev/kube-prometheus-stack,object,ServiceAccount,kube-prometheus-stack,kube-prometheus-stack-prometheus-blackbox-exporter,rendered,rendered-object,hx-app-dev/kube-prometheus-stack,object exists in the committed effective render,data/kubara-effective-renders/current-platform/hx-app-dev/kube-prometheus-stack.yaml,v1|ServiceAccount|kube-prometheus-stack|kube-prometheus-stack-prometheus-blackbox-exporter,metadata.name
provides,hx-app-dev,hx-app-dev/kube-prometheus-stack,object,ServiceAccount,kube-prometheus-stack,kube-prometheus-stack-prometheus-node-exporter,rendered,rendered-object,hx-app-dev/kube-prometheus-stack,object exists in the committed effective render,data/kubara-effective-renders/current-platform/hx-app-dev/kube-prometheus-stack.yaml,v1|ServiceAccount|kube-prometheus-stack|kube-prometheus-stack-prometheus-node-exporter,metadata.name
provides,hx-app-dev,hx-app-dev/kube-prometheus-stack,object,ServiceMonitor,kube-prometheus-stack,kube-prometheus-stack-alertmanager,rendered,rendered-object,hx-app-dev/kube-prometheus-stack,object exists in the committed effective render,data/kubara-effective-renders/current-platform/hx-app-dev/kube-prometheus-stack.yaml,monitoring.coreos.com/v1|ServiceMonitor|kube-prometheus-stack|kube-prometheus-stack-alertmanager,metadata.name
provides,hx-app-dev,hx-app-dev/kube-prometheus-stack,object,ServiceMonitor,kube-prometheus-stack,kube-prometheus-stack-apiserver,rendered,rendered-object,hx-app-dev/kube-prometheus-stack,object exists in the committed effective render,data/kubara-effective-renders/current-platform/hx-app-dev/kube-prometheus-stack.yaml,monitoring.coreos.com/v1|ServiceMonitor|kube-prometheus-stack|kube-prometheus-stack-apiserver,metadata.name
provides,hx-app-dev,hx-app-dev/kube-prometheus-stack,object,ServiceMonitor,kube-prometheus-stack,kube-prometheus-stack-coredns,rendered,rendered-object,hx-app-dev/kube-prometheus-stack,object exists in the committed effective render,data/kubara-effective-renders/current-platform/hx-app-dev/kube-prometheus-stack.yaml,monitoring.coreos.com/v1|ServiceMonitor|kube-prometheus-stack|kube-prometheus-stack-coredns,metadata.name
provides,hx-app-dev,hx-app-dev/kube-prometheus-stack,object,ServiceMonitor,kube-prometheus-stack,kube-prometheus-stack-kube-state-metrics,rendered,rendered-object,hx-app-dev/kube-prometheus-stack,object exists in the committed effective render,data/kubara-effective-renders/current-platform/hx-app-dev/kube-prometheus-stack.yaml,monitoring.coreos.com/v1|ServiceMonitor|kube-prometheus-stack|kube-prometheus-stack-kube-state-metrics,metadata.name
provides,hx-app-dev,hx-app-dev/kube-prometheus-stack,object,ServiceMonitor,kube-prometheus-stack,kube-prometheus-stack-kubelet,rendered,rendered-object,hx-app-dev/kube-prometheus-stack,object exists in the committed effective render,data/kubara-effective-renders/current-platform/hx-app-dev/kube-prometheus-stack.yaml,monitoring.coreos.com/v1|ServiceMonitor|kube-prometheus-stack|kube-prometheus-stack-kubelet,metadata.name
provides,hx-app-dev,hx-app-dev/kube-prometheus-stack,object,ServiceMonitor,kube-prometheus-stack,kube-prometheus-stack-operator,rendered,rendered-object,hx-app-dev/kube-prometheus-stack,object exists in the committed effective render,data/kubara-effective-renders/current-platform/hx-app-dev/kube-prometheus-stack.yaml,monitoring.coreos.com/v1|ServiceMonitor|kube-prometheus-stack|kube-prometheus-stack-operator,metadata.name
provides,hx-app-dev,hx-app-dev/kube-prometheus-stack,object,ServiceMonitor,kube-prometheus-stack,kube-prometheus-stack-prometheus,rendered,rendered-object,hx-app-dev/kube-prometheus-stack,object exists in the committed effective render,data/kubara-effective-renders/current-platform/hx-app-dev/kube-prometheus-stack.yaml,monitoring.coreos.com/v1|ServiceMonitor|kube-prometheus-stack|kube-prometheus-stack-prometheus,metadata.name
provides,hx-app-dev,hx-app-dev/kube-prometheus-stack,object,ServiceMonitor,kube-prometheus-stack,kube-prometheus-stack-prometheus-node-exporter,rendered,rendered-object,hx-app-dev/kube-prometheus-stack,object exists in the committed effective render,data/kubara-effective-renders/current-platform/hx-app-dev/kube-prometheus-stack.yaml,monitoring.coreos.com/v1|ServiceMonitor|kube-prometheus-stack|kube-prometheus-stack-prometheus-node-exporter,metadata.name
provides,hx-app-dev,hx-app-dev/kube-prometheus-stack,label-selector,Namespace,_cluster,"{""matchLabels"":{""project-name"":""hx-app-dev"",""stage"":""dev""}}",rendered,rendered-selector-match,hx-app-dev/kube-prometheus-stack,rendered object labels match the consuming selector,data/kubara-effective-renders/current-platform/hx-app-dev/kube-prometheus-stack.yaml,v1|Namespace||kube-prometheus-stack,metadata.labels
provides,hx-app-dev,hx-app-dev/kube-prometheus-stack,label-selector,Service,kube-prometheus-stack,"{""matchLabels"":{""app"":""kube-prometheus-stack-operator"",""release"":""kube-prometheus-stack""}}",rendered,rendered-selector-match,hx-app-dev/kube-prometheus-stack,rendered object labels match the consuming selector,data/kubara-effective-renders/current-platform/hx-app-dev/kube-prometheus-stack.yaml,v1|Service|kube-prometheus-stack|kube-prometheus-stack-operator,metadata.labels
provides,hx-app-dev,hx-app-dev/kube-prometheus-stack,label-selector,Service,kube-prometheus-stack,"{""matchLabels"":{""app.kubernetes.io/instance"":""kube-prometheus-stack"",""app.kubernetes.io/name"":""kube-state-metrics""}}",rendered,rendered-selector-match,hx-app-dev/kube-prometheus-stack,rendered object labels match the consuming selector,data/kubara-effective-renders/current-platform/hx-app-dev/kube-prometheus-stack.yaml,v1|Service|kube-prometheus-stack|kube-prometheus-stack-kube-state-metrics,metadata.labels
provides,hx-app-dev,hx-app-dev/kube-prometheus-stack,label-selector,Service,kube-prometheus-stack,"{""matchLabels"":{""app"":""kube-prometheus-stack-alertmanager"",""release"":""kube-prometheus-stack"",""self-monitor"":""true""}}",rendered,rendered-selector-match,hx-app-dev/kube-prometheus-stack,rendered object labels match the consuming selector,data/kubara-effective-renders/current-platform/hx-app-dev/kube-prometheus-stack.yaml,v1|Service|kube-prometheus-stack|kube-prometheus-stack-alertmanager,metadata.labels
provides,hx-app-dev,hx-app-dev/kube-prometheus-stack,label-selector,Service,kube-prometheus-stack,"{""matchLabels"":{""app"":""kube-prometheus-stack-prometheus"",""release"":""kube-prometheus-stack"",""self-monitor"":""true""}}",rendered,rendered-selector-match,hx-app-dev/kube-prometheus-stack,rendered object labels match the consuming selector,data/kubara-effective-renders/current-platform/hx-app-dev/kube-prometheus-stack.yaml,v1|Service|kube-prometheus-stack|kube-prometheus-stack-prometheus,metadata.labels
provides,hx-app-dev,hx-app-dev/kube-prometheus-stack,label-selector,Service,kube-prometheus-stack,"{""matchLabels"":{""app.kubernetes.io/instance"":""kube-prometheus-stack"",""app.kubernetes.io/name"":""prometheus-node-exporter""}}",rendered,rendered-selector-match,hx-app-dev/kube-prometheus-stack,rendered object labels match the consuming selector,data/kubara-effective-renders/current-platform/hx-app-dev/kube-prometheus-stack.yaml,v1|Service|kube-prometheus-stack|kube-prometheus-stack-prometheus-node-exporter,metadata.labels
provides,hx-app-dev,hx-app-dev/kube-prometheus-stack,label-selector,Service,kube-system,"{""matchLabels"":{""app"":""kube-prometheus-stack-coredns"",""release"":""kube-prometheus-stack""}}",rendered,rendered-selector-match,hx-app-dev/kube-prometheus-stack,rendered object labels match the consuming selector,data/kubara-effective-renders/current-platform/hx-app-dev/kube-prometheus-stack.yaml,v1|Service|kube-system|kube-prometheus-stack-coredns,metadata.labels
provides,hx-app-dev,hx-app-dev/kube-prometheus-stack,label-selector,ServiceMonitor,kube-prometheus-stack,"{""matchLabels"":{""monitoring.instance"":""hx-app-dev-dev""}}",rendered,rendered-selector-match,hx-app-dev/kube-prometheus-stack,rendered object labels match the consuming selector,data/kubara-effective-renders/current-platform/hx-app-dev/kube-prometheus-stack.yaml,monitoring.coreos.com/v1|ServiceMonitor|kube-prometheus-stack|kube-prometheus-stack-operator,metadata.labels
provides,hx-app-dev,hx-app-dev/kube-prometheus-stack,label-selector,ServiceMonitor,kube-prometheus-stack,"{""matchLabels"":{""monitoring.instance"":""hx-app-dev-dev""}}",rendered,rendered-selector-match,hx-app-dev/kube-prometheus-stack,rendered object labels match the consuming selector,data/kubara-effective-renders/current-platform/hx-app-dev/kube-prometheus-stack.yaml,monitoring.coreos.com/v1|ServiceMonitor|kube-prometheus-stack|kube-prometheus-stack-apiserver,metadata.labels
provides,hx-app-dev,hx-app-dev/kube-prometheus-stack,label-selector,ServiceMonitor,kube-prometheus-stack,"{""matchLabels"":{""monitoring.instance"":""hx-app-dev-dev""}}",rendered,rendered-selector-match,hx-app-dev/kube-prometheus-stack,rendered object labels match the consuming selector,data/kubara-effective-renders/current-platform/hx-app-dev/kube-prometheus-stack.yaml,monitoring.coreos.com/v1|ServiceMonitor|kube-prometheus-stack|kube-prometheus-stack-kubelet,metadata.labels
provides,hx-app-dev,hx-app-dev/kube-prometheus-stack,label-selector,ServiceMonitor,kube-prometheus-stack,"{""matchLabels"":{""monitoring.instance"":""hx-app-dev-dev""}}",rendered,rendered-selector-match,hx-app-dev/kube-prometheus-stack,rendered object labels match the consuming selector,data/kubara-effective-renders/current-platform/hx-app-dev/kube-prometheus-stack.yaml,monitoring.coreos.com/v1|ServiceMonitor|kube-prometheus-stack|kube-prometheus-stack-alertmanager,metadata.labels
provides,hx-app-dev,hx-app-dev/kube-prometheus-stack,label-selector,ServiceMonitor,kube-prometheus-stack,"{""matchLabels"":{""monitoring.instance"":""hx-app-dev-dev""}}",rendered,rendered-selector-match,hx-app-dev/kube-prometheus-stack,rendered object labels match the consuming selector,data/kubara-effective-renders/current-platform/hx-app-dev/kube-prometheus-stack.yaml,monitoring.coreos.com/v1|ServiceMonitor|kube-prometheus-stack|kube-prometheus-stack-coredns,metadata.labels
provides,hx-app-dev,hx-app-dev/kube-prometheus-stack,label-selector,ServiceMonitor,kube-prometheus-stack,"{""matchLabels"":{""monitoring.instance"":""hx-app-dev-dev""}}",rendered,rendered-selector-match,hx-app-dev/kube-prometheus-stack,rendered object labels match the consuming selector,data/kubara-effective-renders/current-platform/hx-app-dev/kube-prometheus-stack.yaml,monitoring.coreos.com/v1|ServiceMonitor|kube-prometheus-stack|kube-prometheus-stack-kube-state-metrics,metadata.labels
provides,hx-app-dev,hx-app-dev/kube-prometheus-stack,label-selector,ServiceMonitor,kube-prometheus-stack,"{""matchLabels"":{""monitoring.instance"":""hx-app-dev-dev""}}",rendered,rendered-selector-match,hx-app-dev/kube-prometheus-stack,rendered object labels match the consuming selector,data/kubara-effective-renders/current-platform/hx-app-dev/kube-prometheus-stack.yaml,monitoring.coreos.com/v1|ServiceMonitor|kube-prometheus-stack|kube-prometheus-stack-prometheus,metadata.labels
provides,hx-app-dev,hx-app-dev/kube-prometheus-stack,service-endpoint,Service,kube-prometheus-stack,kube-prometheus-stack-alertmanager,rendered,rendered-object,hx-app-dev/kube-prometheus-stack,object exists in the committed effective render,data/kubara-effective-renders/current-platform/hx-app-dev/kube-prometheus-stack.yaml,v1|Service|kube-prometheus-stack|kube-prometheus-stack-alertmanager,spec.ports[1].port
provides,hx-app-dev,hx-app-dev/kube-prometheus-stack,service-endpoint,Service,kube-prometheus-stack,kube-prometheus-stack-alertmanager,rendered,rendered-object,hx-app-dev/kube-prometheus-stack,object exists in the committed effective render,data/kubara-effective-renders/current-platform/hx-app-dev/kube-prometheus-stack.yaml,v1|Service|kube-prometheus-stack|kube-prometheus-stack-alertmanager,spec.ports[0].port
provides,hx-app-dev,hx-app-dev/kube-prometheus-stack,service-endpoint,Service,kube-prometheus-stack,kube-prometheus-stack-alertmanager,rendered,rendered-object,hx-app-dev/kube-prometheus-stack,object exists in the committed effective render,data/kubara-effective-renders/current-platform/hx-app-dev/kube-prometheus-stack.yaml,v1|Service|kube-prometheus-stack|kube-prometheus-stack-alertmanager,spec.ports[0].name
provides,hx-app-dev,hx-app-dev/kube-prometheus-stack,service-endpoint,Service,kube-prometheus-stack,kube-prometheus-stack-alertmanager,rendered,rendered-object,hx-app-dev/kube-prometheus-stack,object exists in the committed effective render,data/kubara-effective-renders/current-platform/hx-app-dev/kube-prometheus-stack.yaml,v1|Service|kube-prometheus-stack|kube-prometheus-stack-alertmanager,spec.ports[1].name
provides,hx-app-dev,hx-app-dev/kube-prometheus-stack,service-endpoint,Service,kube-prometheus-stack,kube-prometheus-stack-grafana,rendered,rendered-object,hx-app-dev/kube-prometheus-stack,object exists in the committed effective render,data/kubara-effective-renders/current-platform/hx-app-dev/kube-prometheus-stack.yaml,v1|Service|kube-prometheus-stack|kube-prometheus-stack-grafana,spec.ports[0].port
provides,hx-app-dev,hx-app-dev/kube-prometheus-stack,service-endpoint,Service,kube-prometheus-stack,kube-prometheus-stack-grafana,rendered,rendered-object,hx-app-dev/kube-prometheus-stack,object exists in the committed effective render,data/kubara-effective-renders/current-platform/hx-app-dev/kube-prometheus-stack.yaml,v1|Service|kube-prometheus-stack|kube-prometheus-stack-grafana,spec.ports[0].name
provides,hx-app-dev,hx-app-dev/kube-prometheus-stack,service-endpoint,Service,kube-prometheus-stack,kube-prometheus-stack-kube-state-metrics,rendered,rendered-object,hx-app-dev/kube-prometheus-stack,object exists in the committed effective render,data/kubara-effective-renders/current-platform/hx-app-dev/kube-prometheus-stack.yaml,v1|Service|kube-prometheus-stack|kube-prometheus-stack-kube-state-metrics,spec.ports[0].port
provides,hx-app-dev,hx-app-dev/kube-prometheus-stack,service-endpoint,Service,kube-prometheus-stack,kube-prometheus-stack-kube-state-metrics,rendered,rendered-object,hx-app-dev/kube-prometheus-stack,object exists in the committed effective render,data/kubara-effective-renders/current-platform/hx-app-dev/kube-prometheus-stack.yaml,v1|Service|kube-prometheus-stack|kube-prometheus-stack-kube-state-metrics,spec.ports[0].name
provides,hx-app-dev,hx-app-dev/kube-prometheus-stack,service-endpoint,Service,kube-prometheus-stack,kube-prometheus-stack-operator,rendered,rendered-object,hx-app-dev/kube-prometheus-stack,object exists in the committed effective render,data/kubara-effective-renders/current-platform/hx-app-dev/kube-prometheus-stack.yaml,v1|Service|kube-prometheus-stack|kube-prometheus-stack-operator,spec.ports[0].port
provides,hx-app-dev,hx-app-dev/kube-prometheus-stack,service-endpoint,Service,kube-prometheus-stack,kube-prometheus-stack-operator,rendered,rendered-object,hx-app-dev/kube-prometheus-stack,object exists in the committed effective render,data/kubara-effective-renders/current-platform/hx-app-dev/kube-prometheus-stack.yaml,v1|Service|kube-prometheus-stack|kube-prometheus-stack-operator,spec.ports[0].name
provides,hx-app-dev,hx-app-dev/kube-prometheus-stack,service-endpoint,Service,kube-prometheus-stack,kube-prometheus-stack-prometheus-blackbox-exporter,rendered,rendered-object,hx-app-dev/kube-prometheus-stack,object exists in the committed effective render,data/kubara-effective-renders/current-platform/hx-app-dev/kube-prometheus-stack.yaml,v1|Service|kube-prometheus-stack|kube-prometheus-stack-prometheus-blackbox-exporter,spec.ports[0].port
provides,hx-app-dev,hx-app-dev/kube-prometheus-stack,service-endpoint,Service,kube-prometheus-stack,kube-prometheus-stack-prometheus-blackbox-exporter,rendered,rendered-object,hx-app-dev/kube-prometheus-stack,object exists in the committed effective render,data/kubara-effective-renders/current-platform/hx-app-dev/kube-prometheus-stack.yaml,v1|Service|kube-prometheus-stack|kube-prometheus-stack-prometheus-blackbox-exporter,spec.ports[0].name
provides,hx-app-dev,hx-app-dev/kube-prometheus-stack,service-endpoint,Service,kube-prometheus-stack,kube-prometheus-stack-prometheus-node-exporter,rendered,rendered-object,hx-app-dev/kube-prometheus-stack,object exists in the committed effective render,data/kubara-effective-renders/current-platform/hx-app-dev/kube-prometheus-stack.yaml,v1|Service|kube-prometheus-stack|kube-prometheus-stack-prometheus-node-exporter,spec.ports[0].port
provides,hx-app-dev,hx-app-dev/kube-prometheus-stack,service-endpoint,Service,kube-prometheus-stack,kube-prometheus-stack-prometheus-node-exporter,rendered,rendered-object,hx-app-dev/kube-prometheus-stack,object exists in the committed effective render,data/kubara-effective-renders/current-platform/hx-app-dev/kube-prometheus-stack.yaml,v1|Service|kube-prometheus-stack|kube-prometheus-stack-prometheus-node-exporter,spec.ports[0].name
provides,hx-app-dev,hx-app-dev/kube-prometheus-stack,service-endpoint,Service,kube-prometheus-stack,kube-prometheus-stack-prometheus,rendered,rendered-object,hx-app-dev/kube-prometheus-stack,object exists in the committed effective render,data/kubara-effective-renders/current-platform/hx-app-dev/kube-prometheus-stack.yaml,v1|Service|kube-prometheus-stack|kube-prometheus-stack-prometheus,spec.ports[1].port
provides,hx-app-dev,hx-app-dev/kube-prometheus-stack,service-endpoint,Service,kube-prometheus-stack,kube-prometheus-stack-prometheus,rendered,rendered-object,hx-app-dev/kube-prometheus-stack,object exists in the committed effective render,data/kubara-effective-renders/current-platform/hx-app-dev/kube-prometheus-stack.yaml,v1|Service|kube-prometheus-stack|kube-prometheus-stack-prometheus,spec.ports[0].port
provides,hx-app-dev,hx-app-dev/kube-prometheus-stack,service-endpoint,Service,kube-prometheus-stack,kube-prometheus-stack-prometheus,rendered,rendered-object,hx-app-dev/kube-prometheus-stack,object exists in the committed effective render,data/kubara-effective-renders/current-platform/hx-app-dev/kube-prometheus-stack.yaml,v1|Service|kube-prometheus-stack|kube-prometheus-stack-prometheus,spec.ports[0].name
provides,hx-app-dev,hx-app-dev/kube-prometheus-stack,service-endpoint,Service,kube-prometheus-stack,kube-prometheus-stack-prometheus,rendered,rendered-object,hx-app-dev/kube-prometheus-stack,object exists in the committed effective render,data/kubara-effective-renders/current-platform/hx-app-dev/kube-prometheus-stack.yaml,v1|Service|kube-prometheus-stack|kube-prometheus-stack-prometheus,spec.ports[1].name
provides,hx-app-dev,hx-app-dev/kube-prometheus-stack,service-endpoint,Service,kube-system,kube-prometheus-stack-coredns,rendered,rendered-object,hx-app-dev/kube-prometheus-stack,object exists in the committed effective render,data/kubara-effective-renders/current-platform/hx-app-dev/kube-prometheus-stack.yaml,v1|Service|kube-system|kube-prometheus-stack-coredns,spec.ports[0].port
provides,hx-app-dev,hx-app-dev/kube-prometheus-stack,service-endpoint,Service,kube-system,kube-prometheus-stack-coredns,rendered,rendered-object,hx-app-dev/kube-prometheus-stack,object exists in the committed effective render,data/kubara-effective-renders/current-platform/hx-app-dev/kube-prometheus-stack.yaml,v1|Service|kube-system|kube-prometheus-stack-coredns,spec.ports[0].name
provides,hx-app-dev,hx-app-dev/metrics-server,object,ClusterRole,,system:metrics-server,rendered,rendered-object,hx-app-dev/metrics-server,object exists in the committed effective render,data/kubara-effective-renders/current-platform/hx-app-dev/metrics-server.yaml,rbac.authorization.k8s.io/v1|ClusterRole||system:metrics-server,metadata.name
provides,hx-app-dev,hx-app-dev/metrics-server,object,ClusterRole,,system:metrics-server-aggregated-reader,rendered,rendered-object,hx-app-dev/metrics-server,object exists in the committed effective render,data/kubara-effective-renders/current-platform/hx-app-dev/metrics-server.yaml,rbac.authorization.k8s.io/v1|ClusterRole||system:metrics-server-aggregated-reader,metadata.name
provides,hx-app-dev,hx-app-dev/metrics-server,object,Deployment,metrics-server,metrics-server,rendered,rendered-object,hx-app-dev/metrics-server,object exists in the committed effective render,data/kubara-effective-renders/current-platform/hx-app-dev/metrics-server.yaml,apps/v1|Deployment|metrics-server|metrics-server,metadata.name
provides,hx-app-dev,hx-app-dev/metrics-server,object,Namespace,,metrics-server,rendered,rendered-object,hx-app-dev/metrics-server,object exists in the committed effective render,data/kubara-effective-renders/current-platform/hx-app-dev/metrics-server.yaml,v1|Namespace||metrics-server,metadata.name
provides,hx-app-dev,hx-app-dev/metrics-server,object,Service,metrics-server,metrics-server,rendered,rendered-object,hx-app-dev/metrics-server,object exists in the committed effective render,data/kubara-effective-renders/current-platform/hx-app-dev/metrics-server.yaml,v1|Service|metrics-server|metrics-server,metadata.name
provides,hx-app-dev,hx-app-dev/metrics-server,object,ServiceAccount,metrics-server,metrics-server,rendered,rendered-object,hx-app-dev/metrics-server,object exists in the committed effective render,data/kubara-effective-renders/current-platform/hx-app-dev/metrics-server.yaml,v1|ServiceAccount|metrics-server|metrics-server,metadata.name
provides,hx-app-dev,hx-app-dev/metrics-server,label-selector,Namespace,_cluster,"{""matchLabels"":{""project-name"":""hx-app-dev"",""stage"":""dev""}}",rendered,rendered-selector-match,hx-app-dev/metrics-server,rendered object labels match the consuming selector,data/kubara-effective-renders/current-platform/hx-app-dev/metrics-server.yaml,v1|Namespace||metrics-server,metadata.labels
provides,hx-app-dev,hx-app-dev/metrics-server,service-endpoint,Service,metrics-server,metrics-server,rendered,rendered-object,hx-app-dev/metrics-server,object exists in the committed effective render,data/kubara-effective-renders/current-platform/hx-app-dev/metrics-server.yaml,v1|Service|metrics-server|metrics-server,spec.ports[0].port
provides,hx-app-dev,hx-app-dev/metrics-server,service-endpoint,Service,metrics-server,metrics-server,rendered,rendered-object,hx-app-dev/metrics-server,object exists in the committed effective render,data/kubara-effective-renders/current-platform/hx-app-dev/metrics-server.yaml,v1|Service|metrics-server|metrics-server,spec.ports[0].name
provides,hx-app-dev,hx-app-dev/traefik,api-kind,AccessControlPolicy,,hub.traefik.io/AccessControlPolicy,rendered,rendered-crd,hx-app-dev/traefik,CRD in the effective render declares this API kind,data/kubara-effective-renders/current-platform/hx-app-dev/traefik.yaml,apiextensions.k8s.io/v1|CustomResourceDefinition||accesscontrolpolicies.hub.traefik.io,spec.names.kind
provides,hx-app-dev,hx-app-dev/traefik,api-kind,AIService,,hub.traefik.io/AIService,rendered,rendered-crd,hx-app-dev/traefik,CRD in the effective render declares this API kind,data/kubara-effective-renders/current-platform/hx-app-dev/traefik.yaml,apiextensions.k8s.io/v1|CustomResourceDefinition||aiservices.hub.traefik.io,spec.names.kind
provides,hx-app-dev,hx-app-dev/traefik,api-kind,API,,hub.traefik.io/API,rendered,rendered-crd,hx-app-dev/traefik,CRD in the effective render declares this API kind,data/kubara-effective-renders/current-platform/hx-app-dev/traefik.yaml,apiextensions.k8s.io/v1|CustomResourceDefinition||apis.hub.traefik.io,spec.names.kind
provides,hx-app-dev,hx-app-dev/traefik,api-kind,APIAuth,,hub.traefik.io/APIAuth,rendered,rendered-crd,hx-app-dev/traefik,CRD in the effective render declares this API kind,data/kubara-effective-renders/current-platform/hx-app-dev/traefik.yaml,apiextensions.k8s.io/v1|CustomResourceDefinition||apiauths.hub.traefik.io,spec.names.kind
provides,hx-app-dev,hx-app-dev/traefik,api-kind,APIBundle,,hub.traefik.io/APIBundle,rendered,rendered-crd,hx-app-dev/traefik,CRD in the effective render declares this API kind,data/kubara-effective-renders/current-platform/hx-app-dev/traefik.yaml,apiextensions.k8s.io/v1|CustomResourceDefinition||apibundles.hub.traefik.io,spec.names.kind
provides,hx-app-dev,hx-app-dev/traefik,api-kind,APICatalogItem,,hub.traefik.io/APICatalogItem,rendered,rendered-crd,hx-app-dev/traefik,CRD in the effective render declares this API kind,data/kubara-effective-renders/current-platform/hx-app-dev/traefik.yaml,apiextensions.k8s.io/v1|CustomResourceDefinition||apicatalogitems.hub.traefik.io,spec.names.kind
provides,hx-app-dev,hx-app-dev/traefik,api-kind,APIPlan,,hub.traefik.io/APIPlan,rendered,rendered-crd,hx-app-dev/traefik,CRD in the effective render declares this API kind,data/kubara-effective-renders/current-platform/hx-app-dev/traefik.yaml,apiextensions.k8s.io/v1|CustomResourceDefinition||apiplans.hub.traefik.io,spec.names.kind
provides,hx-app-dev,hx-app-dev/traefik,api-kind,APIPortal,,hub.traefik.io/APIPortal,rendered,rendered-crd,hx-app-dev/traefik,CRD in the effective render declares this API kind,data/kubara-effective-renders/current-platform/hx-app-dev/traefik.yaml,apiextensions.k8s.io/v1|CustomResourceDefinition||apiportals.hub.traefik.io,spec.names.kind
provides,hx-app-dev,hx-app-dev/traefik,api-kind,APIPortalAuth,,hub.traefik.io/APIPortalAuth,rendered,rendered-crd,hx-app-dev/traefik,CRD in the effective render declares this API kind,data/kubara-effective-renders/current-platform/hx-app-dev/traefik.yaml,apiextensions.k8s.io/v1|CustomResourceDefinition||apiportalauths.hub.traefik.io,spec.names.kind
provides,hx-app-dev,hx-app-dev/traefik,api-kind,APIRateLimit,,hub.traefik.io/APIRateLimit,rendered,rendered-crd,hx-app-dev/traefik,CRD in the effective render declares this API kind,data/kubara-effective-renders/current-platform/hx-app-dev/traefik.yaml,apiextensions.k8s.io/v1|CustomResourceDefinition||apiratelimits.hub.traefik.io,spec.names.kind
provides,hx-app-dev,hx-app-dev/traefik,api-kind,APIVersion,,hub.traefik.io/APIVersion,rendered,rendered-crd,hx-app-dev/traefik,CRD in the effective render declares this API kind,data/kubara-effective-renders/current-platform/hx-app-dev/traefik.yaml,apiextensions.k8s.io/v1|CustomResourceDefinition||apiversions.hub.traefik.io,spec.names.kind
provides,hx-app-dev,hx-app-dev/traefik,api-kind,ContentItem,,hub.traefik.io/ContentItem,rendered,rendered-crd,hx-app-dev/traefik,CRD in the effective render declares this API kind,data/kubara-effective-renders/current-platform/hx-app-dev/traefik.yaml,apiextensions.k8s.io/v1|CustomResourceDefinition||contentitems.hub.traefik.io,spec.names.kind
provides,hx-app-dev,hx-app-dev/traefik,api-kind,ManagedApplication,,hub.traefik.io/ManagedApplication,rendered,rendered-crd,hx-app-dev/traefik,CRD in the effective render declares this API kind,data/kubara-effective-renders/current-platform/hx-app-dev/traefik.yaml,apiextensions.k8s.io/v1|CustomResourceDefinition||managedapplications.hub.traefik.io,spec.names.kind
provides,hx-app-dev,hx-app-dev/traefik,api-kind,ManagedSubscription,,hub.traefik.io/ManagedSubscription,rendered,rendered-crd,hx-app-dev/traefik,CRD in the effective render declares this API kind,data/kubara-effective-renders/current-platform/hx-app-dev/traefik.yaml,apiextensions.k8s.io/v1|CustomResourceDefinition||managedsubscriptions.hub.traefik.io,spec.names.kind
provides,hx-app-dev,hx-app-dev/traefik,api-kind,Uplink,,hub.traefik.io/Uplink,rendered,rendered-crd,hx-app-dev/traefik,CRD in the effective render declares this API kind,data/kubara-effective-renders/current-platform/hx-app-dev/traefik.yaml,apiextensions.k8s.io/v1|CustomResourceDefinition||uplinks.hub.traefik.io,spec.names.kind
provides,hx-app-dev,hx-app-dev/traefik,api-kind,IngressRoute,,traefik.io/IngressRoute,rendered,rendered-crd,hx-app-dev/traefik,CRD in the effective render declares this API kind,data/kubara-effective-renders/current-platform/hx-app-dev/traefik.yaml,apiextensions.k8s.io/v1|CustomResourceDefinition||ingressroutes.traefik.io,spec.names.kind
provides,hx-app-dev,hx-app-dev/traefik,api-kind,IngressRouteTCP,,traefik.io/IngressRouteTCP,rendered,rendered-crd,hx-app-dev/traefik,CRD in the effective render declares this API kind,data/kubara-effective-renders/current-platform/hx-app-dev/traefik.yaml,apiextensions.k8s.io/v1|CustomResourceDefinition||ingressroutetcps.traefik.io,spec.names.kind
provides,hx-app-dev,hx-app-dev/traefik,api-kind,IngressRouteUDP,,traefik.io/IngressRouteUDP,rendered,rendered-crd,hx-app-dev/traefik,CRD in the effective render declares this API kind,data/kubara-effective-renders/current-platform/hx-app-dev/traefik.yaml,apiextensions.k8s.io/v1|CustomResourceDefinition||ingressrouteudps.traefik.io,spec.names.kind
provides,hx-app-dev,hx-app-dev/traefik,api-kind,Middleware,,traefik.io/Middleware,rendered,rendered-crd,hx-app-dev/traefik,CRD in the effective render declares this API kind,data/kubara-effective-renders/current-platform/hx-app-dev/traefik.yaml,apiextensions.k8s.io/v1|CustomResourceDefinition||middlewares.traefik.io,spec.names.kind
provides,hx-app-dev,hx-app-dev/traefik,api-kind,MiddlewareTCP,,traefik.io/MiddlewareTCP,rendered,rendered-crd,hx-app-dev/traefik,CRD in the effective render declares this API kind,data/kubara-effective-renders/current-platform/hx-app-dev/traefik.yaml,apiextensions.k8s.io/v1|CustomResourceDefinition||middlewaretcps.traefik.io,spec.names.kind
provides,hx-app-dev,hx-app-dev/traefik,api-kind,ServersTransport,,traefik.io/ServersTransport,rendered,rendered-crd,hx-app-dev/traefik,CRD in the effective render declares this API kind,data/kubara-effective-renders/current-platform/hx-app-dev/traefik.yaml,apiextensions.k8s.io/v1|CustomResourceDefinition||serverstransports.traefik.io,spec.names.kind
provides,hx-app-dev,hx-app-dev/traefik,api-kind,ServersTransportTCP,,traefik.io/ServersTransportTCP,rendered,rendered-crd,hx-app-dev/traefik,CRD in the effective render declares this API kind,data/kubara-effective-renders/current-platform/hx-app-dev/traefik.yaml,apiextensions.k8s.io/v1|CustomResourceDefinition||serverstransporttcps.traefik.io,spec.names.kind
provides,hx-app-dev,hx-app-dev/traefik,api-kind,TLSOption,,traefik.io/TLSOption,rendered,rendered-crd,hx-app-dev/traefik,CRD in the effective render declares this API kind,data/kubara-effective-renders/current-platform/hx-app-dev/traefik.yaml,apiextensions.k8s.io/v1|CustomResourceDefinition||tlsoptions.traefik.io,spec.names.kind
provides,hx-app-dev,hx-app-dev/traefik,api-kind,TLSStore,,traefik.io/TLSStore,rendered,rendered-crd,hx-app-dev/traefik,CRD in the effective render declares this API kind,data/kubara-effective-renders/current-platform/hx-app-dev/traefik.yaml,apiextensions.k8s.io/v1|CustomResourceDefinition||tlsstores.traefik.io,spec.names.kind
provides,hx-app-dev,hx-app-dev/traefik,api-kind,TraefikService,,traefik.io/TraefikService,rendered,rendered-crd,hx-app-dev/traefik,CRD in the effective render declares this API kind,data/kubara-effective-renders/current-platform/hx-app-dev/traefik.yaml,apiextensions.k8s.io/v1|CustomResourceDefinition||traefikservices.traefik.io,spec.names.kind
provides,hx-app-dev,hx-app-dev/traefik,object,ClusterRole,,traefik-traefik,rendered,rendered-object,hx-app-dev/traefik,object exists in the committed effective render,data/kubara-effective-renders/current-platform/hx-app-dev/traefik.yaml,rbac.authorization.k8s.io/v1|ClusterRole||traefik-traefik,metadata.name
provides,hx-app-dev,hx-app-dev/traefik,object,Deployment,traefik,traefik,rendered,rendered-object,hx-app-dev/traefik,object exists in the committed effective render,data/kubara-effective-renders/current-platform/hx-app-dev/traefik.yaml,apps/v1|Deployment|traefik|traefik,metadata.name
provides,hx-app-dev,hx-app-dev/traefik,object,IngressClass,,traefik,rendered,rendered-object,hx-app-dev/traefik,object exists in the committed effective render,data/kubara-effective-renders/current-platform/hx-app-dev/traefik.yaml,networking.k8s.io/v1|IngressClass||traefik,metadata.name
provides,hx-app-dev,hx-app-dev/traefik,object,Namespace,,traefik,rendered,rendered-object,hx-app-dev/traefik,object exists in the committed effective render,data/kubara-effective-renders/current-platform/hx-app-dev/traefik.yaml,v1|Namespace||traefik,metadata.name
provides,hx-app-dev,hx-app-dev/traefik,object,Service,traefik,traefik,rendered,rendered-object,hx-app-dev/traefik,object exists in the committed effective render,data/kubara-effective-renders/current-platform/hx-app-dev/traefik.yaml,v1|Service|traefik|traefik,metadata.name
provides,hx-app-dev,hx-app-dev/traefik,object,ServiceAccount,traefik,traefik,rendered,rendered-object,hx-app-dev/traefik,object exists in the committed effective render,data/kubara-effective-renders/current-platform/hx-app-dev/traefik.yaml,v1|ServiceAccount|traefik|traefik,metadata.name
provides,hx-app-dev,hx-app-dev/traefik,object,ServiceMonitor,traefik,traefik,rendered,rendered-object,hx-app-dev/traefik,object exists in the committed effective render,data/kubara-effective-renders/current-platform/hx-app-dev/traefik.yaml,monitoring.coreos.com/v1|ServiceMonitor|traefik|traefik,metadata.name
provides,hx-app-dev,hx-app-dev/traefik,label-selector,Namespace,_cluster,"{""matchLabels"":{""project-name"":""hx-app-dev"",""stage"":""dev""}}",rendered,rendered-selector-match,hx-app-dev/traefik,rendered object labels match the consuming selector,data/kubara-effective-renders/current-platform/hx-app-dev/traefik.yaml,v1|Namespace||traefik,metadata.labels
provides,hx-app-dev,hx-app-dev/traefik,label-selector,Service,traefik,"{""matchLabels"":{""app.kubernetes.io/instance"":""traefik-traefik"",""app.kubernetes.io/name"":""traefik""}}",rendered,rendered-selector-match,hx-app-dev/traefik,rendered object labels match the consuming selector,data/kubara-effective-renders/current-platform/hx-app-dev/traefik.yaml,v1|Service|traefik|traefik,metadata.labels
provides,hx-app-dev,hx-app-dev/traefik,service-endpoint,Service,traefik,traefik,rendered,rendered-object,hx-app-dev/traefik,object exists in the committed effective render,data/kubara-effective-renders/current-platform/hx-app-dev/traefik.yaml,v1|Service|traefik|traefik,spec.ports[1].port
provides,hx-app-dev,hx-app-dev/traefik,service-endpoint,Service,traefik,traefik,rendered,rendered-object,hx-app-dev/traefik,object exists in the committed effective render,data/kubara-effective-renders/current-platform/hx-app-dev/traefik.yaml,v1|Service|traefik|traefik,spec.ports[0].port
provides,hx-app-dev,hx-app-dev/traefik,service-endpoint,Service,traefik,traefik,rendered,rendered-object,hx-app-dev/traefik,object exists in the committed effective render,data/kubara-effective-renders/current-platform/hx-app-dev/traefik.yaml,v1|Service|traefik|traefik,spec.ports[0].name
provides,hx-app-dev,hx-app-dev/traefik,service-endpoint,Service,traefik,traefik,rendered,rendered-object,hx-app-dev/traefik,object exists in the committed effective render,data/kubara-effective-renders/current-platform/hx-app-dev/traefik.yaml,v1|Service|traefik|traefik,spec.ports[1].name
provides,hx-app-prod-a,hx-app-prod-a/cert-manager,api-kind,Challenge,,acme.cert-manager.io/Challenge,rendered,rendered-crd,hx-app-prod-a/cert-manager,CRD in the effective render declares this API kind,data/kubara-effective-renders/current-platform/hx-app-prod-a/cert-manager.yaml,apiextensions.k8s.io/v1|CustomResourceDefinition||challenges.acme.cert-manager.io,spec.names.kind
provides,hx-app-prod-a,hx-app-prod-a/cert-manager,api-kind,Order,,acme.cert-manager.io/Order,rendered,rendered-crd,hx-app-prod-a/cert-manager,CRD in the effective render declares this API kind,data/kubara-effective-renders/current-platform/hx-app-prod-a/cert-manager.yaml,apiextensions.k8s.io/v1|CustomResourceDefinition||orders.acme.cert-manager.io,spec.names.kind
provides,hx-app-prod-a,hx-app-prod-a/cert-manager,api-kind,Certificate,,cert-manager.io/Certificate,rendered,rendered-crd,hx-app-prod-a/cert-manager,CRD in the effective render declares this API kind,data/kubara-effective-renders/current-platform/hx-app-prod-a/cert-manager.yaml,apiextensions.k8s.io/v1|CustomResourceDefinition||certificates.cert-manager.io,spec.names.kind
provides,hx-app-prod-a,hx-app-prod-a/cert-manager,api-kind,CertificateRequest,,cert-manager.io/CertificateRequest,rendered,rendered-crd,hx-app-prod-a/cert-manager,CRD in the effective render declares this API kind,data/kubara-effective-renders/current-platform/hx-app-prod-a/cert-manager.yaml,apiextensions.k8s.io/v1|CustomResourceDefinition||certificaterequests.cert-manager.io,spec.names.kind
provides,hx-app-prod-a,hx-app-prod-a/cert-manager,api-kind,ClusterIssuer,,cert-manager.io/ClusterIssuer,rendered,rendered-crd,hx-app-prod-a/cert-manager,CRD in the effective render declares this API kind,data/kubara-effective-renders/current-platform/hx-app-prod-a/cert-manager.yaml,apiextensions.k8s.io/v1|CustomResourceDefinition||clusterissuers.cert-manager.io,spec.names.kind
provides,hx-app-prod-a,hx-app-prod-a/cert-manager,api-kind,Issuer,,cert-manager.io/Issuer,rendered,rendered-crd,hx-app-prod-a/cert-manager,CRD in the effective render declares this API kind,data/kubara-effective-renders/current-platform/hx-app-prod-a/cert-manager.yaml,apiextensions.k8s.io/v1|CustomResourceDefinition||issuers.cert-manager.io,spec.names.kind
provides,hx-app-prod-a,hx-app-prod-a/cert-manager,helm-hook,Job,cert-manager,cert-manager-startupapicheck,rendered,rendered-hook,hx-app-prod-a/cert-manager,rendered object carries a Helm hook annotation,data/kubara-effective-renders/current-platform/hx-app-prod-a/cert-manager.yaml,batch/v1|Job|cert-manager|cert-manager-startupapicheck,metadata.annotations.helm.sh/hook
provides,hx-app-prod-a,hx-app-prod-a/cert-manager,helm-hook,Role,cert-manager,cert-manager-startupapicheck:create-cert,rendered,rendered-hook,hx-app-prod-a/cert-manager,rendered object carries a Helm hook annotation,data/kubara-effective-renders/current-platform/hx-app-prod-a/cert-manager.yaml,rbac.authorization.k8s.io/v1|Role|cert-manager|cert-manager-startupapicheck:create-cert,metadata.annotations.helm.sh/hook
provides,hx-app-prod-a,hx-app-prod-a/cert-manager,helm-hook,RoleBinding,cert-manager,cert-manager-startupapicheck:create-cert,rendered,rendered-hook,hx-app-prod-a/cert-manager,rendered object carries a Helm hook annotation,data/kubara-effective-renders/current-platform/hx-app-prod-a/cert-manager.yaml,rbac.authorization.k8s.io/v1|RoleBinding|cert-manager|cert-manager-startupapicheck:create-cert,metadata.annotations.helm.sh/hook
provides,hx-app-prod-a,hx-app-prod-a/cert-manager,helm-hook,ServiceAccount,cert-manager,cert-manager-startupapicheck,rendered,rendered-hook,hx-app-prod-a/cert-manager,rendered object carries a Helm hook annotation,data/kubara-effective-renders/current-platform/hx-app-prod-a/cert-manager.yaml,v1|ServiceAccount|cert-manager|cert-manager-startupapicheck,metadata.annotations.helm.sh/hook
provides,hx-app-prod-a,hx-app-prod-a/cert-manager,object,ClusterIssuer,,selfsigned-root-issuer,rendered,rendered-object,hx-app-prod-a/cert-manager,object exists in the committed effective render,data/kubara-effective-renders/current-platform/hx-app-prod-a/cert-manager.yaml,cert-manager.io/v1|ClusterIssuer||selfsigned-root-issuer,metadata.name
provides,hx-app-prod-a,hx-app-prod-a/cert-manager,object,ClusterRole,,cert-manager-cainjector,rendered,rendered-object,hx-app-prod-a/cert-manager,object exists in the committed effective render,data/kubara-effective-renders/current-platform/hx-app-prod-a/cert-manager.yaml,rbac.authorization.k8s.io/v1|ClusterRole||cert-manager-cainjector,metadata.name
provides,hx-app-prod-a,hx-app-prod-a/cert-manager,object,ClusterRole,,cert-manager-cluster-view,rendered,rendered-object,hx-app-prod-a/cert-manager,object exists in the committed effective render,data/kubara-effective-renders/current-platform/hx-app-prod-a/cert-manager.yaml,rbac.authorization.k8s.io/v1|ClusterRole||cert-manager-cluster-view,metadata.name
provides,hx-app-prod-a,hx-app-prod-a/cert-manager,object,ClusterRole,,cert-manager-controller-approve:cert-manager-io,rendered,rendered-object,hx-app-prod-a/cert-manager,object exists in the committed effective render,data/kubara-effective-renders/current-platform/hx-app-prod-a/cert-manager.yaml,rbac.authorization.k8s.io/v1|ClusterRole||cert-manager-controller-approve:cert-manager-io,metadata.name
provides,hx-app-prod-a,hx-app-prod-a/cert-manager,object,ClusterRole,,cert-manager-controller-certificates,rendered,rendered-object,hx-app-prod-a/cert-manager,object exists in the committed effective render,data/kubara-effective-renders/current-platform/hx-app-prod-a/cert-manager.yaml,rbac.authorization.k8s.io/v1|ClusterRole||cert-manager-controller-certificates,metadata.name
provides,hx-app-prod-a,hx-app-prod-a/cert-manager,object,ClusterRole,,cert-manager-controller-certificatesigningrequests,rendered,rendered-object,hx-app-prod-a/cert-manager,object exists in the committed effective render,data/kubara-effective-renders/current-platform/hx-app-prod-a/cert-manager.yaml,rbac.authorization.k8s.io/v1|ClusterRole||cert-manager-controller-certificatesigningrequests,metadata.name
provides,hx-app-prod-a,hx-app-prod-a/cert-manager,object,ClusterRole,,cert-manager-controller-challenges,rendered,rendered-object,hx-app-prod-a/cert-manager,object exists in the committed effective render,data/kubara-effective-renders/current-platform/hx-app-prod-a/cert-manager.yaml,rbac.authorization.k8s.io/v1|ClusterRole||cert-manager-controller-challenges,metadata.name
provides,hx-app-prod-a,hx-app-prod-a/cert-manager,object,ClusterRole,,cert-manager-controller-clusterissuers,rendered,rendered-object,hx-app-prod-a/cert-manager,object exists in the committed effective render,data/kubara-effective-renders/current-platform/hx-app-prod-a/cert-manager.yaml,rbac.authorization.k8s.io/v1|ClusterRole||cert-manager-controller-clusterissuers,metadata.name
provides,hx-app-prod-a,hx-app-prod-a/cert-manager,object,ClusterRole,,cert-manager-controller-ingress-shim,rendered,rendered-object,hx-app-prod-a/cert-manager,object exists in the committed effective render,data/kubara-effective-renders/current-platform/hx-app-prod-a/cert-manager.yaml,rbac.authorization.k8s.io/v1|ClusterRole||cert-manager-controller-ingress-shim,metadata.name
provides,hx-app-prod-a,hx-app-prod-a/cert-manager,object,ClusterRole,,cert-manager-controller-issuers,rendered,rendered-object,hx-app-prod-a/cert-manager,object exists in the committed effective render,data/kubara-effective-renders/current-platform/hx-app-prod-a/cert-manager.yaml,rbac.authorization.k8s.io/v1|ClusterRole||cert-manager-controller-issuers,metadata.name
provides,hx-app-prod-a,hx-app-prod-a/cert-manager,object,ClusterRole,,cert-manager-controller-orders,rendered,rendered-object,hx-app-prod-a/cert-manager,object exists in the committed effective render,data/kubara-effective-renders/current-platform/hx-app-prod-a/cert-manager.yaml,rbac.authorization.k8s.io/v1|ClusterRole||cert-manager-controller-orders,metadata.name
provides,hx-app-prod-a,hx-app-prod-a/cert-manager,object,ClusterRole,,cert-manager-edit,rendered,rendered-object,hx-app-prod-a/cert-manager,object exists in the committed effective render,data/kubara-effective-renders/current-platform/hx-app-prod-a/cert-manager.yaml,rbac.authorization.k8s.io/v1|ClusterRole||cert-manager-edit,metadata.name
provides,hx-app-prod-a,hx-app-prod-a/cert-manager,object,ClusterRole,,cert-manager-view,rendered,rendered-object,hx-app-prod-a/cert-manager,object exists in the committed effective render,data/kubara-effective-renders/current-platform/hx-app-prod-a/cert-manager.yaml,rbac.authorization.k8s.io/v1|ClusterRole||cert-manager-view,metadata.name
provides,hx-app-prod-a,hx-app-prod-a/cert-manager,object,ClusterRole,,cert-manager-webhook:subjectaccessreviews,rendered,rendered-object,hx-app-prod-a/cert-manager,object exists in the committed effective render,data/kubara-effective-renders/current-platform/hx-app-prod-a/cert-manager.yaml,rbac.authorization.k8s.io/v1|ClusterRole||cert-manager-webhook:subjectaccessreviews,metadata.name
provides,hx-app-prod-a,hx-app-prod-a/cert-manager,object,Deployment,cert-manager,cert-manager,rendered,rendered-object,hx-app-prod-a/cert-manager,object exists in the committed effective render,data/kubara-effective-renders/current-platform/hx-app-prod-a/cert-manager.yaml,apps/v1|Deployment|cert-manager|cert-manager,metadata.name
provides,hx-app-prod-a,hx-app-prod-a/cert-manager,object,Deployment,cert-manager,cert-manager-cainjector,rendered,rendered-object,hx-app-prod-a/cert-manager,object exists in the committed effective render,data/kubara-effective-renders/current-platform/hx-app-prod-a/cert-manager.yaml,apps/v1|Deployment|cert-manager|cert-manager-cainjector,metadata.name
provides,hx-app-prod-a,hx-app-prod-a/cert-manager,object,Deployment,cert-manager,cert-manager-webhook,rendered,rendered-object,hx-app-prod-a/cert-manager,object exists in the committed effective render,data/kubara-effective-renders/current-platform/hx-app-prod-a/cert-manager.yaml,apps/v1|Deployment|cert-manager|cert-manager-webhook,metadata.name
provides,hx-app-prod-a,hx-app-prod-a/cert-manager,object,Namespace,,cert-manager,rendered,rendered-object,hx-app-prod-a/cert-manager,object exists in the committed effective render,data/kubara-effective-renders/current-platform/hx-app-prod-a/cert-manager.yaml,v1|Namespace||cert-manager,metadata.name
provides,hx-app-prod-a,hx-app-prod-a/cert-manager,object,Role,cert-manager,cert-manager-startupapicheck:create-cert,rendered,rendered-object,hx-app-prod-a/cert-manager,object exists in the committed effective render,data/kubara-effective-renders/current-platform/hx-app-prod-a/cert-manager.yaml,rbac.authorization.k8s.io/v1|Role|cert-manager|cert-manager-startupapicheck:create-cert,metadata.name
provides,hx-app-prod-a,hx-app-prod-a/cert-manager,object,Role,cert-manager,cert-manager-webhook:dynamic-serving,rendered,rendered-object,hx-app-prod-a/cert-manager,object exists in the committed effective render,data/kubara-effective-renders/current-platform/hx-app-prod-a/cert-manager.yaml,rbac.authorization.k8s.io/v1|Role|cert-manager|cert-manager-webhook:dynamic-serving,metadata.name
provides,hx-app-prod-a,hx-app-prod-a/cert-manager,object,Role,kube-system,cert-manager-cainjector:leaderelection,rendered,rendered-object,hx-app-prod-a/cert-manager,object exists in the committed effective render,data/kubara-effective-renders/current-platform/hx-app-prod-a/cert-manager.yaml,rbac.authorization.k8s.io/v1|Role|kube-system|cert-manager-cainjector:leaderelection,metadata.name
provides,hx-app-prod-a,hx-app-prod-a/cert-manager,object,Role,kube-system,cert-manager:leaderelection,rendered,rendered-object,hx-app-prod-a/cert-manager,object exists in the committed effective render,data/kubara-effective-renders/current-platform/hx-app-prod-a/cert-manager.yaml,rbac.authorization.k8s.io/v1|Role|kube-system|cert-manager:leaderelection,metadata.name
provides,hx-app-prod-a,hx-app-prod-a/cert-manager,object,Service,cert-manager,cert-manager,rendered,rendered-object,hx-app-prod-a/cert-manager,object exists in the committed effective render,data/kubara-effective-renders/current-platform/hx-app-prod-a/cert-manager.yaml,v1|Service|cert-manager|cert-manager,metadata.name
provides,hx-app-prod-a,hx-app-prod-a/cert-manager,object,Service,cert-manager,cert-manager-cainjector,rendered,rendered-object,hx-app-prod-a/cert-manager,object exists in the committed effective render,data/kubara-effective-renders/current-platform/hx-app-prod-a/cert-manager.yaml,v1|Service|cert-manager|cert-manager-cainjector,metadata.name
provides,hx-app-prod-a,hx-app-prod-a/cert-manager,object,Service,cert-manager,cert-manager-webhook,rendered,rendered-object,hx-app-prod-a/cert-manager,object exists in the committed effective render,data/kubara-effective-renders/current-platform/hx-app-prod-a/cert-manager.yaml,v1|Service|cert-manager|cert-manager-webhook,metadata.name
provides,hx-app-prod-a,hx-app-prod-a/cert-manager,object,ServiceAccount,cert-manager,cert-manager,rendered,rendered-object,hx-app-prod-a/cert-manager,object exists in the committed effective render,data/kubara-effective-renders/current-platform/hx-app-prod-a/cert-manager.yaml,v1|ServiceAccount|cert-manager|cert-manager,metadata.name
provides,hx-app-prod-a,hx-app-prod-a/cert-manager,object,ServiceAccount,cert-manager,cert-manager-cainjector,rendered,rendered-object,hx-app-prod-a/cert-manager,object exists in the committed effective render,data/kubara-effective-renders/current-platform/hx-app-prod-a/cert-manager.yaml,v1|ServiceAccount|cert-manager|cert-manager-cainjector,metadata.name
provides,hx-app-prod-a,hx-app-prod-a/cert-manager,object,ServiceAccount,cert-manager,cert-manager-startupapicheck,rendered,rendered-object,hx-app-prod-a/cert-manager,object exists in the committed effective render,data/kubara-effective-renders/current-platform/hx-app-prod-a/cert-manager.yaml,v1|ServiceAccount|cert-manager|cert-manager-startupapicheck,metadata.name
provides,hx-app-prod-a,hx-app-prod-a/cert-manager,object,ServiceAccount,cert-manager,cert-manager-webhook,rendered,rendered-object,hx-app-prod-a/cert-manager,object exists in the committed effective render,data/kubara-effective-renders/current-platform/hx-app-prod-a/cert-manager.yaml,v1|ServiceAccount|cert-manager|cert-manager-webhook,metadata.name
provides,hx-app-prod-a,hx-app-prod-a/cert-manager,service-endpoint,Service,cert-manager,cert-manager-cainjector,rendered,rendered-object,hx-app-prod-a/cert-manager,object exists in the committed effective render,data/kubara-effective-renders/current-platform/hx-app-prod-a/cert-manager.yaml,v1|Service|cert-manager|cert-manager-cainjector,spec.ports[0].port
provides,hx-app-prod-a,hx-app-prod-a/cert-manager,service-endpoint,Service,cert-manager,cert-manager-cainjector,rendered,rendered-object,hx-app-prod-a/cert-manager,object exists in the committed effective render,data/kubara-effective-renders/current-platform/hx-app-prod-a/cert-manager.yaml,v1|Service|cert-manager|cert-manager-cainjector,spec.ports[0].name
provides,hx-app-prod-a,hx-app-prod-a/cert-manager,service-endpoint,Service,cert-manager,cert-manager-webhook,rendered,rendered-object,hx-app-prod-a/cert-manager,object exists in the committed effective render,data/kubara-effective-renders/current-platform/hx-app-prod-a/cert-manager.yaml,v1|Service|cert-manager|cert-manager-webhook,spec.ports[0].port
provides,hx-app-prod-a,hx-app-prod-a/cert-manager,service-endpoint,Service,cert-manager,cert-manager-webhook,rendered,rendered-object,hx-app-prod-a/cert-manager,object exists in the committed effective render,data/kubara-effective-renders/current-platform/hx-app-prod-a/cert-manager.yaml,v1|Service|cert-manager|cert-manager-webhook,spec.ports[1].port
provides,hx-app-prod-a,hx-app-prod-a/cert-manager,service-endpoint,Service,cert-manager,cert-manager-webhook,rendered,rendered-object,hx-app-prod-a/cert-manager,object exists in the committed effective render,data/kubara-effective-renders/current-platform/hx-app-prod-a/cert-manager.yaml,v1|Service|cert-manager|cert-manager-webhook,spec.ports[0].name
provides,hx-app-prod-a,hx-app-prod-a/cert-manager,service-endpoint,Service,cert-manager,cert-manager-webhook,rendered,rendered-object,hx-app-prod-a/cert-manager,object exists in the committed effective render,data/kubara-effective-renders/current-platform/hx-app-prod-a/cert-manager.yaml,v1|Service|cert-manager|cert-manager-webhook,spec.ports[1].name
provides,hx-app-prod-a,hx-app-prod-a/cert-manager,service-endpoint,Service,cert-manager,cert-manager,rendered,rendered-object,hx-app-prod-a/cert-manager,object exists in the committed effective render,data/kubara-effective-renders/current-platform/hx-app-prod-a/cert-manager.yaml,v1|Service|cert-manager|cert-manager,spec.ports[0].port
provides,hx-app-prod-a,hx-app-prod-a/cert-manager,service-endpoint,Service,cert-manager,cert-manager,rendered,rendered-object,hx-app-prod-a/cert-manager,object exists in the committed effective render,data/kubara-effective-renders/current-platform/hx-app-prod-a/cert-manager.yaml,v1|Service|cert-manager|cert-manager,spec.ports[0].name
provides,hx-app-prod-a,hx-app-prod-a/traefik,api-kind,AccessControlPolicy,,hub.traefik.io/AccessControlPolicy,rendered,rendered-crd,hx-app-prod-a/traefik,CRD in the effective render declares this API kind,data/kubara-effective-renders/current-platform/hx-app-prod-a/traefik.yaml,apiextensions.k8s.io/v1|CustomResourceDefinition||accesscontrolpolicies.hub.traefik.io,spec.names.kind
provides,hx-app-prod-a,hx-app-prod-a/traefik,api-kind,AIService,,hub.traefik.io/AIService,rendered,rendered-crd,hx-app-prod-a/traefik,CRD in the effective render declares this API kind,data/kubara-effective-renders/current-platform/hx-app-prod-a/traefik.yaml,apiextensions.k8s.io/v1|CustomResourceDefinition||aiservices.hub.traefik.io,spec.names.kind
provides,hx-app-prod-a,hx-app-prod-a/traefik,api-kind,API,,hub.traefik.io/API,rendered,rendered-crd,hx-app-prod-a/traefik,CRD in the effective render declares this API kind,data/kubara-effective-renders/current-platform/hx-app-prod-a/traefik.yaml,apiextensions.k8s.io/v1|CustomResourceDefinition||apis.hub.traefik.io,spec.names.kind
provides,hx-app-prod-a,hx-app-prod-a/traefik,api-kind,APIAuth,,hub.traefik.io/APIAuth,rendered,rendered-crd,hx-app-prod-a/traefik,CRD in the effective render declares this API kind,data/kubara-effective-renders/current-platform/hx-app-prod-a/traefik.yaml,apiextensions.k8s.io/v1|CustomResourceDefinition||apiauths.hub.traefik.io,spec.names.kind
provides,hx-app-prod-a,hx-app-prod-a/traefik,api-kind,APIBundle,,hub.traefik.io/APIBundle,rendered,rendered-crd,hx-app-prod-a/traefik,CRD in the effective render declares this API kind,data/kubara-effective-renders/current-platform/hx-app-prod-a/traefik.yaml,apiextensions.k8s.io/v1|CustomResourceDefinition||apibundles.hub.traefik.io,spec.names.kind
provides,hx-app-prod-a,hx-app-prod-a/traefik,api-kind,APICatalogItem,,hub.traefik.io/APICatalogItem,rendered,rendered-crd,hx-app-prod-a/traefik,CRD in the effective render declares this API kind,data/kubara-effective-renders/current-platform/hx-app-prod-a/traefik.yaml,apiextensions.k8s.io/v1|CustomResourceDefinition||apicatalogitems.hub.traefik.io,spec.names.kind
provides,hx-app-prod-a,hx-app-prod-a/traefik,api-kind,APIPlan,,hub.traefik.io/APIPlan,rendered,rendered-crd,hx-app-prod-a/traefik,CRD in the effective render declares this API kind,data/kubara-effective-renders/current-platform/hx-app-prod-a/traefik.yaml,apiextensions.k8s.io/v1|CustomResourceDefinition||apiplans.hub.traefik.io,spec.names.kind
provides,hx-app-prod-a,hx-app-prod-a/traefik,api-kind,APIPortal,,hub.traefik.io/APIPortal,rendered,rendered-crd,hx-app-prod-a/traefik,CRD in the effective render declares this API kind,data/kubara-effective-renders/current-platform/hx-app-prod-a/traefik.yaml,apiextensions.k8s.io/v1|CustomResourceDefinition||apiportals.hub.traefik.io,spec.names.kind
provides,hx-app-prod-a,hx-app-prod-a/traefik,api-kind,APIPortalAuth,,hub.traefik.io/APIPortalAuth,rendered,rendered-crd,hx-app-prod-a/traefik,CRD in the effective render declares this API kind,data/kubara-effective-renders/current-platform/hx-app-prod-a/traefik.yaml,apiextensions.k8s.io/v1|CustomResourceDefinition||apiportalauths.hub.traefik.io,spec.names.kind
provides,hx-app-prod-a,hx-app-prod-a/traefik,api-kind,APIRateLimit,,hub.traefik.io/APIRateLimit,rendered,rendered-crd,hx-app-prod-a/traefik,CRD in the effective render declares this API kind,data/kubara-effective-renders/current-platform/hx-app-prod-a/traefik.yaml,apiextensions.k8s.io/v1|CustomResourceDefinition||apiratelimits.hub.traefik.io,spec.names.kind
provides,hx-app-prod-a,hx-app-prod-a/traefik,api-kind,APIVersion,,hub.traefik.io/APIVersion,rendered,rendered-crd,hx-app-prod-a/traefik,CRD in the effective render declares this API kind,data/kubara-effective-renders/current-platform/hx-app-prod-a/traefik.yaml,apiextensions.k8s.io/v1|CustomResourceDefinition||apiversions.hub.traefik.io,spec.names.kind
provides,hx-app-prod-a,hx-app-prod-a/traefik,api-kind,ContentItem,,hub.traefik.io/ContentItem,rendered,rendered-crd,hx-app-prod-a/traefik,CRD in the effective render declares this API kind,data/kubara-effective-renders/current-platform/hx-app-prod-a/traefik.yaml,apiextensions.k8s.io/v1|CustomResourceDefinition||contentitems.hub.traefik.io,spec.names.kind
provides,hx-app-prod-a,hx-app-prod-a/traefik,api-kind,ManagedApplication,,hub.traefik.io/ManagedApplication,rendered,rendered-crd,hx-app-prod-a/traefik,CRD in the effective render declares this API kind,data/kubara-effective-renders/current-platform/hx-app-prod-a/traefik.yaml,apiextensions.k8s.io/v1|CustomResourceDefinition||managedapplications.hub.traefik.io,spec.names.kind
provides,hx-app-prod-a,hx-app-prod-a/traefik,api-kind,ManagedSubscription,,hub.traefik.io/ManagedSubscription,rendered,rendered-crd,hx-app-prod-a/traefik,CRD in the effective render declares this API kind,data/kubara-effective-renders/current-platform/hx-app-prod-a/traefik.yaml,apiextensions.k8s.io/v1|CustomResourceDefinition||managedsubscriptions.hub.traefik.io,spec.names.kind
provides,hx-app-prod-a,hx-app-prod-a/traefik,api-kind,Uplink,,hub.traefik.io/Uplink,rendered,rendered-crd,hx-app-prod-a/traefik,CRD in the effective render declares this API kind,data/kubara-effective-renders/current-platform/hx-app-prod-a/traefik.yaml,apiextensions.k8s.io/v1|CustomResourceDefinition||uplinks.hub.traefik.io,spec.names.kind
provides,hx-app-prod-a,hx-app-prod-a/traefik,api-kind,IngressRoute,,traefik.io/IngressRoute,rendered,rendered-crd,hx-app-prod-a/traefik,CRD in the effective render declares this API kind,data/kubara-effective-renders/current-platform/hx-app-prod-a/traefik.yaml,apiextensions.k8s.io/v1|CustomResourceDefinition||ingressroutes.traefik.io,spec.names.kind
provides,hx-app-prod-a,hx-app-prod-a/traefik,api-kind,IngressRouteTCP,,traefik.io/IngressRouteTCP,rendered,rendered-crd,hx-app-prod-a/traefik,CRD in the effective render declares this API kind,data/kubara-effective-renders/current-platform/hx-app-prod-a/traefik.yaml,apiextensions.k8s.io/v1|CustomResourceDefinition||ingressroutetcps.traefik.io,spec.names.kind
provides,hx-app-prod-a,hx-app-prod-a/traefik,api-kind,IngressRouteUDP,,traefik.io/IngressRouteUDP,rendered,rendered-crd,hx-app-prod-a/traefik,CRD in the effective render declares this API kind,data/kubara-effective-renders/current-platform/hx-app-prod-a/traefik.yaml,apiextensions.k8s.io/v1|CustomResourceDefinition||ingressrouteudps.traefik.io,spec.names.kind
provides,hx-app-prod-a,hx-app-prod-a/traefik,api-kind,Middleware,,traefik.io/Middleware,rendered,rendered-crd,hx-app-prod-a/traefik,CRD in the effective render declares this API kind,data/kubara-effective-renders/current-platform/hx-app-prod-a/traefik.yaml,apiextensions.k8s.io/v1|CustomResourceDefinition||middlewares.traefik.io,spec.names.kind
provides,hx-app-prod-a,hx-app-prod-a/traefik,api-kind,MiddlewareTCP,,traefik.io/MiddlewareTCP,rendered,rendered-crd,hx-app-prod-a/traefik,CRD in the effective render declares this API kind,data/kubara-effective-renders/current-platform/hx-app-prod-a/traefik.yaml,apiextensions.k8s.io/v1|CustomResourceDefinition||middlewaretcps.traefik.io,spec.names.kind
provides,hx-app-prod-a,hx-app-prod-a/traefik,api-kind,ServersTransport,,traefik.io/ServersTransport,rendered,rendered-crd,hx-app-prod-a/traefik,CRD in the effective render declares this API kind,data/kubara-effective-renders/current-platform/hx-app-prod-a/traefik.yaml,apiextensions.k8s.io/v1|CustomResourceDefinition||serverstransports.traefik.io,spec.names.kind
provides,hx-app-prod-a,hx-app-prod-a/traefik,api-kind,ServersTransportTCP,,traefik.io/ServersTransportTCP,rendered,rendered-crd,hx-app-prod-a/traefik,CRD in the effective render declares this API kind,data/kubara-effective-renders/current-platform/hx-app-prod-a/traefik.yaml,apiextensions.k8s.io/v1|CustomResourceDefinition||serverstransporttcps.traefik.io,spec.names.kind
provides,hx-app-prod-a,hx-app-prod-a/traefik,api-kind,TLSOption,,traefik.io/TLSOption,rendered,rendered-crd,hx-app-prod-a/traefik,CRD in the effective render declares this API kind,data/kubara-effective-renders/current-platform/hx-app-prod-a/traefik.yaml,apiextensions.k8s.io/v1|CustomResourceDefinition||tlsoptions.traefik.io,spec.names.kind
provides,hx-app-prod-a,hx-app-prod-a/traefik,api-kind,TLSStore,,traefik.io/TLSStore,rendered,rendered-crd,hx-app-prod-a/traefik,CRD in the effective render declares this API kind,data/kubara-effective-renders/current-platform/hx-app-prod-a/traefik.yaml,apiextensions.k8s.io/v1|CustomResourceDefinition||tlsstores.traefik.io,spec.names.kind
provides,hx-app-prod-a,hx-app-prod-a/traefik,api-kind,TraefikService,,traefik.io/TraefikService,rendered,rendered-crd,hx-app-prod-a/traefik,CRD in the effective render declares this API kind,data/kubara-effective-renders/current-platform/hx-app-prod-a/traefik.yaml,apiextensions.k8s.io/v1|CustomResourceDefinition||traefikservices.traefik.io,spec.names.kind
provides,hx-app-prod-a,hx-app-prod-a/traefik,object,ClusterRole,,traefik-traefik,rendered,rendered-object,hx-app-prod-a/traefik,object exists in the committed effective render,data/kubara-effective-renders/current-platform/hx-app-prod-a/traefik.yaml,rbac.authorization.k8s.io/v1|ClusterRole||traefik-traefik,metadata.name
provides,hx-app-prod-a,hx-app-prod-a/traefik,object,Deployment,traefik,traefik,rendered,rendered-object,hx-app-prod-a/traefik,object exists in the committed effective render,data/kubara-effective-renders/current-platform/hx-app-prod-a/traefik.yaml,apps/v1|Deployment|traefik|traefik,metadata.name
provides,hx-app-prod-a,hx-app-prod-a/traefik,object,IngressClass,,traefik,rendered,rendered-object,hx-app-prod-a/traefik,object exists in the committed effective render,data/kubara-effective-renders/current-platform/hx-app-prod-a/traefik.yaml,networking.k8s.io/v1|IngressClass||traefik,metadata.name
provides,hx-app-prod-a,hx-app-prod-a/traefik,object,Namespace,,traefik,rendered,rendered-object,hx-app-prod-a/traefik,object exists in the committed effective render,data/kubara-effective-renders/current-platform/hx-app-prod-a/traefik.yaml,v1|Namespace||traefik,metadata.name
provides,hx-app-prod-a,hx-app-prod-a/traefik,object,Service,traefik,traefik,rendered,rendered-object,hx-app-prod-a/traefik,object exists in the committed effective render,data/kubara-effective-renders/current-platform/hx-app-prod-a/traefik.yaml,v1|Service|traefik|traefik,metadata.name
provides,hx-app-prod-a,hx-app-prod-a/traefik,object,ServiceAccount,traefik,traefik,rendered,rendered-object,hx-app-prod-a/traefik,object exists in the committed effective render,data/kubara-effective-renders/current-platform/hx-app-prod-a/traefik.yaml,v1|ServiceAccount|traefik|traefik,metadata.name
provides,hx-app-prod-a,hx-app-prod-a/traefik,service-endpoint,Service,traefik,traefik,rendered,rendered-object,hx-app-prod-a/traefik,object exists in the committed effective render,data/kubara-effective-renders/current-platform/hx-app-prod-a/traefik.yaml,v1|Service|traefik|traefik,spec.ports[1].port
provides,hx-app-prod-a,hx-app-prod-a/traefik,service-endpoint,Service,traefik,traefik,rendered,rendered-object,hx-app-prod-a/traefik,object exists in the committed effective render,data/kubara-effective-renders/current-platform/hx-app-prod-a/traefik.yaml,v1|Service|traefik|traefik,spec.ports[0].port
provides,hx-app-prod-a,hx-app-prod-a/traefik,service-endpoint,Service,traefik,traefik,rendered,rendered-object,hx-app-prod-a/traefik,object exists in the committed effective render,data/kubara-effective-renders/current-platform/hx-app-prod-a/traefik.yaml,v1|Service|traefik|traefik,spec.ports[0].name
provides,hx-app-prod-a,hx-app-prod-a/traefik,service-endpoint,Service,traefik,traefik,rendered,rendered-object,hx-app-prod-a/traefik,object exists in the committed effective render,data/kubara-effective-renders/current-platform/hx-app-prod-a/traefik.yaml,v1|Service|traefik|traefik,spec.ports[1].name
provides,hx-app-prod-b,hx-app-prod-b/cert-manager,api-kind,Challenge,,acme.cert-manager.io/Challenge,rendered,rendered-crd,hx-app-prod-b/cert-manager,CRD in the effective render declares this API kind,data/kubara-effective-renders/current-platform/hx-app-prod-b/cert-manager.yaml,apiextensions.k8s.io/v1|CustomResourceDefinition||challenges.acme.cert-manager.io,spec.names.kind
provides,hx-app-prod-b,hx-app-prod-b/cert-manager,api-kind,Order,,acme.cert-manager.io/Order,rendered,rendered-crd,hx-app-prod-b/cert-manager,CRD in the effective render declares this API kind,data/kubara-effective-renders/current-platform/hx-app-prod-b/cert-manager.yaml,apiextensions.k8s.io/v1|CustomResourceDefinition||orders.acme.cert-manager.io,spec.names.kind
provides,hx-app-prod-b,hx-app-prod-b/cert-manager,api-kind,Certificate,,cert-manager.io/Certificate,rendered,rendered-crd,hx-app-prod-b/cert-manager,CRD in the effective render declares this API kind,data/kubara-effective-renders/current-platform/hx-app-prod-b/cert-manager.yaml,apiextensions.k8s.io/v1|CustomResourceDefinition||certificates.cert-manager.io,spec.names.kind
provides,hx-app-prod-b,hx-app-prod-b/cert-manager,api-kind,CertificateRequest,,cert-manager.io/CertificateRequest,rendered,rendered-crd,hx-app-prod-b/cert-manager,CRD in the effective render declares this API kind,data/kubara-effective-renders/current-platform/hx-app-prod-b/cert-manager.yaml,apiextensions.k8s.io/v1|CustomResourceDefinition||certificaterequests.cert-manager.io,spec.names.kind
provides,hx-app-prod-b,hx-app-prod-b/cert-manager,api-kind,ClusterIssuer,,cert-manager.io/ClusterIssuer,rendered,rendered-crd,hx-app-prod-b/cert-manager,CRD in the effective render declares this API kind,data/kubara-effective-renders/current-platform/hx-app-prod-b/cert-manager.yaml,apiextensions.k8s.io/v1|CustomResourceDefinition||clusterissuers.cert-manager.io,spec.names.kind
provides,hx-app-prod-b,hx-app-prod-b/cert-manager,api-kind,Issuer,,cert-manager.io/Issuer,rendered,rendered-crd,hx-app-prod-b/cert-manager,CRD in the effective render declares this API kind,data/kubara-effective-renders/current-platform/hx-app-prod-b/cert-manager.yaml,apiextensions.k8s.io/v1|CustomResourceDefinition||issuers.cert-manager.io,spec.names.kind
provides,hx-app-prod-b,hx-app-prod-b/cert-manager,helm-hook,Job,cert-manager,cert-manager-startupapicheck,rendered,rendered-hook,hx-app-prod-b/cert-manager,rendered object carries a Helm hook annotation,data/kubara-effective-renders/current-platform/hx-app-prod-b/cert-manager.yaml,batch/v1|Job|cert-manager|cert-manager-startupapicheck,metadata.annotations.helm.sh/hook
provides,hx-app-prod-b,hx-app-prod-b/cert-manager,helm-hook,Role,cert-manager,cert-manager-startupapicheck:create-cert,rendered,rendered-hook,hx-app-prod-b/cert-manager,rendered object carries a Helm hook annotation,data/kubara-effective-renders/current-platform/hx-app-prod-b/cert-manager.yaml,rbac.authorization.k8s.io/v1|Role|cert-manager|cert-manager-startupapicheck:create-cert,metadata.annotations.helm.sh/hook
provides,hx-app-prod-b,hx-app-prod-b/cert-manager,helm-hook,RoleBinding,cert-manager,cert-manager-startupapicheck:create-cert,rendered,rendered-hook,hx-app-prod-b/cert-manager,rendered object carries a Helm hook annotation,data/kubara-effective-renders/current-platform/hx-app-prod-b/cert-manager.yaml,rbac.authorization.k8s.io/v1|RoleBinding|cert-manager|cert-manager-startupapicheck:create-cert,metadata.annotations.helm.sh/hook
provides,hx-app-prod-b,hx-app-prod-b/cert-manager,helm-hook,ServiceAccount,cert-manager,cert-manager-startupapicheck,rendered,rendered-hook,hx-app-prod-b/cert-manager,rendered object carries a Helm hook annotation,data/kubara-effective-renders/current-platform/hx-app-prod-b/cert-manager.yaml,v1|ServiceAccount|cert-manager|cert-manager-startupapicheck,metadata.annotations.helm.sh/hook
provides,hx-app-prod-b,hx-app-prod-b/cert-manager,object,ClusterIssuer,,selfsigned-root-issuer,rendered,rendered-object,hx-app-prod-b/cert-manager,object exists in the committed effective render,data/kubara-effective-renders/current-platform/hx-app-prod-b/cert-manager.yaml,cert-manager.io/v1|ClusterIssuer||selfsigned-root-issuer,metadata.name
provides,hx-app-prod-b,hx-app-prod-b/cert-manager,object,ClusterRole,,cert-manager-cainjector,rendered,rendered-object,hx-app-prod-b/cert-manager,object exists in the committed effective render,data/kubara-effective-renders/current-platform/hx-app-prod-b/cert-manager.yaml,rbac.authorization.k8s.io/v1|ClusterRole||cert-manager-cainjector,metadata.name
provides,hx-app-prod-b,hx-app-prod-b/cert-manager,object,ClusterRole,,cert-manager-cluster-view,rendered,rendered-object,hx-app-prod-b/cert-manager,object exists in the committed effective render,data/kubara-effective-renders/current-platform/hx-app-prod-b/cert-manager.yaml,rbac.authorization.k8s.io/v1|ClusterRole||cert-manager-cluster-view,metadata.name
provides,hx-app-prod-b,hx-app-prod-b/cert-manager,object,ClusterRole,,cert-manager-controller-approve:cert-manager-io,rendered,rendered-object,hx-app-prod-b/cert-manager,object exists in the committed effective render,data/kubara-effective-renders/current-platform/hx-app-prod-b/cert-manager.yaml,rbac.authorization.k8s.io/v1|ClusterRole||cert-manager-controller-approve:cert-manager-io,metadata.name
provides,hx-app-prod-b,hx-app-prod-b/cert-manager,object,ClusterRole,,cert-manager-controller-certificates,rendered,rendered-object,hx-app-prod-b/cert-manager,object exists in the committed effective render,data/kubara-effective-renders/current-platform/hx-app-prod-b/cert-manager.yaml,rbac.authorization.k8s.io/v1|ClusterRole||cert-manager-controller-certificates,metadata.name
provides,hx-app-prod-b,hx-app-prod-b/cert-manager,object,ClusterRole,,cert-manager-controller-certificatesigningrequests,rendered,rendered-object,hx-app-prod-b/cert-manager,object exists in the committed effective render,data/kubara-effective-renders/current-platform/hx-app-prod-b/cert-manager.yaml,rbac.authorization.k8s.io/v1|ClusterRole||cert-manager-controller-certificatesigningrequests,metadata.name
provides,hx-app-prod-b,hx-app-prod-b/cert-manager,object,ClusterRole,,cert-manager-controller-challenges,rendered,rendered-object,hx-app-prod-b/cert-manager,object exists in the committed effective render,data/kubara-effective-renders/current-platform/hx-app-prod-b/cert-manager.yaml,rbac.authorization.k8s.io/v1|ClusterRole||cert-manager-controller-challenges,metadata.name
provides,hx-app-prod-b,hx-app-prod-b/cert-manager,object,ClusterRole,,cert-manager-controller-clusterissuers,rendered,rendered-object,hx-app-prod-b/cert-manager,object exists in the committed effective render,data/kubara-effective-renders/current-platform/hx-app-prod-b/cert-manager.yaml,rbac.authorization.k8s.io/v1|ClusterRole||cert-manager-controller-clusterissuers,metadata.name
provides,hx-app-prod-b,hx-app-prod-b/cert-manager,object,ClusterRole,,cert-manager-controller-ingress-shim,rendered,rendered-object,hx-app-prod-b/cert-manager,object exists in the committed effective render,data/kubara-effective-renders/current-platform/hx-app-prod-b/cert-manager.yaml,rbac.authorization.k8s.io/v1|ClusterRole||cert-manager-controller-ingress-shim,metadata.name
provides,hx-app-prod-b,hx-app-prod-b/cert-manager,object,ClusterRole,,cert-manager-controller-issuers,rendered,rendered-object,hx-app-prod-b/cert-manager,object exists in the committed effective render,data/kubara-effective-renders/current-platform/hx-app-prod-b/cert-manager.yaml,rbac.authorization.k8s.io/v1|ClusterRole||cert-manager-controller-issuers,metadata.name
provides,hx-app-prod-b,hx-app-prod-b/cert-manager,object,ClusterRole,,cert-manager-controller-orders,rendered,rendered-object,hx-app-prod-b/cert-manager,object exists in the committed effective render,data/kubara-effective-renders/current-platform/hx-app-prod-b/cert-manager.yaml,rbac.authorization.k8s.io/v1|ClusterRole||cert-manager-controller-orders,metadata.name
provides,hx-app-prod-b,hx-app-prod-b/cert-manager,object,ClusterRole,,cert-manager-edit,rendered,rendered-object,hx-app-prod-b/cert-manager,object exists in the committed effective render,data/kubara-effective-renders/current-platform/hx-app-prod-b/cert-manager.yaml,rbac.authorization.k8s.io/v1|ClusterRole||cert-manager-edit,metadata.name
provides,hx-app-prod-b,hx-app-prod-b/cert-manager,object,ClusterRole,,cert-manager-view,rendered,rendered-object,hx-app-prod-b/cert-manager,object exists in the committed effective render,data/kubara-effective-renders/current-platform/hx-app-prod-b/cert-manager.yaml,rbac.authorization.k8s.io/v1|ClusterRole||cert-manager-view,metadata.name
provides,hx-app-prod-b,hx-app-prod-b/cert-manager,object,ClusterRole,,cert-manager-webhook:subjectaccessreviews,rendered,rendered-object,hx-app-prod-b/cert-manager,object exists in the committed effective render,data/kubara-effective-renders/current-platform/hx-app-prod-b/cert-manager.yaml,rbac.authorization.k8s.io/v1|ClusterRole||cert-manager-webhook:subjectaccessreviews,metadata.name
provides,hx-app-prod-b,hx-app-prod-b/cert-manager,object,Deployment,cert-manager,cert-manager,rendered,rendered-object,hx-app-prod-b/cert-manager,object exists in the committed effective render,data/kubara-effective-renders/current-platform/hx-app-prod-b/cert-manager.yaml,apps/v1|Deployment|cert-manager|cert-manager,metadata.name
provides,hx-app-prod-b,hx-app-prod-b/cert-manager,object,Deployment,cert-manager,cert-manager-cainjector,rendered,rendered-object,hx-app-prod-b/cert-manager,object exists in the committed effective render,data/kubara-effective-renders/current-platform/hx-app-prod-b/cert-manager.yaml,apps/v1|Deployment|cert-manager|cert-manager-cainjector,metadata.name
provides,hx-app-prod-b,hx-app-prod-b/cert-manager,object,Deployment,cert-manager,cert-manager-webhook,rendered,rendered-object,hx-app-prod-b/cert-manager,object exists in the committed effective render,data/kubara-effective-renders/current-platform/hx-app-prod-b/cert-manager.yaml,apps/v1|Deployment|cert-manager|cert-manager-webhook,metadata.name
provides,hx-app-prod-b,hx-app-prod-b/cert-manager,object,Namespace,,cert-manager,rendered,rendered-object,hx-app-prod-b/cert-manager,object exists in the committed effective render,data/kubara-effective-renders/current-platform/hx-app-prod-b/cert-manager.yaml,v1|Namespace||cert-manager,metadata.name
provides,hx-app-prod-b,hx-app-prod-b/cert-manager,object,Role,cert-manager,cert-manager-startupapicheck:create-cert,rendered,rendered-object,hx-app-prod-b/cert-manager,object exists in the committed effective render,data/kubara-effective-renders/current-platform/hx-app-prod-b/cert-manager.yaml,rbac.authorization.k8s.io/v1|Role|cert-manager|cert-manager-startupapicheck:create-cert,metadata.name
provides,hx-app-prod-b,hx-app-prod-b/cert-manager,object,Role,cert-manager,cert-manager-webhook:dynamic-serving,rendered,rendered-object,hx-app-prod-b/cert-manager,object exists in the committed effective render,data/kubara-effective-renders/current-platform/hx-app-prod-b/cert-manager.yaml,rbac.authorization.k8s.io/v1|Role|cert-manager|cert-manager-webhook:dynamic-serving,metadata.name
provides,hx-app-prod-b,hx-app-prod-b/cert-manager,object,Role,kube-system,cert-manager-cainjector:leaderelection,rendered,rendered-object,hx-app-prod-b/cert-manager,object exists in the committed effective render,data/kubara-effective-renders/current-platform/hx-app-prod-b/cert-manager.yaml,rbac.authorization.k8s.io/v1|Role|kube-system|cert-manager-cainjector:leaderelection,metadata.name
provides,hx-app-prod-b,hx-app-prod-b/cert-manager,object,Role,kube-system,cert-manager:leaderelection,rendered,rendered-object,hx-app-prod-b/cert-manager,object exists in the committed effective render,data/kubara-effective-renders/current-platform/hx-app-prod-b/cert-manager.yaml,rbac.authorization.k8s.io/v1|Role|kube-system|cert-manager:leaderelection,metadata.name
provides,hx-app-prod-b,hx-app-prod-b/cert-manager,object,Service,cert-manager,cert-manager,rendered,rendered-object,hx-app-prod-b/cert-manager,object exists in the committed effective render,data/kubara-effective-renders/current-platform/hx-app-prod-b/cert-manager.yaml,v1|Service|cert-manager|cert-manager,metadata.name
provides,hx-app-prod-b,hx-app-prod-b/cert-manager,object,Service,cert-manager,cert-manager-cainjector,rendered,rendered-object,hx-app-prod-b/cert-manager,object exists in the committed effective render,data/kubara-effective-renders/current-platform/hx-app-prod-b/cert-manager.yaml,v1|Service|cert-manager|cert-manager-cainjector,metadata.name
provides,hx-app-prod-b,hx-app-prod-b/cert-manager,object,Service,cert-manager,cert-manager-webhook,rendered,rendered-object,hx-app-prod-b/cert-manager,object exists in the committed effective render,data/kubara-effective-renders/current-platform/hx-app-prod-b/cert-manager.yaml,v1|Service|cert-manager|cert-manager-webhook,metadata.name
provides,hx-app-prod-b,hx-app-prod-b/cert-manager,object,ServiceAccount,cert-manager,cert-manager,rendered,rendered-object,hx-app-prod-b/cert-manager,object exists in the committed effective render,data/kubara-effective-renders/current-platform/hx-app-prod-b/cert-manager.yaml,v1|ServiceAccount|cert-manager|cert-manager,metadata.name
provides,hx-app-prod-b,hx-app-prod-b/cert-manager,object,ServiceAccount,cert-manager,cert-manager-cainjector,rendered,rendered-object,hx-app-prod-b/cert-manager,object exists in the committed effective render,data/kubara-effective-renders/current-platform/hx-app-prod-b/cert-manager.yaml,v1|ServiceAccount|cert-manager|cert-manager-cainjector,metadata.name
provides,hx-app-prod-b,hx-app-prod-b/cert-manager,object,ServiceAccount,cert-manager,cert-manager-startupapicheck,rendered,rendered-object,hx-app-prod-b/cert-manager,object exists in the committed effective render,data/kubara-effective-renders/current-platform/hx-app-prod-b/cert-manager.yaml,v1|ServiceAccount|cert-manager|cert-manager-startupapicheck,metadata.name
provides,hx-app-prod-b,hx-app-prod-b/cert-manager,object,ServiceAccount,cert-manager,cert-manager-webhook,rendered,rendered-object,hx-app-prod-b/cert-manager,object exists in the committed effective render,data/kubara-effective-renders/current-platform/hx-app-prod-b/cert-manager.yaml,v1|ServiceAccount|cert-manager|cert-manager-webhook,metadata.name
provides,hx-app-prod-b,hx-app-prod-b/cert-manager,service-endpoint,Service,cert-manager,cert-manager-cainjector,rendered,rendered-object,hx-app-prod-b/cert-manager,object exists in the committed effective render,data/kubara-effective-renders/current-platform/hx-app-prod-b/cert-manager.yaml,v1|Service|cert-manager|cert-manager-cainjector,spec.ports[0].port
provides,hx-app-prod-b,hx-app-prod-b/cert-manager,service-endpoint,Service,cert-manager,cert-manager-cainjector,rendered,rendered-object,hx-app-prod-b/cert-manager,object exists in the committed effective render,data/kubara-effective-renders/current-platform/hx-app-prod-b/cert-manager.yaml,v1|Service|cert-manager|cert-manager-cainjector,spec.ports[0].name
provides,hx-app-prod-b,hx-app-prod-b/cert-manager,service-endpoint,Service,cert-manager,cert-manager-webhook,rendered,rendered-object,hx-app-prod-b/cert-manager,object exists in the committed effective render,data/kubara-effective-renders/current-platform/hx-app-prod-b/cert-manager.yaml,v1|Service|cert-manager|cert-manager-webhook,spec.ports[0].port
provides,hx-app-prod-b,hx-app-prod-b/cert-manager,service-endpoint,Service,cert-manager,cert-manager-webhook,rendered,rendered-object,hx-app-prod-b/cert-manager,object exists in the committed effective render,data/kubara-effective-renders/current-platform/hx-app-prod-b/cert-manager.yaml,v1|Service|cert-manager|cert-manager-webhook,spec.ports[1].port
provides,hx-app-prod-b,hx-app-prod-b/cert-manager,service-endpoint,Service,cert-manager,cert-manager-webhook,rendered,rendered-object,hx-app-prod-b/cert-manager,object exists in the committed effective render,data/kubara-effective-renders/current-platform/hx-app-prod-b/cert-manager.yaml,v1|Service|cert-manager|cert-manager-webhook,spec.ports[0].name
provides,hx-app-prod-b,hx-app-prod-b/cert-manager,service-endpoint,Service,cert-manager,cert-manager-webhook,rendered,rendered-object,hx-app-prod-b/cert-manager,object exists in the committed effective render,data/kubara-effective-renders/current-platform/hx-app-prod-b/cert-manager.yaml,v1|Service|cert-manager|cert-manager-webhook,spec.ports[1].name
provides,hx-app-prod-b,hx-app-prod-b/cert-manager,service-endpoint,Service,cert-manager,cert-manager,rendered,rendered-object,hx-app-prod-b/cert-manager,object exists in the committed effective render,data/kubara-effective-renders/current-platform/hx-app-prod-b/cert-manager.yaml,v1|Service|cert-manager|cert-manager,spec.ports[0].port
provides,hx-app-prod-b,hx-app-prod-b/cert-manager,service-endpoint,Service,cert-manager,cert-manager,rendered,rendered-object,hx-app-prod-b/cert-manager,object exists in the committed effective render,data/kubara-effective-renders/current-platform/hx-app-prod-b/cert-manager.yaml,v1|Service|cert-manager|cert-manager,spec.ports[0].name
provides,hx-app-prod-b,hx-app-prod-b/traefik,api-kind,AccessControlPolicy,,hub.traefik.io/AccessControlPolicy,rendered,rendered-crd,hx-app-prod-b/traefik,CRD in the effective render declares this API kind,data/kubara-effective-renders/current-platform/hx-app-prod-b/traefik.yaml,apiextensions.k8s.io/v1|CustomResourceDefinition||accesscontrolpolicies.hub.traefik.io,spec.names.kind
provides,hx-app-prod-b,hx-app-prod-b/traefik,api-kind,AIService,,hub.traefik.io/AIService,rendered,rendered-crd,hx-app-prod-b/traefik,CRD in the effective render declares this API kind,data/kubara-effective-renders/current-platform/hx-app-prod-b/traefik.yaml,apiextensions.k8s.io/v1|CustomResourceDefinition||aiservices.hub.traefik.io,spec.names.kind
provides,hx-app-prod-b,hx-app-prod-b/traefik,api-kind,API,,hub.traefik.io/API,rendered,rendered-crd,hx-app-prod-b/traefik,CRD in the effective render declares this API kind,data/kubara-effective-renders/current-platform/hx-app-prod-b/traefik.yaml,apiextensions.k8s.io/v1|CustomResourceDefinition||apis.hub.traefik.io,spec.names.kind
provides,hx-app-prod-b,hx-app-prod-b/traefik,api-kind,APIAuth,,hub.traefik.io/APIAuth,rendered,rendered-crd,hx-app-prod-b/traefik,CRD in the effective render declares this API kind,data/kubara-effective-renders/current-platform/hx-app-prod-b/traefik.yaml,apiextensions.k8s.io/v1|CustomResourceDefinition||apiauths.hub.traefik.io,spec.names.kind
provides,hx-app-prod-b,hx-app-prod-b/traefik,api-kind,APIBundle,,hub.traefik.io/APIBundle,rendered,rendered-crd,hx-app-prod-b/traefik,CRD in the effective render declares this API kind,data/kubara-effective-renders/current-platform/hx-app-prod-b/traefik.yaml,apiextensions.k8s.io/v1|CustomResourceDefinition||apibundles.hub.traefik.io,spec.names.kind
provides,hx-app-prod-b,hx-app-prod-b/traefik,api-kind,APICatalogItem,,hub.traefik.io/APICatalogItem,rendered,rendered-crd,hx-app-prod-b/traefik,CRD in the effective render declares this API kind,data/kubara-effective-renders/current-platform/hx-app-prod-b/traefik.yaml,apiextensions.k8s.io/v1|CustomResourceDefinition||apicatalogitems.hub.traefik.io,spec.names.kind
provides,hx-app-prod-b,hx-app-prod-b/traefik,api-kind,APIPlan,,hub.traefik.io/APIPlan,rendered,rendered-crd,hx-app-prod-b/traefik,CRD in the effective render declares this API kind,data/kubara-effective-renders/current-platform/hx-app-prod-b/traefik.yaml,apiextensions.k8s.io/v1|CustomResourceDefinition||apiplans.hub.traefik.io,spec.names.kind
provides,hx-app-prod-b,hx-app-prod-b/traefik,api-kind,APIPortal,,hub.traefik.io/APIPortal,rendered,rendered-crd,hx-app-prod-b/traefik,CRD in the effective render declares this API kind,data/kubara-effective-renders/current-platform/hx-app-prod-b/traefik.yaml,apiextensions.k8s.io/v1|CustomResourceDefinition||apiportals.hub.traefik.io,spec.names.kind
provides,hx-app-prod-b,hx-app-prod-b/traefik,api-kind,APIPortalAuth,,hub.traefik.io/APIPortalAuth,rendered,rendered-crd,hx-app-prod-b/traefik,CRD in the effective render declares this API kind,data/kubara-effective-renders/current-platform/hx-app-prod-b/traefik.yaml,apiextensions.k8s.io/v1|CustomResourceDefinition||apiportalauths.hub.traefik.io,spec.names.kind
provides,hx-app-prod-b,hx-app-prod-b/traefik,api-kind,APIRateLimit,,hub.traefik.io/APIRateLimit,rendered,rendered-crd,hx-app-prod-b/traefik,CRD in the effective render declares this API kind,data/kubara-effective-renders/current-platform/hx-app-prod-b/traefik.yaml,apiextensions.k8s.io/v1|CustomResourceDefinition||apiratelimits.hub.traefik.io,spec.names.kind
provides,hx-app-prod-b,hx-app-prod-b/traefik,api-kind,APIVersion,,hub.traefik.io/APIVersion,rendered,rendered-crd,hx-app-prod-b/traefik,CRD in the effective render declares this API kind,data/kubara-effective-renders/current-platform/hx-app-prod-b/traefik.yaml,apiextensions.k8s.io/v1|CustomResourceDefinition||apiversions.hub.traefik.io,spec.names.kind
provides,hx-app-prod-b,hx-app-prod-b/traefik,api-kind,ContentItem,,hub.traefik.io/ContentItem,rendered,rendered-crd,hx-app-prod-b/traefik,CRD in the effective render declares this API kind,data/kubara-effective-renders/current-platform/hx-app-prod-b/traefik.yaml,apiextensions.k8s.io/v1|CustomResourceDefinition||contentitems.hub.traefik.io,spec.names.kind
provides,hx-app-prod-b,hx-app-prod-b/traefik,api-kind,ManagedApplication,,hub.traefik.io/ManagedApplication,rendered,rendered-crd,hx-app-prod-b/traefik,CRD in the effective render declares this API kind,data/kubara-effective-renders/current-platform/hx-app-prod-b/traefik.yaml,apiextensions.k8s.io/v1|CustomResourceDefinition||managedapplications.hub.traefik.io,spec.names.kind
provides,hx-app-prod-b,hx-app-prod-b/traefik,api-kind,ManagedSubscription,,hub.traefik.io/ManagedSubscription,rendered,rendered-crd,hx-app-prod-b/traefik,CRD in the effective render declares this API kind,data/kubara-effective-renders/current-platform/hx-app-prod-b/traefik.yaml,apiextensions.k8s.io/v1|CustomResourceDefinition||managedsubscriptions.hub.traefik.io,spec.names.kind
provides,hx-app-prod-b,hx-app-prod-b/traefik,api-kind,Uplink,,hub.traefik.io/Uplink,rendered,rendered-crd,hx-app-prod-b/traefik,CRD in the effective render declares this API kind,data/kubara-effective-renders/current-platform/hx-app-prod-b/traefik.yaml,apiextensions.k8s.io/v1|CustomResourceDefinition||uplinks.hub.traefik.io,spec.names.kind
provides,hx-app-prod-b,hx-app-prod-b/traefik,api-kind,IngressRoute,,traefik.io/IngressRoute,rendered,rendered-crd,hx-app-prod-b/traefik,CRD in the effective render declares this API kind,data/kubara-effective-renders/current-platform/hx-app-prod-b/traefik.yaml,apiextensions.k8s.io/v1|CustomResourceDefinition||ingressroutes.traefik.io,spec.names.kind
provides,hx-app-prod-b,hx-app-prod-b/traefik,api-kind,IngressRouteTCP,,traefik.io/IngressRouteTCP,rendered,rendered-crd,hx-app-prod-b/traefik,CRD in the effective render declares this API kind,data/kubara-effective-renders/current-platform/hx-app-prod-b/traefik.yaml,apiextensions.k8s.io/v1|CustomResourceDefinition||ingressroutetcps.traefik.io,spec.names.kind
provides,hx-app-prod-b,hx-app-prod-b/traefik,api-kind,IngressRouteUDP,,traefik.io/IngressRouteUDP,rendered,rendered-crd,hx-app-prod-b/traefik,CRD in the effective render declares this API kind,data/kubara-effective-renders/current-platform/hx-app-prod-b/traefik.yaml,apiextensions.k8s.io/v1|CustomResourceDefinition||ingressrouteudps.traefik.io,spec.names.kind
provides,hx-app-prod-b,hx-app-prod-b/traefik,api-kind,Middleware,,traefik.io/Middleware,rendered,rendered-crd,hx-app-prod-b/traefik,CRD in the effective render declares this API kind,data/kubara-effective-renders/current-platform/hx-app-prod-b/traefik.yaml,apiextensions.k8s.io/v1|CustomResourceDefinition||middlewares.traefik.io,spec.names.kind
provides,hx-app-prod-b,hx-app-prod-b/traefik,api-kind,MiddlewareTCP,,traefik.io/MiddlewareTCP,rendered,rendered-crd,hx-app-prod-b/traefik,CRD in the effective render declares this API kind,data/kubara-effective-renders/current-platform/hx-app-prod-b/traefik.yaml,apiextensions.k8s.io/v1|CustomResourceDefinition||middlewaretcps.traefik.io,spec.names.kind
provides,hx-app-prod-b,hx-app-prod-b/traefik,api-kind,ServersTransport,,traefik.io/ServersTransport,rendered,rendered-crd,hx-app-prod-b/traefik,CRD in the effective render declares this API kind,data/kubara-effective-renders/current-platform/hx-app-prod-b/traefik.yaml,apiextensions.k8s.io/v1|CustomResourceDefinition||serverstransports.traefik.io,spec.names.kind
provides,hx-app-prod-b,hx-app-prod-b/traefik,api-kind,ServersTransportTCP,,traefik.io/ServersTransportTCP,rendered,rendered-crd,hx-app-prod-b/traefik,CRD in the effective render declares this API kind,data/kubara-effective-renders/current-platform/hx-app-prod-b/traefik.yaml,apiextensions.k8s.io/v1|CustomResourceDefinition||serverstransporttcps.traefik.io,spec.names.kind
provides,hx-app-prod-b,hx-app-prod-b/traefik,api-kind,TLSOption,,traefik.io/TLSOption,rendered,rendered-crd,hx-app-prod-b/traefik,CRD in the effective render declares this API kind,data/kubara-effective-renders/current-platform/hx-app-prod-b/traefik.yaml,apiextensions.k8s.io/v1|CustomResourceDefinition||tlsoptions.traefik.io,spec.names.kind
provides,hx-app-prod-b,hx-app-prod-b/traefik,api-kind,TLSStore,,traefik.io/TLSStore,rendered,rendered-crd,hx-app-prod-b/traefik,CRD in the effective render declares this API kind,data/kubara-effective-renders/current-platform/hx-app-prod-b/traefik.yaml,apiextensions.k8s.io/v1|CustomResourceDefinition||tlsstores.traefik.io,spec.names.kind
provides,hx-app-prod-b,hx-app-prod-b/traefik,api-kind,TraefikService,,traefik.io/TraefikService,rendered,rendered-crd,hx-app-prod-b/traefik,CRD in the effective render declares this API kind,data/kubara-effective-renders/current-platform/hx-app-prod-b/traefik.yaml,apiextensions.k8s.io/v1|CustomResourceDefinition||traefikservices.traefik.io,spec.names.kind
provides,hx-app-prod-b,hx-app-prod-b/traefik,object,ClusterRole,,traefik-traefik,rendered,rendered-object,hx-app-prod-b/traefik,object exists in the committed effective render,data/kubara-effective-renders/current-platform/hx-app-prod-b/traefik.yaml,rbac.authorization.k8s.io/v1|ClusterRole||traefik-traefik,metadata.name
provides,hx-app-prod-b,hx-app-prod-b/traefik,object,Deployment,traefik,traefik,rendered,rendered-object,hx-app-prod-b/traefik,object exists in the committed effective render,data/kubara-effective-renders/current-platform/hx-app-prod-b/traefik.yaml,apps/v1|Deployment|traefik|traefik,metadata.name
provides,hx-app-prod-b,hx-app-prod-b/traefik,object,IngressClass,,traefik,rendered,rendered-object,hx-app-prod-b/traefik,object exists in the committed effective render,data/kubara-effective-renders/current-platform/hx-app-prod-b/traefik.yaml,networking.k8s.io/v1|IngressClass||traefik,metadata.name
provides,hx-app-prod-b,hx-app-prod-b/traefik,object,Namespace,,traefik,rendered,rendered-object,hx-app-prod-b/traefik,object exists in the committed effective render,data/kubara-effective-renders/current-platform/hx-app-prod-b/traefik.yaml,v1|Namespace||traefik,metadata.name
provides,hx-app-prod-b,hx-app-prod-b/traefik,object,Service,traefik,traefik,rendered,rendered-object,hx-app-prod-b/traefik,object exists in the committed effective render,data/kubara-effective-renders/current-platform/hx-app-prod-b/traefik.yaml,v1|Service|traefik|traefik,metadata.name
provides,hx-app-prod-b,hx-app-prod-b/traefik,object,ServiceAccount,traefik,traefik,rendered,rendered-object,hx-app-prod-b/traefik,object exists in the committed effective render,data/kubara-effective-renders/current-platform/hx-app-prod-b/traefik.yaml,v1|ServiceAccount|traefik|traefik,metadata.name
provides,hx-app-prod-b,hx-app-prod-b/traefik,service-endpoint,Service,traefik,traefik,rendered,rendered-object,hx-app-prod-b/traefik,object exists in the committed effective render,data/kubara-effective-renders/current-platform/hx-app-prod-b/traefik.yaml,v1|Service|traefik|traefik,spec.ports[1].port
provides,hx-app-prod-b,hx-app-prod-b/traefik,service-endpoint,Service,traefik,traefik,rendered,rendered-object,hx-app-prod-b/traefik,object exists in the committed effective render,data/kubara-effective-renders/current-platform/hx-app-prod-b/traefik.yaml,v1|Service|traefik|traefik,spec.ports[0].port
provides,hx-app-prod-b,hx-app-prod-b/traefik,service-endpoint,Service,traefik,traefik,rendered,rendered-object,hx-app-prod-b/traefik,object exists in the committed effective render,data/kubara-effective-renders/current-platform/hx-app-prod-b/traefik.yaml,v1|Service|traefik|traefik,spec.ports[0].name
provides,hx-app-prod-b,hx-app-prod-b/traefik,service-endpoint,Service,traefik,traefik,rendered,rendered-object,hx-app-prod-b/traefik,object exists in the committed effective render,data/kubara-effective-renders/current-platform/hx-app-prod-b/traefik.yaml,v1|Service|traefik|traefik,spec.ports[1].name
provides,hx-app-staging,hx-app-staging/cert-manager,api-kind,Challenge,,acme.cert-manager.io/Challenge,rendered,rendered-crd,hx-app-staging/cert-manager,CRD in the effective render declares this API kind,data/kubara-effective-renders/current-platform/hx-app-staging/cert-manager.yaml,apiextensions.k8s.io/v1|CustomResourceDefinition||challenges.acme.cert-manager.io,spec.names.kind
provides,hx-app-staging,hx-app-staging/cert-manager,api-kind,Order,,acme.cert-manager.io/Order,rendered,rendered-crd,hx-app-staging/cert-manager,CRD in the effective render declares this API kind,data/kubara-effective-renders/current-platform/hx-app-staging/cert-manager.yaml,apiextensions.k8s.io/v1|CustomResourceDefinition||orders.acme.cert-manager.io,spec.names.kind
provides,hx-app-staging,hx-app-staging/cert-manager,api-kind,Certificate,,cert-manager.io/Certificate,rendered,rendered-crd,hx-app-staging/cert-manager,CRD in the effective render declares this API kind,data/kubara-effective-renders/current-platform/hx-app-staging/cert-manager.yaml,apiextensions.k8s.io/v1|CustomResourceDefinition||certificates.cert-manager.io,spec.names.kind
provides,hx-app-staging,hx-app-staging/cert-manager,api-kind,CertificateRequest,,cert-manager.io/CertificateRequest,rendered,rendered-crd,hx-app-staging/cert-manager,CRD in the effective render declares this API kind,data/kubara-effective-renders/current-platform/hx-app-staging/cert-manager.yaml,apiextensions.k8s.io/v1|CustomResourceDefinition||certificaterequests.cert-manager.io,spec.names.kind
provides,hx-app-staging,hx-app-staging/cert-manager,api-kind,ClusterIssuer,,cert-manager.io/ClusterIssuer,rendered,rendered-crd,hx-app-staging/cert-manager,CRD in the effective render declares this API kind,data/kubara-effective-renders/current-platform/hx-app-staging/cert-manager.yaml,apiextensions.k8s.io/v1|CustomResourceDefinition||clusterissuers.cert-manager.io,spec.names.kind
provides,hx-app-staging,hx-app-staging/cert-manager,api-kind,Issuer,,cert-manager.io/Issuer,rendered,rendered-crd,hx-app-staging/cert-manager,CRD in the effective render declares this API kind,data/kubara-effective-renders/current-platform/hx-app-staging/cert-manager.yaml,apiextensions.k8s.io/v1|CustomResourceDefinition||issuers.cert-manager.io,spec.names.kind
provides,hx-app-staging,hx-app-staging/cert-manager,helm-hook,Job,cert-manager,cert-manager-startupapicheck,rendered,rendered-hook,hx-app-staging/cert-manager,rendered object carries a Helm hook annotation,data/kubara-effective-renders/current-platform/hx-app-staging/cert-manager.yaml,batch/v1|Job|cert-manager|cert-manager-startupapicheck,metadata.annotations.helm.sh/hook
provides,hx-app-staging,hx-app-staging/cert-manager,helm-hook,Role,cert-manager,cert-manager-startupapicheck:create-cert,rendered,rendered-hook,hx-app-staging/cert-manager,rendered object carries a Helm hook annotation,data/kubara-effective-renders/current-platform/hx-app-staging/cert-manager.yaml,rbac.authorization.k8s.io/v1|Role|cert-manager|cert-manager-startupapicheck:create-cert,metadata.annotations.helm.sh/hook
provides,hx-app-staging,hx-app-staging/cert-manager,helm-hook,RoleBinding,cert-manager,cert-manager-startupapicheck:create-cert,rendered,rendered-hook,hx-app-staging/cert-manager,rendered object carries a Helm hook annotation,data/kubara-effective-renders/current-platform/hx-app-staging/cert-manager.yaml,rbac.authorization.k8s.io/v1|RoleBinding|cert-manager|cert-manager-startupapicheck:create-cert,metadata.annotations.helm.sh/hook
provides,hx-app-staging,hx-app-staging/cert-manager,helm-hook,ServiceAccount,cert-manager,cert-manager-startupapicheck,rendered,rendered-hook,hx-app-staging/cert-manager,rendered object carries a Helm hook annotation,data/kubara-effective-renders/current-platform/hx-app-staging/cert-manager.yaml,v1|ServiceAccount|cert-manager|cert-manager-startupapicheck,metadata.annotations.helm.sh/hook
provides,hx-app-staging,hx-app-staging/cert-manager,object,ClusterIssuer,,selfsigned-root-issuer,rendered,rendered-object,hx-app-staging/cert-manager,object exists in the committed effective render,data/kubara-effective-renders/current-platform/hx-app-staging/cert-manager.yaml,cert-manager.io/v1|ClusterIssuer||selfsigned-root-issuer,metadata.name
provides,hx-app-staging,hx-app-staging/cert-manager,object,ClusterRole,,cert-manager-cainjector,rendered,rendered-object,hx-app-staging/cert-manager,object exists in the committed effective render,data/kubara-effective-renders/current-platform/hx-app-staging/cert-manager.yaml,rbac.authorization.k8s.io/v1|ClusterRole||cert-manager-cainjector,metadata.name
provides,hx-app-staging,hx-app-staging/cert-manager,object,ClusterRole,,cert-manager-cluster-view,rendered,rendered-object,hx-app-staging/cert-manager,object exists in the committed effective render,data/kubara-effective-renders/current-platform/hx-app-staging/cert-manager.yaml,rbac.authorization.k8s.io/v1|ClusterRole||cert-manager-cluster-view,metadata.name
provides,hx-app-staging,hx-app-staging/cert-manager,object,ClusterRole,,cert-manager-controller-approve:cert-manager-io,rendered,rendered-object,hx-app-staging/cert-manager,object exists in the committed effective render,data/kubara-effective-renders/current-platform/hx-app-staging/cert-manager.yaml,rbac.authorization.k8s.io/v1|ClusterRole||cert-manager-controller-approve:cert-manager-io,metadata.name
provides,hx-app-staging,hx-app-staging/cert-manager,object,ClusterRole,,cert-manager-controller-certificates,rendered,rendered-object,hx-app-staging/cert-manager,object exists in the committed effective render,data/kubara-effective-renders/current-platform/hx-app-staging/cert-manager.yaml,rbac.authorization.k8s.io/v1|ClusterRole||cert-manager-controller-certificates,metadata.name
provides,hx-app-staging,hx-app-staging/cert-manager,object,ClusterRole,,cert-manager-controller-certificatesigningrequests,rendered,rendered-object,hx-app-staging/cert-manager,object exists in the committed effective render,data/kubara-effective-renders/current-platform/hx-app-staging/cert-manager.yaml,rbac.authorization.k8s.io/v1|ClusterRole||cert-manager-controller-certificatesigningrequests,metadata.name
provides,hx-app-staging,hx-app-staging/cert-manager,object,ClusterRole,,cert-manager-controller-challenges,rendered,rendered-object,hx-app-staging/cert-manager,object exists in the committed effective render,data/kubara-effective-renders/current-platform/hx-app-staging/cert-manager.yaml,rbac.authorization.k8s.io/v1|ClusterRole||cert-manager-controller-challenges,metadata.name
provides,hx-app-staging,hx-app-staging/cert-manager,object,ClusterRole,,cert-manager-controller-clusterissuers,rendered,rendered-object,hx-app-staging/cert-manager,object exists in the committed effective render,data/kubara-effective-renders/current-platform/hx-app-staging/cert-manager.yaml,rbac.authorization.k8s.io/v1|ClusterRole||cert-manager-controller-clusterissuers,metadata.name
provides,hx-app-staging,hx-app-staging/cert-manager,object,ClusterRole,,cert-manager-controller-ingress-shim,rendered,rendered-object,hx-app-staging/cert-manager,object exists in the committed effective render,data/kubara-effective-renders/current-platform/hx-app-staging/cert-manager.yaml,rbac.authorization.k8s.io/v1|ClusterRole||cert-manager-controller-ingress-shim,metadata.name
provides,hx-app-staging,hx-app-staging/cert-manager,object,ClusterRole,,cert-manager-controller-issuers,rendered,rendered-object,hx-app-staging/cert-manager,object exists in the committed effective render,data/kubara-effective-renders/current-platform/hx-app-staging/cert-manager.yaml,rbac.authorization.k8s.io/v1|ClusterRole||cert-manager-controller-issuers,metadata.name
provides,hx-app-staging,hx-app-staging/cert-manager,object,ClusterRole,,cert-manager-controller-orders,rendered,rendered-object,hx-app-staging/cert-manager,object exists in the committed effective render,data/kubara-effective-renders/current-platform/hx-app-staging/cert-manager.yaml,rbac.authorization.k8s.io/v1|ClusterRole||cert-manager-controller-orders,metadata.name
provides,hx-app-staging,hx-app-staging/cert-manager,object,ClusterRole,,cert-manager-edit,rendered,rendered-object,hx-app-staging/cert-manager,object exists in the committed effective render,data/kubara-effective-renders/current-platform/hx-app-staging/cert-manager.yaml,rbac.authorization.k8s.io/v1|ClusterRole||cert-manager-edit,metadata.name
provides,hx-app-staging,hx-app-staging/cert-manager,object,ClusterRole,,cert-manager-view,rendered,rendered-object,hx-app-staging/cert-manager,object exists in the committed effective render,data/kubara-effective-renders/current-platform/hx-app-staging/cert-manager.yaml,rbac.authorization.k8s.io/v1|ClusterRole||cert-manager-view,metadata.name
provides,hx-app-staging,hx-app-staging/cert-manager,object,ClusterRole,,cert-manager-webhook:subjectaccessreviews,rendered,rendered-object,hx-app-staging/cert-manager,object exists in the committed effective render,data/kubara-effective-renders/current-platform/hx-app-staging/cert-manager.yaml,rbac.authorization.k8s.io/v1|ClusterRole||cert-manager-webhook:subjectaccessreviews,metadata.name
provides,hx-app-staging,hx-app-staging/cert-manager,object,Deployment,cert-manager,cert-manager,rendered,rendered-object,hx-app-staging/cert-manager,object exists in the committed effective render,data/kubara-effective-renders/current-platform/hx-app-staging/cert-manager.yaml,apps/v1|Deployment|cert-manager|cert-manager,metadata.name
provides,hx-app-staging,hx-app-staging/cert-manager,object,Deployment,cert-manager,cert-manager-cainjector,rendered,rendered-object,hx-app-staging/cert-manager,object exists in the committed effective render,data/kubara-effective-renders/current-platform/hx-app-staging/cert-manager.yaml,apps/v1|Deployment|cert-manager|cert-manager-cainjector,metadata.name
provides,hx-app-staging,hx-app-staging/cert-manager,object,Deployment,cert-manager,cert-manager-webhook,rendered,rendered-object,hx-app-staging/cert-manager,object exists in the committed effective render,data/kubara-effective-renders/current-platform/hx-app-staging/cert-manager.yaml,apps/v1|Deployment|cert-manager|cert-manager-webhook,metadata.name
provides,hx-app-staging,hx-app-staging/cert-manager,object,Namespace,,cert-manager,rendered,rendered-object,hx-app-staging/cert-manager,object exists in the committed effective render,data/kubara-effective-renders/current-platform/hx-app-staging/cert-manager.yaml,v1|Namespace||cert-manager,metadata.name
provides,hx-app-staging,hx-app-staging/cert-manager,object,Role,cert-manager,cert-manager-startupapicheck:create-cert,rendered,rendered-object,hx-app-staging/cert-manager,object exists in the committed effective render,data/kubara-effective-renders/current-platform/hx-app-staging/cert-manager.yaml,rbac.authorization.k8s.io/v1|Role|cert-manager|cert-manager-startupapicheck:create-cert,metadata.name
provides,hx-app-staging,hx-app-staging/cert-manager,object,Role,cert-manager,cert-manager-webhook:dynamic-serving,rendered,rendered-object,hx-app-staging/cert-manager,object exists in the committed effective render,data/kubara-effective-renders/current-platform/hx-app-staging/cert-manager.yaml,rbac.authorization.k8s.io/v1|Role|cert-manager|cert-manager-webhook:dynamic-serving,metadata.name
provides,hx-app-staging,hx-app-staging/cert-manager,object,Role,kube-system,cert-manager-cainjector:leaderelection,rendered,rendered-object,hx-app-staging/cert-manager,object exists in the committed effective render,data/kubara-effective-renders/current-platform/hx-app-staging/cert-manager.yaml,rbac.authorization.k8s.io/v1|Role|kube-system|cert-manager-cainjector:leaderelection,metadata.name
provides,hx-app-staging,hx-app-staging/cert-manager,object,Role,kube-system,cert-manager:leaderelection,rendered,rendered-object,hx-app-staging/cert-manager,object exists in the committed effective render,data/kubara-effective-renders/current-platform/hx-app-staging/cert-manager.yaml,rbac.authorization.k8s.io/v1|Role|kube-system|cert-manager:leaderelection,metadata.name
provides,hx-app-staging,hx-app-staging/cert-manager,object,Service,cert-manager,cert-manager,rendered,rendered-object,hx-app-staging/cert-manager,object exists in the committed effective render,data/kubara-effective-renders/current-platform/hx-app-staging/cert-manager.yaml,v1|Service|cert-manager|cert-manager,metadata.name
provides,hx-app-staging,hx-app-staging/cert-manager,object,Service,cert-manager,cert-manager-cainjector,rendered,rendered-object,hx-app-staging/cert-manager,object exists in the committed effective render,data/kubara-effective-renders/current-platform/hx-app-staging/cert-manager.yaml,v1|Service|cert-manager|cert-manager-cainjector,metadata.name
provides,hx-app-staging,hx-app-staging/cert-manager,object,Service,cert-manager,cert-manager-webhook,rendered,rendered-object,hx-app-staging/cert-manager,object exists in the committed effective render,data/kubara-effective-renders/current-platform/hx-app-staging/cert-manager.yaml,v1|Service|cert-manager|cert-manager-webhook,metadata.name
provides,hx-app-staging,hx-app-staging/cert-manager,object,ServiceAccount,cert-manager,cert-manager,rendered,rendered-object,hx-app-staging/cert-manager,object exists in the committed effective render,data/kubara-effective-renders/current-platform/hx-app-staging/cert-manager.yaml,v1|ServiceAccount|cert-manager|cert-manager,metadata.name
provides,hx-app-staging,hx-app-staging/cert-manager,object,ServiceAccount,cert-manager,cert-manager-cainjector,rendered,rendered-object,hx-app-staging/cert-manager,object exists in the committed effective render,data/kubara-effective-renders/current-platform/hx-app-staging/cert-manager.yaml,v1|ServiceAccount|cert-manager|cert-manager-cainjector,metadata.name
provides,hx-app-staging,hx-app-staging/cert-manager,object,ServiceAccount,cert-manager,cert-manager-startupapicheck,rendered,rendered-object,hx-app-staging/cert-manager,object exists in the committed effective render,data/kubara-effective-renders/current-platform/hx-app-staging/cert-manager.yaml,v1|ServiceAccount|cert-manager|cert-manager-startupapicheck,metadata.name
provides,hx-app-staging,hx-app-staging/cert-manager,object,ServiceAccount,cert-manager,cert-manager-webhook,rendered,rendered-object,hx-app-staging/cert-manager,object exists in the committed effective render,data/kubara-effective-renders/current-platform/hx-app-staging/cert-manager.yaml,v1|ServiceAccount|cert-manager|cert-manager-webhook,metadata.name
provides,hx-app-staging,hx-app-staging/cert-manager,service-endpoint,Service,cert-manager,cert-manager-cainjector,rendered,rendered-object,hx-app-staging/cert-manager,object exists in the committed effective render,data/kubara-effective-renders/current-platform/hx-app-staging/cert-manager.yaml,v1|Service|cert-manager|cert-manager-cainjector,spec.ports[0].port
provides,hx-app-staging,hx-app-staging/cert-manager,service-endpoint,Service,cert-manager,cert-manager-cainjector,rendered,rendered-object,hx-app-staging/cert-manager,object exists in the committed effective render,data/kubara-effective-renders/current-platform/hx-app-staging/cert-manager.yaml,v1|Service|cert-manager|cert-manager-cainjector,spec.ports[0].name
provides,hx-app-staging,hx-app-staging/cert-manager,service-endpoint,Service,cert-manager,cert-manager-webhook,rendered,rendered-object,hx-app-staging/cert-manager,object exists in the committed effective render,data/kubara-effective-renders/current-platform/hx-app-staging/cert-manager.yaml,v1|Service|cert-manager|cert-manager-webhook,spec.ports[0].port
provides,hx-app-staging,hx-app-staging/cert-manager,service-endpoint,Service,cert-manager,cert-manager-webhook,rendered,rendered-object,hx-app-staging/cert-manager,object exists in the committed effective render,data/kubara-effective-renders/current-platform/hx-app-staging/cert-manager.yaml,v1|Service|cert-manager|cert-manager-webhook,spec.ports[1].port
provides,hx-app-staging,hx-app-staging/cert-manager,service-endpoint,Service,cert-manager,cert-manager-webhook,rendered,rendered-object,hx-app-staging/cert-manager,object exists in the committed effective render,data/kubara-effective-renders/current-platform/hx-app-staging/cert-manager.yaml,v1|Service|cert-manager|cert-manager-webhook,spec.ports[0].name
provides,hx-app-staging,hx-app-staging/cert-manager,service-endpoint,Service,cert-manager,cert-manager-webhook,rendered,rendered-object,hx-app-staging/cert-manager,object exists in the committed effective render,data/kubara-effective-renders/current-platform/hx-app-staging/cert-manager.yaml,v1|Service|cert-manager|cert-manager-webhook,spec.ports[1].name
provides,hx-app-staging,hx-app-staging/cert-manager,service-endpoint,Service,cert-manager,cert-manager,rendered,rendered-object,hx-app-staging/cert-manager,object exists in the committed effective render,data/kubara-effective-renders/current-platform/hx-app-staging/cert-manager.yaml,v1|Service|cert-manager|cert-manager,spec.ports[0].port
provides,hx-app-staging,hx-app-staging/cert-manager,service-endpoint,Service,cert-manager,cert-manager,rendered,rendered-object,hx-app-staging/cert-manager,object exists in the committed effective render,data/kubara-effective-renders/current-platform/hx-app-staging/cert-manager.yaml,v1|Service|cert-manager|cert-manager,spec.ports[0].name
provides,hx-app-staging,hx-app-staging/traefik,api-kind,AccessControlPolicy,,hub.traefik.io/AccessControlPolicy,rendered,rendered-crd,hx-app-staging/traefik,CRD in the effective render declares this API kind,data/kubara-effective-renders/current-platform/hx-app-staging/traefik.yaml,apiextensions.k8s.io/v1|CustomResourceDefinition||accesscontrolpolicies.hub.traefik.io,spec.names.kind
provides,hx-app-staging,hx-app-staging/traefik,api-kind,AIService,,hub.traefik.io/AIService,rendered,rendered-crd,hx-app-staging/traefik,CRD in the effective render declares this API kind,data/kubara-effective-renders/current-platform/hx-app-staging/traefik.yaml,apiextensions.k8s.io/v1|CustomResourceDefinition||aiservices.hub.traefik.io,spec.names.kind
provides,hx-app-staging,hx-app-staging/traefik,api-kind,API,,hub.traefik.io/API,rendered,rendered-crd,hx-app-staging/traefik,CRD in the effective render declares this API kind,data/kubara-effective-renders/current-platform/hx-app-staging/traefik.yaml,apiextensions.k8s.io/v1|CustomResourceDefinition||apis.hub.traefik.io,spec.names.kind
provides,hx-app-staging,hx-app-staging/traefik,api-kind,APIAuth,,hub.traefik.io/APIAuth,rendered,rendered-crd,hx-app-staging/traefik,CRD in the effective render declares this API kind,data/kubara-effective-renders/current-platform/hx-app-staging/traefik.yaml,apiextensions.k8s.io/v1|CustomResourceDefinition||apiauths.hub.traefik.io,spec.names.kind
provides,hx-app-staging,hx-app-staging/traefik,api-kind,APIBundle,,hub.traefik.io/APIBundle,rendered,rendered-crd,hx-app-staging/traefik,CRD in the effective render declares this API kind,data/kubara-effective-renders/current-platform/hx-app-staging/traefik.yaml,apiextensions.k8s.io/v1|CustomResourceDefinition||apibundles.hub.traefik.io,spec.names.kind
provides,hx-app-staging,hx-app-staging/traefik,api-kind,APICatalogItem,,hub.traefik.io/APICatalogItem,rendered,rendered-crd,hx-app-staging/traefik,CRD in the effective render declares this API kind,data/kubara-effective-renders/current-platform/hx-app-staging/traefik.yaml,apiextensions.k8s.io/v1|CustomResourceDefinition||apicatalogitems.hub.traefik.io,spec.names.kind
provides,hx-app-staging,hx-app-staging/traefik,api-kind,APIPlan,,hub.traefik.io/APIPlan,rendered,rendered-crd,hx-app-staging/traefik,CRD in the effective render declares this API kind,data/kubara-effective-renders/current-platform/hx-app-staging/traefik.yaml,apiextensions.k8s.io/v1|CustomResourceDefinition||apiplans.hub.traefik.io,spec.names.kind
provides,hx-app-staging,hx-app-staging/traefik,api-kind,APIPortal,,hub.traefik.io/APIPortal,rendered,rendered-crd,hx-app-staging/traefik,CRD in the effective render declares this API kind,data/kubara-effective-renders/current-platform/hx-app-staging/traefik.yaml,apiextensions.k8s.io/v1|CustomResourceDefinition||apiportals.hub.traefik.io,spec.names.kind
provides,hx-app-staging,hx-app-staging/traefik,api-kind,APIPortalAuth,,hub.traefik.io/APIPortalAuth,rendered,rendered-crd,hx-app-staging/traefik,CRD in the effective render declares this API kind,data/kubara-effective-renders/current-platform/hx-app-staging/traefik.yaml,apiextensions.k8s.io/v1|CustomResourceDefinition||apiportalauths.hub.traefik.io,spec.names.kind
provides,hx-app-staging,hx-app-staging/traefik,api-kind,APIRateLimit,,hub.traefik.io/APIRateLimit,rendered,rendered-crd,hx-app-staging/traefik,CRD in the effective render declares this API kind,data/kubara-effective-renders/current-platform/hx-app-staging/traefik.yaml,apiextensions.k8s.io/v1|CustomResourceDefinition||apiratelimits.hub.traefik.io,spec.names.kind
provides,hx-app-staging,hx-app-staging/traefik,api-kind,APIVersion,,hub.traefik.io/APIVersion,rendered,rendered-crd,hx-app-staging/traefik,CRD in the effective render declares this API kind,data/kubara-effective-renders/current-platform/hx-app-staging/traefik.yaml,apiextensions.k8s.io/v1|CustomResourceDefinition||apiversions.hub.traefik.io,spec.names.kind
provides,hx-app-staging,hx-app-staging/traefik,api-kind,ContentItem,,hub.traefik.io/ContentItem,rendered,rendered-crd,hx-app-staging/traefik,CRD in the effective render declares this API kind,data/kubara-effective-renders/current-platform/hx-app-staging/traefik.yaml,apiextensions.k8s.io/v1|CustomResourceDefinition||contentitems.hub.traefik.io,spec.names.kind
provides,hx-app-staging,hx-app-staging/traefik,api-kind,ManagedApplication,,hub.traefik.io/ManagedApplication,rendered,rendered-crd,hx-app-staging/traefik,CRD in the effective render declares this API kind,data/kubara-effective-renders/current-platform/hx-app-staging/traefik.yaml,apiextensions.k8s.io/v1|CustomResourceDefinition||managedapplications.hub.traefik.io,spec.names.kind
provides,hx-app-staging,hx-app-staging/traefik,api-kind,ManagedSubscription,,hub.traefik.io/ManagedSubscription,rendered,rendered-crd,hx-app-staging/traefik,CRD in the effective render declares this API kind,data/kubara-effective-renders/current-platform/hx-app-staging/traefik.yaml,apiextensions.k8s.io/v1|CustomResourceDefinition||managedsubscriptions.hub.traefik.io,spec.names.kind
provides,hx-app-staging,hx-app-staging/traefik,api-kind,Uplink,,hub.traefik.io/Uplink,rendered,rendered-crd,hx-app-staging/traefik,CRD in the effective render declares this API kind,data/kubara-effective-renders/current-platform/hx-app-staging/traefik.yaml,apiextensions.k8s.io/v1|CustomResourceDefinition||uplinks.hub.traefik.io,spec.names.kind
provides,hx-app-staging,hx-app-staging/traefik,api-kind,IngressRoute,,traefik.io/IngressRoute,rendered,rendered-crd,hx-app-staging/traefik,CRD in the effective render declares this API kind,data/kubara-effective-renders/current-platform/hx-app-staging/traefik.yaml,apiextensions.k8s.io/v1|CustomResourceDefinition||ingressroutes.traefik.io,spec.names.kind
provides,hx-app-staging,hx-app-staging/traefik,api-kind,IngressRouteTCP,,traefik.io/IngressRouteTCP,rendered,rendered-crd,hx-app-staging/traefik,CRD in the effective render declares this API kind,data/kubara-effective-renders/current-platform/hx-app-staging/traefik.yaml,apiextensions.k8s.io/v1|CustomResourceDefinition||ingressroutetcps.traefik.io,spec.names.kind
provides,hx-app-staging,hx-app-staging/traefik,api-kind,IngressRouteUDP,,traefik.io/IngressRouteUDP,rendered,rendered-crd,hx-app-staging/traefik,CRD in the effective render declares this API kind,data/kubara-effective-renders/current-platform/hx-app-staging/traefik.yaml,apiextensions.k8s.io/v1|CustomResourceDefinition||ingressrouteudps.traefik.io,spec.names.kind
provides,hx-app-staging,hx-app-staging/traefik,api-kind,Middleware,,traefik.io/Middleware,rendered,rendered-crd,hx-app-staging/traefik,CRD in the effective render declares this API kind,data/kubara-effective-renders/current-platform/hx-app-staging/traefik.yaml,apiextensions.k8s.io/v1|CustomResourceDefinition||middlewares.traefik.io,spec.names.kind
provides,hx-app-staging,hx-app-staging/traefik,api-kind,MiddlewareTCP,,traefik.io/MiddlewareTCP,rendered,rendered-crd,hx-app-staging/traefik,CRD in the effective render declares this API kind,data/kubara-effective-renders/current-platform/hx-app-staging/traefik.yaml,apiextensions.k8s.io/v1|CustomResourceDefinition||middlewaretcps.traefik.io,spec.names.kind
provides,hx-app-staging,hx-app-staging/traefik,api-kind,ServersTransport,,traefik.io/ServersTransport,rendered,rendered-crd,hx-app-staging/traefik,CRD in the effective render declares this API kind,data/kubara-effective-renders/current-platform/hx-app-staging/traefik.yaml,apiextensions.k8s.io/v1|CustomResourceDefinition||serverstransports.traefik.io,spec.names.kind
provides,hx-app-staging,hx-app-staging/traefik,api-kind,ServersTransportTCP,,traefik.io/ServersTransportTCP,rendered,rendered-crd,hx-app-staging/traefik,CRD in the effective render declares this API kind,data/kubara-effective-renders/current-platform/hx-app-staging/traefik.yaml,apiextensions.k8s.io/v1|CustomResourceDefinition||serverstransporttcps.traefik.io,spec.names.kind
provides,hx-app-staging,hx-app-staging/traefik,api-kind,TLSOption,,traefik.io/TLSOption,rendered,rendered-crd,hx-app-staging/traefik,CRD in the effective render declares this API kind,data/kubara-effective-renders/current-platform/hx-app-staging/traefik.yaml,apiextensions.k8s.io/v1|CustomResourceDefinition||tlsoptions.traefik.io,spec.names.kind
provides,hx-app-staging,hx-app-staging/traefik,api-kind,TLSStore,,traefik.io/TLSStore,rendered,rendered-crd,hx-app-staging/traefik,CRD in the effective render declares this API kind,data/kubara-effective-renders/current-platform/hx-app-staging/traefik.yaml,apiextensions.k8s.io/v1|CustomResourceDefinition||tlsstores.traefik.io,spec.names.kind
provides,hx-app-staging,hx-app-staging/traefik,api-kind,TraefikService,,traefik.io/TraefikService,rendered,rendered-crd,hx-app-staging/traefik,CRD in the effective render declares this API kind,data/kubara-effective-renders/current-platform/hx-app-staging/traefik.yaml,apiextensions.k8s.io/v1|CustomResourceDefinition||traefikservices.traefik.io,spec.names.kind
provides,hx-app-staging,hx-app-staging/traefik,object,ClusterRole,,traefik-traefik,rendered,rendered-object,hx-app-staging/traefik,object exists in the committed effective render,data/kubara-effective-renders/current-platform/hx-app-staging/traefik.yaml,rbac.authorization.k8s.io/v1|ClusterRole||traefik-traefik,metadata.name
provides,hx-app-staging,hx-app-staging/traefik,object,Deployment,traefik,traefik,rendered,rendered-object,hx-app-staging/traefik,object exists in the committed effective render,data/kubara-effective-renders/current-platform/hx-app-staging/traefik.yaml,apps/v1|Deployment|traefik|traefik,metadata.name
provides,hx-app-staging,hx-app-staging/traefik,object,IngressClass,,traefik,rendered,rendered-object,hx-app-staging/traefik,object exists in the committed effective render,data/kubara-effective-renders/current-platform/hx-app-staging/traefik.yaml,networking.k8s.io/v1|IngressClass||traefik,metadata.name
provides,hx-app-staging,hx-app-staging/traefik,object,Namespace,,traefik,rendered,rendered-object,hx-app-staging/traefik,object exists in the committed effective render,data/kubara-effective-renders/current-platform/hx-app-staging/traefik.yaml,v1|Namespace||traefik,metadata.name
provides,hx-app-staging,hx-app-staging/traefik,object,Service,traefik,traefik,rendered,rendered-object,hx-app-staging/traefik,object exists in the committed effective render,data/kubara-effective-renders/current-platform/hx-app-staging/traefik.yaml,v1|Service|traefik|traefik,metadata.name
provides,hx-app-staging,hx-app-staging/traefik,object,ServiceAccount,traefik,traefik,rendered,rendered-object,hx-app-staging/traefik,object exists in the committed effective render,data/kubara-effective-renders/current-platform/hx-app-staging/traefik.yaml,v1|ServiceAccount|traefik|traefik,metadata.name
provides,hx-app-staging,hx-app-staging/traefik,service-endpoint,Service,traefik,traefik,rendered,rendered-object,hx-app-staging/traefik,object exists in the committed effective render,data/kubara-effective-renders/current-platform/hx-app-staging/traefik.yaml,v1|Service|traefik|traefik,spec.ports[1].port
provides,hx-app-staging,hx-app-staging/traefik,service-endpoint,Service,traefik,traefik,rendered,rendered-object,hx-app-staging/traefik,object exists in the committed effective render,data/kubara-effective-renders/current-platform/hx-app-staging/traefik.yaml,v1|Service|traefik|traefik,spec.ports[0].port
provides,hx-app-staging,hx-app-staging/traefik,service-endpoint,Service,traefik,traefik,rendered,rendered-object,hx-app-staging/traefik,object exists in the committed effective render,data/kubara-effective-renders/current-platform/hx-app-staging/traefik.yaml,v1|Service|traefik|traefik,spec.ports[0].name
provides,hx-app-staging,hx-app-staging/traefik,service-endpoint,Service,traefik,traefik,rendered,rendered-object,hx-app-staging/traefik,object exists in the committed effective render,data/kubara-effective-renders/current-platform/hx-app-staging/traefik.yaml,v1|Service|traefik|traefik,spec.ports[1].name
